timestamp,coin,price,market_cap,volume,market_cap_rank,ath,atl,log_return_1d,volatility_7d,volatility_14d,rsi_14,volume_to_marketcap,circulating_supply_history,distance_from_ath,distance_from_atl,has_max_supply,ma_7,ma_14,ma_30,price_to_ma7,price_to_ma30,macd,macd_signal,macd_histogram,momentum_5d,momentum_10d,momentum_acceleration
2025-02-12,bitcoin,95739.98,1898788887978.0,36454577155.0,1,126080.0,67.81,,0.0,0.0,50.0,0.01919885743265545,19832769.0,-0.2406410215736041,1410.8858575431352,1,95739.98,95739.98,95739.98,0.0,0.0,0.0,0.0,0.0,0.0,0.0,0.0
2025-02-13,bitcoin,97836.19,1936842454814.0,47115618235.0,1,126080.0,67.81,0.02165857442707928,0.0,0.0,50.0,0.024325994155020025,19796789.0,-0.22401499048223347,1441.798849727179,1,97836.19,97836.19,97836.19,0.0,0.0,167.2190313390456,33.44380626780912,133.7752250712365,0.0,0.0,0.0
2025-02-14,bitcoin,96561.66,1914315097486.0,29084371911.0,1,126080.0,67.81,-0.013112781467217022,0.0,0.0,50.0,0.015193095404824128,19824795.0,-0.2341238895939086,1423.003244359239,1,96561.66,96561.66,96561.66,0.0,0.0,194.65355411077326,65.68575583640195,128.96779827437132,0.0,0.0,0.0
2025-02-15,bitcoin,97488.48,1931656846871.0,32289906945.0,1,126080.0,67.81,0.009552449151830483,0.0,0.0,50.0,0.016716171403479297,19814206.0,-0.22677284263959394,1436.67113994986,1,97488.48,97488.48,97488.48,0.0,0.0,287.8639231870766,110.12138930653688,177.7425338805397,0.0,0.0,0.0
2025-02-16,bitcoin,97569.95,1934308378710.0,14215311318.0,1,126080.0,67.81,0.0008353394901971008,0.0,0.0,50.0,0.007349040863629129,19824837.0,-0.22612666560913708,1437.87258516443,1,97569.95,97569.95,97569.95,0.0,0.0,364.11052091707825,160.91921562864516,203.19130528843309,0.0,0.0,0.0
2025-02-17,bitcoin,96149.35,1905012222220.0,13634794999.0,1,126080.0,67.81,-0.014666844925601939,0.0,0.0,50.0,0.007157326782455356,19813054.0,-0.2373941148477157,1416.9228727326354,1,96149.35,96149.35,96149.35,0.0,0.0,306.374259640972,190.01022443111054,116.36403520986147,0.004275852157061388,0.0,0.0
2025-02-18,bitcoin,95776.16,1898997753782.0,25324374113.0,1,126080.0,67.81,-0.0038889095079833237,0.0,0.0,50.0,0.013335652484351054,19827458.0,-0.24035406091370556,1411.4194071670845,1,96731.68142857144,95776.16,95776.16,-0.009878060780707174,0.0,227.8777100982552,197.58372156453947,30.29398853371572,-0.021055909883653467,0.0,0.0
2025-02-19,bitcoin,95495.89,1892702154845.0,38311133145.0,1,126080.0,67.81,-0.0029305923221771553,0.01272060890313053,0.0,50.0,0.02024150130908338,19819724.0,-0.24257701459390862,1407.286240967409,1,96696.81142857144,95495.89,95495.89,-0.01241945221180891,0.0,141.42294666622183,186.35156658487597,-44.928619918654135,-0.011037196336517008,0.0,0.0
2025-02-20,bitcoin,96554.87,1914337919660.0,27703222487.0,1,126080.0,67.81,0.011028237877525219,0.009995955309507915,0.0,50.0,0.014471437985160054,19826425.0,-0.23417774428934013,1422.903111635452,1,96513.7657142857,96554.87,96554.87,0.0004258903940809051,0.0,156.5531126762653,180.39187580315385,-23.83876312688855,-0.009576618693818983,0.0,0.0
2025-02-21,bitcoin,98384.32,1950376106325.0,24175261970.0,1,126080.0,67.81,0.018769993978324552,0.011215734029566863,0.0,50.0,0.012395179520298926,19824054.0,-0.21966751269035528,1449.8821707712727,1,96774.14571428571,98384.32,98384.32,0.016638475843208645,0.0,312.5621816280036,206.8259369681238,105.73624465987979,0.008346524724057058,0.0,0.0
2025-02-22,bitcoin,96135.16,1906058197506.0,42477472951.0,1,126080.0,67.81,-0.023126323818093656,0.014261669019363854,0.0,50.0,0.022285506815363797,19826858.0,-0.2375066624365482,1416.7136115617166,1,96580.8142857143,96135.16,96135.16,-0.0046143148513525314,0.0,251.80937603031634,215.82262478056234,35.98675124975401,-0.00014758290097649507,0.004127638213419438,-0.004275221114395933
2025-02-23,bitcoin,96564.15,1915260330871.0,18464415571.0,1,126080.0,67.81,0.004452436375594804,0.014445733791983384,0.0,50.0,0.009640681881926185,19834072.0,-0.23410414022842643,1423.03996460699,1,96437.12857142858,96564.15,96564.15,0.0013171423750691182,0.0,235.56282604890293,219.7706650342305,15.792161014672445,0.008227412750730245,-0.013001732794378107,0.021229145545108352
2025-02-24,bitcoin,96327.46,1909625674815.0,16643044375.0,1,126080.0,67.81,-0.002454125597203089,0.013277996592053004,0.0,50.0,0.008715343846962226,19824313.0,-0.2359814403553299,1419.5494764783955,1,96462.57285714286,96327.46,96327.46,-0.001400676481467614,0.0,201.26831736204622,216.07019549979364,-14.801878137747423,0.008707914026457209,-0.0024253932668514278,0.011133307293308636
2025-02-25,bitcoin,91396.77,1814176779160.0,45539703844.0,1,126080.0,67.81,-0.05254329006034353,0.024121407380906228,0.0,50.0,0.02510213137282343,19849463.0,-0.27508907043147207,1346.8361598584281,1,95836.94571428571,96284.31357142857,91396.77,-0.04633052192129538,0.0,-221.22565175002092,128.61102604983074,-349.83667779985166,-0.05342143798650434,-0.062486459938651095,0.009065021952146757
2025-02-26,bitcoin,88755.77,1759750360550.0,96742453403.0,1,126080.0,67.81,-0.029321698340462832,0.025461782908831658,0.02003294817501561,32.388056314161005,0.054975100770977364,19826884.0,-0.2960360881979695,1307.8891019023743,1,94874.07142857143,95785.44142857143,88755.77,-0.06448865676833278,0.0,-760.3964178435272,-49.190462728840856,-711.2059551146863,-0.09786671290709736,-0.09033703512198166,-0.007529677785115707
2025-02-27,bitcoin,83900.11,1664314955448.0,69277430796.0,1,126080.0,67.81,-0.05626151576978271,0.028517507672898956,0.022594333470147755,19.15090204759268,0.041625192737243605,19836863.0,-0.33454861992385787,1236.2822592537973,1,93066.24857142857,94790.00714285715,83900.11,-0.09849047009124406,0.0,-1561.5042668587266,-351.65322355481806,-1209.8510433039087,-0.12726925299755054,-0.1273980531329646,0.00012880013541405333
2025-02-28,bitcoin,84709.14,1679555320077.0,81960688218.0,1,126080.0,67.81,0.009596581550735157,0.02658020285902465,0.02323523684032745,23.21101166259828,0.04879904057833741,19827321.0,-0.32813182106598987,1248.2130954136558,1,91112.65142857144,93943.39857142857,84709.14,-0.07028125433921244,0.0,-2106.8199403964536,-702.6865669231452,-1404.1333734733084,-0.12276823230981682,-0.11555088447897688,-0.0072173478308399375
2025-03-01,bitcoin,84441.9,1674754437110.0,80695237175.0,1,126080.0,67.81,-0.0031597821964160612,0.027419598195645743,0.02268133508171565,19.60599037759954,0.04818332490239573,19833216.0,-0.3302514276649747,1244.2720837634565,1,89442.18571428572,93011.5,84441.9,-0.05590522720742365,0.0,-2531.3705115112534,-1068.4233558407668,-1462.9471556704866,-0.1233870383377701,-0.11575356803313741,-0.0076334703046326835
2025-03-02,bitcoin,86005.26,1705564098301.0,30634474723.0,1,126080.0,67.81,0.018344733262593338,0.02976271455671783,0.023795701751706793,24.798348697345872,0.017961491305730798,19830928.0,-0.31785168147208126,1267.327090399646,1,87933.77285714285,92185.45071428572,86005.26,-0.02193142400788274,0.0,-2710.43559701131,-1396.8258040748756,-1313.6097929364346,-0.05899015906141991,-0.10926025792381056,0.050270098862390644
2025-03-03,bitcoin,94261.53,1868321705444.0,61859112551.0,1,126080.0,67.81,0.0916646958895685,0.05092444407803833,0.035795547351881826,46.83038739448447,0.03310945452849588,19820617.0,-0.2523673064720812,1389.0830261023448,1,87638.64,92050.60642857142,94261.53,0.07557043331571553,0.0,-2161.220771155131,-1549.7047974909267,-611.5159736642042,0.06203269939520539,-0.04190494989445481,0.1039376492896602
2025-03-04,bitcoin,86124.71,1708198960874.0,68715362745.0,1,126080.0,67.81,-0.09027679093409186,0.058469020544243355,0.042979574894349136,37.14634794043514,0.04022679109337579,19834017.0,-0.31690426713197967,1269.088629995576,1,86885.48857142858,91361.21714285715,86124.71,-0.008756106272028785,0.0,-2355.386012764604,-1710.8410405456623,-644.5449722189417,0.02651486392568514,-0.10412891599701912,0.13064377992270426
2025-03-05,bitcoin,87310.81,1731441668070.0,65863356680.0,1,126080.0,67.81,0.01367791893819279,0.05817341558437705,0.04334564162783711,39.35604783840804,0.03803960473783471,19830782.0,-0.3074967480964467,1286.580150420292,1,86679.06571428571,90776.56857142858,87310.81,0.0072883144333450054,0.0,-2386.050107897201,-1845.8828540159702,-540.1672538812309,0.0307129785522553,-0.09582583184339111,0.1265388103956464
2025-03-06,bitcoin,90604.08,1797706868228.0,51606642860.0,1,126080.0,67.81,0.03702496408004874,0.05432105691028473,0.044685847062820055,42.68652358080245,0.028706928683466998,19841346.0,-0.281376269035533,1335.1462911075064,1,87636.7757142857,90351.51214285714,90604.08,0.03385912205839631,0.0,-2120.172232483761,-1900.7407297095285,-219.4315027742325,0.07297538307404272,-0.059415871652797714,0.13239125472684043
2025-03-07,bitcoin,90001.4,1782785866812.0,47555759125.0,1,126080.0,67.81,-0.006674019382722084,0.054736721753648424,0.04417925882083535,39.37713397078739,0.026674969782007417,19808424.0,-0.2861564086294417,1326.2585164430025,1,88392.81285714285,89752.73214285714,90001.4,0.018198166693222887,0.0,-1935.778885849475,-1907.748360937518,-28.030524911956945,0.04646390232411357,-0.015267169726019936,0.061731072050133506
2025-03-08,bitcoin,86773.34,1720436931689.0,63216440875.0,1,126080.0,67.81,-0.03652579413370046,0.05732870890033028,0.04471232802777977,38.42386436197967,0.03674441051026421,19826792.0,-0.3117596763959391,1278.6540333284177,1,88725.87571428569,89084.0307142857,86773.34,-0.022006384254501295,0.0,-2026.760065713228,-1931.55070189266,-95.20936382056789,-0.07944057347679379,-0.022335787295857057,-0.05710478618093673
2025-03-09,bitcoin,86142.98,1708605516770.0,18809360803.0,1,126080.0,67.81,-0.007290957757956979,0.05706971964246959,0.044584492355983385,37.17780468796717,0.011008603576651087,19834530.0,-0.3167593591370559,1269.3580592832914,1,88745.55,88339.66142857143,86142.98,-0.029326202834959125,0.0,-2125.229764287811,-1970.2865143716904,-154.94324991612075,0.00021213424114852053,0.02673262287737166,-0.02652048863622314
2025-03-10,bitcoin,80751.14,1602073794580.0,32013406241.0,1,126080.0,67.81,-0.06463639422300509,0.04453203465472032,0.04700433848962027,32.99245420307919,0.01998247917749172,19839643.0,-0.3595245875634518,1189.844123285651,1,86815.49428571427,87227.06714285714,80751.14,-0.06985336356844518,0.0,-2608.277536512469,-2097.8847187998463,-510.3928177126227,-0.07513010130131648,-0.04672459193895728,-0.028405509362359194
2025-03-11,bitcoin,78783.94,1563547150148.0,49983692766.0,1,126080.0,67.81,-0.024662910664427842,0.03327186142800407,0.04575583396786163,35.275324669866535,0.031968139087630784,19846014.0,-0.37512737944162433,1160.8336528535615,1,85766.81285714285,86326.1507142857,78783.94,-0.08141695633221029,0.0,-3113.9374431100005,-2301.095263661877,-812.8421794481233,-0.13045924642687168,-0.06700417683638094,-0.06345506959049074
2025-03-12,bitcoin,82799.11,1642997419532.0,56404462275.0,1,126080.0,67.81,0.049708143555431045,0.040119728135760944,0.04808513285189437,43.262163298196995,0.034330219636660504,19843177.0,-0.3432811706852792,1220.0457159710957,1,85122.28428571428,85900.67500000002,82799.11,-0.027292198573014216,0.0,-3154.324806477176,-2471.741172224937,-682.5836342522389,-0.08002419962356133,-0.03727853389432223,-0.0427456657292391
2025-03-13,bitcoin,83884.25,1662502658718.0,41782186209.0,1,126080.0,67.81,0.013020559829393923,0.03653774448488439,0.045915679862017666,49.9803870842643,0.025132101888618544,19819008.0,-0.334674413071066,1236.0483704468368,1,84162.30857142857,85899.54214285714,90774.32866666667,-0.0033038372657349514,-0.07590338334495203,-3063.456731548591,-2590.084284089668,-473.37244745892303,-0.03329467322567048,-0.1100902987676945,0.07679562554202402
2025-03-14,bitcoin,81098.9,1608477373718.0,32583592655.0,1,126080.0,67.81,-0.03376847484303636,0.037426332261109224,0.04667396444615689,45.743530950843756,0.020257414364295925,19833529.0,-0.3567663388324874,1194.9725704173425,1,82890.52285714285,85641.66785714286,90286.29266666666,-0.021614326890308223,-0.1017584441149461,-3179.5457699202234,-2707.9765812557794,-471.569188664444,-0.05855474235973723,-0.058355029584424845,-0.0001997127753123884
2025-03-15,bitcoin,83971.71,1665725559906.0,28571483950.0,1,126080.0,67.81,0.034810558876450425,0.04016201793710129,0.047761448377967385,49.47773413991914,0.017152575813036298,19836747.0,-0.3339807265228426,1237.3381507152337,1,82490.29000000001,85608.08285714286,89824.14333333334,0.017958719747499956,-0.06515434621642,-3005.0945518931985,-2767.400175383263,-237.6943765099354,0.03988265676496949,-0.03824383257926467,0.07812648934423416
2025-03-16,bitcoin,84391.69,1674173293916.0,10761796127.0,1,126080.0,67.81,0.0049889806348128,0.04029736230904785,0.047490884365234604,48.16100822752135,0.006428125550747175,19838130.0,-0.33064966687817254,1243.5316325025808,1,82240.10571428572,85492.82785714285,89418.47766666667,0.02616222665361359,-0.0562164308523064,-2800.6674773490377,-2774.053635776418,-26.61384157261955,0.07117884685635167,-0.06856633829293335,0.13974518514928502
2025-03-17,bitcoin,82610.62,1638672153484.0,21638031633.0,1,126080.0,67.81,-0.02133069334788964,0.03164022856491825,0.039374779887500586,34.42218855835607,0.013204613007547073,19836096.0,-0.3447761738578681,1217.2660374576021,1,82505.74571428572,84660.62,88922.54899999998,0.0012711149363761223,-0.07098232193051494,-2750.6670345882303,-2769.3763155387805,18.709280950550237,-0.0022764737447057426,-0.08211850037888302,0.07984202663417728
2025-03-18,bitcoin,84075.37,1667799227887.0,19659366247.0,1,126080.0,67.81,0.01757541475833351,0.02937586373117696,0.032243981447687434,46.664896051202014,0.011787609634468545,19836954.0,-0.3331585501269036,1238.8668338003245,1,83261.66428571429,84514.23857142856,88472.72966666667,0.009772873521882277,-0.0497029952984873,-2563.3001118031098,-2728.1610747916466,164.8609629885368,0.002278377645386298,-0.031092153419471913,0.03337053106485821
2025-03-19,bitcoin,82780.03,1642578274106.0,24557570269.0,1,126080.0,67.81,-0.0155268097223405,0.024329261270094323,0.03211561402881533,42.65271452488275,0.014950624062263248,19842688.0,-0.34343250317258883,1219.7643415425453,1,83258.93857142857,84190.61142857141,88027.08566666668,-0.005752037915036784,-0.05960728594986975,-2490.623233703067,-2680.653506573931,190.03027287086388,0.020729381039693573,-0.03903916488609982,0.05976854592579339
2025-03-20,bitcoin,86815.44,1721565138141.0,33871216993.0,1,126080.0,67.81,0.04759763730493314,0.030218532629827967,0.033253746735527515,44.000600472016615,0.019674664781824752,19830172.0,-0.3114257614213198,1279.2748857100723,1,83677.68000000001,83919.99428571427,87728.395,0.037498171555425466,-0.010406607803550967,-2083.38644050555,-2561.200093360255,477.81365285470474,0.033865333932106445,0.0750986301865213,-0.04123329625441485
2025-03-21,bitcoin,84270.84,1672550706503.0,27579127651.0,1,126080.0,67.81,-0.029748588337121837,0.02938783755525259,0.034010352567393834,41.451283942395946,0.016489262504132355,19847324.0,-0.33160818527918784,1241.7494469842206,1,84130.81428571428,83510.66857142856,87354.22666666665,0.001664380827340836,-0.03529750974079932,-1943.5720134647127,-2437.6744773811465,494.10246391643386,-0.001432013033510815,0.06964490478643226,-0.07107691781994308
2025-03-22,bitcoin,84009.53,1666749159154.0,18091004976.0,1,126080.0,67.81,-0.0031056529056789402,0.026425981943061654,0.03275431139403739,45.476628239367635,0.010854065758270753,19840001.0,-0.33368075824873095,1237.8958855626013,1,84136.21714285715,83313.25357142858,86936.04866666667,-0.0015057385173621626,-0.033662890268772554,-1832.727069048502,-2316.684995714618,483.9579266661158,0.01693377921628003,0.014618756167789737,0.0023150230484902945
2025-03-23,bitcoin,83793.31,1662574363664.0,7771134682.0,1,126080.0,67.81,-0.0025770734233733243,0.026345594284980744,0.032723406987394996,46.10158085677055,0.0046741576508336664,19841374.0,-0.335395701142132,1234.707270314113,1,84050.73428571426,83145.42000000001,86449.68166666666,-0.0030627250065323993,-0.030727373605713402,-1742.2452799013554,-2201.7970525519654,459.55177265061,-0.003354846966477809,-0.001084112929423564,-0.002270734037054245
2025-03-24,bitcoin,85787.71,1702009594329.0,12617587531.0,1,126080.0,67.81,0.02352258477517657,0.02603409078745742,0.027858540703347874,59.41811042027021,0.007413346888901854,19839784.0,-0.3195771732233502,1264.1188615248489,1,84504.60428571429,83505.175,86104.76666666666,0.015183855662437903,-0.0036822196835404357,-1492.4029062971676,-2059.918223301006,567.5153170038384,0.03633340070062796,0.057815950647912784,-0.021482549947284824
2025-03-25,bitcoin,87327.73,1732715331970.0,27270889835.0,1,126080.0,67.81,0.017792296588448442,0.026051131585847872,0.026749380716393663,66.23580424885324,0.01573881718008147,19841525.0,-0.3073625475888325,1286.8296711399498,1,84969.22714285714,84115.44571428571,85796.886,0.02775714145519471,0.017842652237984456,-1156.7994180739624,-1879.2944622555974,722.495044181635,0.005900908870587918,0.0399660790520997,-0.034065170181511784
2025-03-26,bitcoin,87520.58,1735368473904.0,30351832943.0,1,126080.0,67.81,0.0022059129791018274,0.02448991622456032,0.02381556510316796,60.49717087052702,0.017490137339373525,19828119.0,-0.30583296319796954,1289.6736469547266,1,85646.44857142857,84452.69357142856,85503.32333333332,0.021882184957248044,0.023592728189083836,-865.2952672657702,-1676.4946232576322,811.1993559918619,0.03856304268475319,0.03707580687150602,0.0014872358132471675
2025-03-27,bitcoin,86960.86,1724854479046.0,25522877559.0,1,126080.0,67.81,-0.006415833339916977,0.017401013003829225,0.023813346993270507,57.00381035547989,0.014797119333288018,19834837.0,-0.310272366751269,1281.4194071670845,1,85667.22285714287,84672.45142857141,85355.45966666666,0.015100724637874341,0.01880840826823273,-671.6979380882258,-1475.535286223751,803.8373481355252,0.03513089526866775,0.05265957330909754,-0.01752867804042979
2025-03-28,bitcoin,87227.27,1729729987159.0,24620445368.0,1,126080.0,67.81,0.0030588790146310663,0.011340931104995866,0.021402100164774385,65.7583046239912,0.014233692860027201,19830152.0,-0.30815934327411165,1285.3481787347,1,86089.56999999999,85110.19214285714,85304.50966666666,0.013215305872709223,0.02253996114445367,-491.1123618028214,-1278.650701339565,787.5383395367437,0.040981314618076414,0.03748898161256986,0.003492333005506554
2025-03-29,bitcoin,84359.47,1673182800974.0,31674486232.0,1,126080.0,67.81,-0.03342993839064865,0.018470684660067852,0.02190534461962522,50.99733125924644,0.018930678831722104,19833965.0,-0.33090521890862945,1243.0564813449344,1,86139.56142857144,85137.88928571428,85319.82166666667,-0.020665201900842325,-0.011255903351728007,-572.8015842367458,-1137.4808779190014,564.6792936822555,-0.016648538584373096,0.019079964092789004,-0.0357285026771621
2025-03-30,bitcoin,82679.17,1640665503855.0,16837439420.0,1,126080.0,67.81,-0.020119376932705917,0.02009153130808231,0.022513871989373133,45.863518226877034,0.010262566854997442,19843759.0,-0.3442324714467005,1218.2769503023153,1,85980.39857142858,85015.56642857144,85252.15599999999,-0.0383951298933102,-0.03018089067448324,-764.3164840440877,-1062.8479991440188,298.5315150999311,-0.05323120158968975,-0.04764440518875446,-0.00558679640093529
2025-03-31,bitcoin,82356.38,1633996304187.0,13428975108.0,1,126080.0,67.81,-0.003911768241558569,0.016691148631991802,0.02180157711242287,49.33935906603917,0.008218485607090542,19840555.0,-0.3467926713197969,1213.516737944256,1,85490.20857142856,84997.40642857143,85182.63866666667,-0.036657163712616174,-0.03317881097492489,-931.4032404852333,-1036.5590474122619,105.1558069270286,-0.0590055504659589,-0.022717941342461856,-0.036287609123497044
2025-04-01,bitcoin,82514.09,1635076581047.0,30326148750.0,1,126080.0,67.81,0.0019131388186478596,0.013768589103320877,0.021212043625877624,45.647364242191756,0.018547234485238023,19815726.0,-0.34554179885786807,1215.8425011060315,1,84802.54571428572,84885.88642857144,85066.26633333335,-0.02698569594827874,-0.030002214077818022,-1039.1165312526718,-1037.0705441803439,-2.045987072327989,-0.05113530385969045,-0.017800837595449037,-0.033334466264241414
2025-04-02,bitcoin,85237.59,1690602036035.0,29172899852.0,1,126080.0,67.81,0.03247346708267523,0.02060159751124977,0.022577671636531984,56.346007651691046,0.017255923765725337,19833996.0,-0.3239404346446701,1256.006193776729,1,84476.40428571428,85061.42642857143,84765.46833333332,0.009010631083577527,0.005569740555317799,-894.4062430362537,-1008.5376839515259,114.13144091527215,-0.022810297742896335,0.0172362208868464,-0.04004651862974273
2025-04-03,bitcoin,82526.42,1637358764747.0,46332905658.0,1,126080.0,67.81,-0.03232404922129152,0.02330483037134318,0.020160606132903883,38.11168148657338,0.0282973448797944,19840419.0,-0.3454440038071066,1216.0243326942928,1,83842.91285714286,84755.06785714286,84645.52533333332,-0.015701897897869903,-0.025035054422408127,-987.1122423762572,-1004.2525956364723,17.14035326021508,-0.02172903646739366,-0.038015818349738106,0.016286781882344448
2025-04-04,bitcoin,83163.99,1652537223075.0,36594464539.0,1,126080.0,67.81,0.007695957138581002,0.023716498009828096,0.018869947253529955,46.569347318986104,0.022144411652589548,19870827.0,-0.34038713515228425,1225.4266332399352,1,83262.44428571429,84676.00714285715,84507.298,-0.0011824573078402024,-0.0158957632274551,-997.6357205785171,-1002.9292206248813,5.2935000463642155,0.005863871154004219,-0.0476794713431804,0.05354334249718462
2025-04-05,bitcoin,83852.01,1664234880198.0,35647289400.0,1,126080.0,67.81,0.008239017722570345,0.02099615087300685,0.019013041611665,49.524352476797375,0.021419626414607363,19847287.0,-0.33493012373096454,1235.5729243474414,1,83189.95,84664.75571428573,84282.22899999999,0.007958413245830749,-0.005104504295917439,-939.6267565423623,-990.2687278083775,50.641971266015275,0.018160463099519353,-0.04191665548834356,0.06007711858786291
2025-04-06,bitcoin,83595.89,1656020067997.0,14910400036.0,1,126080.0,67.81,-0.0030591031566627076,0.019310748000081486,0.019018241723449597,49.40530340912789,0.009003755645325314,19809826.0,-0.3369615323604061,1231.795900309689,1,83320.91,84650.65428571428,84068.712,0.003300252001568345,-0.005624232710975756,-903.9013658411859,-972.9952554149393,69.09388957375336,0.01311048816026461,-0.03869522449524998,0.05180571265551459
2025-04-07,bitcoin,78211.48,1555325260787.0,36140377232.0,1,126080.0,67.81,-0.06657791635690301,0.03238098322537606,0.024762094002408808,31.048423609905512,0.023236539740705324,19886150.0,-0.3796678299492386,1152.3915351718035,1,82728.78142857143,84109.495,83783.31666666667,-0.05460374673198467,-0.06650293743842006,-1295.1361011511908,-1037.4234245621897,-257.71267658900115,-0.08242971205544414,-0.10335976352349452,0.02093005146805038
2025-04-08,bitcoin,79179.29,1581407565278.0,82909748173.0,1,126080.0,67.81,0.01229833488114248,0.03310733692134906,0.024386404303981264,29.016366762154036,0.052427818099140724,19972490.0,-0.37199167195431476,1166.6639138770092,1,82252.38142857142,83527.46357142857,83551.19366666667,-0.03736173196687466,-0.05232604676013002,-1509.6954396288202,-1131.8778275755158,-377.8176120533044,-0.04055828424400332,-0.06140602827400421,0.020847744030000892
2025-04-09,bitcoin,76329.09,1515042499757.0,47812787635.0,1,126080.0,67.81,-0.03666065090562077,0.029912044962535977,0.025447413938818875,24.649523660239183,0.03155871049338139,19848822.0,-0.39459795368020306,1124.6317652263676,1,80979.73857142858,82728.07142857143,83403.79199999999,-0.05742978001005095,-0.08482470437315358,-1887.9593607764837,-1283.0941342157093,-604.8652265607743,-0.08218581143112547,-0.07680386728604072,-0.005381944145084749
2025-04-10,bitcoin,82622.17,1640567909122.0,87408220482.0,1,126080.0,67.81,0.07922392262929775,0.04535154614580357,0.03486645680098639,42.19853424816654,0.053279245556362965,19856268.0,-0.34468456535533,1217.4363663176523,1,80993.41714285713,82418.16500000001,83531.733,0.020109694276388625,-0.010888831912537894,-1660.7926965955994,-1358.6338466916875,-302.1588499039119,-0.014666792125793915,0.003227315236536521,-0.017894107362330436
2025-04-11,bitcoin,79596.36,1580023209138.0,41213520154.0,1,126080.0,67.81,-0.03730968328908742,0.047256240190220074,0.03592171981899246,37.51744159988012,0.02608412326834396,19850446.0,-0.368683692893401,1172.814481639876,1,80483.75571428573,81873.09999999999,83424.97466666668,-0.011025774162875132,-0.04589290775291585,-1705.2618605952302,-1427.9594494723963,-277.302411122834,-0.04784362006313947,-0.03536038511725692,-0.012483234945882549
2025-04-12,bitcoin,83439.29,1655868880454.0,39813566444.0,1,126080.0,67.81,0.04715093838643795,0.05135725331965232,0.03769362449989172,48.541314880560215,0.024043912482420746,19845194.0,-0.3382036008883249,1229.4865064149828,1,80424.7957142857,81807.37285714285,83410.14266666668,0.03748215036098413,0.0003494459115097595,-1414.1106715853093,-1425.189693894979,11.079022309669654,0.0668419776738658,-0.021097499354451488,0.08793947702831728
2025-04-13,bitcoin,85305.1,1693600655371.0,22428929482.0,1,126080.0,67.81,0.02211494014244117,0.05204176754004152,0.03771713184579203,54.13832980373457,0.01324334010551426,19853451.0,-0.32340498096446696,1257.001769650494,1,80668.96857142856,81994.93928571428,83550.34933333333,0.057471063665161054,0.021002313942050713,-1021.0460001776955,-1344.3609551515224,323.31495497382684,0.0773663163688385,0.033670187074636315,0.04369612929420219
2025-04-14,bitcoin,83600.82,1658923208082.0,28731125718.0,1,126080.0,67.81,-0.02018091303542195,0.04406225142612896,0.038168952606252644,51.879340663190824,0.01731914146358716,19843384.0,-0.33692243020304563,1231.8686034508185,1,81438.87428571428,82083.82785714287,83537.98633333333,0.026546851650980755,0.0007521568261886737,-837.4074570500379,-1242.9702555312256,405.56279848118766,0.09526813433777348,0.0052526339825687,0.09001550035520478
2025-04-15,bitcoin,84523.45,1677843510120.0,33155578229.0,1,126080.0,67.81,0.010975682000928,0.04405118382496467,0.03826106574802005,52.96599036292258,0.019760828723906856,19850627.0,-0.3296046161167513,1245.4747087450228,1,82202.32571428572,82227.35357142857,83542.37833333333,0.028236722812222052,0.011743401208332893,-610.3878867129824,-1116.453781767577,506.06589505459465,0.023011741279610476,0.008007440728015958,0.015004300551594518
2025-04-16,bitcoin,83656.49,1660749023283.0,25084671428.0,1,126080.0,67.81,-0.01031000105633128,0.040444210003217386,0.03731250247484482,47.530827565528114,0.015104432443628447,19852005.0,-0.33648088515228425,1232.6895738091728,1,83249.09714285715,82114.41785714286,83577.24066666668,0.004893660966001356,0.0009482166759895572,-494.72676594507357,-992.1083786030765,497.38161265800295,0.05100899086340127,0.0007249160215891948,0.050284074841812076
2025-04-17,bitcoin,84105.78,1670497569762.0,26948109142.0,1,126080.0,67.81,0.005356282722786029,0.02805282492179433,0.03624925958580374,52.65394764966601,0.016131785900077283,19861864.0,-0.3329173540609137,1239.3152927296858,1,83461.04142857144,82227.22928571429,83578.25433333333,0.0077250242795059085,0.006311757416740832,-362.63036915032717,-866.2127767125268,503.5824075621996,0.007987723768982269,0.07536361669667935,-0.06737589292769708
2025-04-18,bitcoin,84930.91,1686226810049.0,19323821375.0,1,126080.0,67.81,0.009762810118369696,0.02186763223530211,0.036281269760993475,52.95052380430745,0.011459799630654946,19854100.0,-0.32637285850253805,1251.483556997493,1,84223.12,82353.43785714285,83649.95033333333,0.008403749469266968,0.015313334455815357,-189.18116517552698,-730.8064544051268,541.6252892295998,-0.0043864903739635475,0.07264045939285402,-0.07702694976681757
2025-04-19,bitcoin,84433.75,1676373197915.0,9550691273.0,1,126080.0,67.81,-0.005870899253551167,0.014500103311996113,0.03627569620098148,50.97766104837318,0.005697234532787051,19854302.0,-0.33031606916243655,1244.1518950007373,1,84365.18571428572,82394.99071428571,83570.56066666666,0.0008127082887778319,0.01032886852077371,-90.79149066336686,-602.8034616567749,512.011970993408,0.009963179786992349,0.10618048767514465,-0.0962173078881523
2025-04-20,bitcoin,85126.66,1690090596771.0,12635983531.0,1,126080.0,67.81,0.008173061826560636,0.011962951145106876,0.03631525986109103,52.5353604247458,0.007476512534382275,19853834.0,-0.3248202728426396,1254.3702993658753,1,84339.69428571429,82504.33142857144,83599.088,0.009330905464510516,0.01827259168186141,42.60396931813739,-473.7219754617924,516.3259447799298,0.007136599369760743,0.030312566227684412,-0.02317596685792367
2025-04-21,bitcoin,85073.17,1689008667806.0,12625843856.0,1,126080.0,67.81,-0.0006285552901090638,0.008255132441986952,0.030672622601748804,63.80205724713156,0.007475298437870544,19853600.0,-0.32524452728426395,1253.5814776581624,1,84550.03,82994.45214285715,83634.54266666668,0.0061873425710197785,0.01720135350135299,142.3635579723923,-350.50486877495547,492.86842674734777,0.01693449007961001,0.0688072921927585,-0.051872802113148486
2025-04-22,bitcoin,87452.05,1735703747771.0,40070025414.0,1,126080.0,67.81,0.02757893343304569,0.012428564418318366,0.031181382693109466,65.74650456667592,0.02308575150883792,19847491.0,-0.30637650697969543,1288.6630290517624,1,84968.40142857144,83585.36357142858,83756.50066666667,0.029230261246193292,0.04412253740209182,408.6686082516826,-198.6701733696279,607.3387816213105,0.03978644511708951,0.04809197201941684,-0.008305526902327331
2025-04-23,bitcoin,93576.17,1858587811718.0,53841992235.0,1,126080.0,67.81,0.06768511389520314,0.025078940498722533,0.03236549239966543,79.1903049439316,0.02896930233564307,19861764.0,-0.257803220177665,1378.975962247456,1,86385.49857142857,84817.29785714285,84016.11600000001,0.08323933469719758,0.11378833556171518,1101.1887632197613,61.30161394824995,1039.8871492715114,0.10179167984894999,0.09695868125117957,0.0048329985977704215
2025-04-24,bitcoin,93605.45,1858660302322.0,39901515880.0,1,126080.0,67.81,0.0003128512322824289,0.025504788724059688,0.02659275151324869,73.59085652622916,0.021467890517783996,19856326.0,-0.2575709866751269,1379.4077569679987,1,87742.5942857143,85601.81785714286,84225.37333333332,0.06681880974700398,0.11136877517353055,1633.5481010070507,375.75091136001015,1257.7971896470406,0.10862599375249826,0.11967143384478751,-0.01104544009228925
2025-04-25,bitcoin,93872.81,1864298110563.0,30031246761.0,1,126080.0,67.81,0.002852172633192777,0.025885194773900406,0.02316842755548081,84.78628163524483,0.01610860762602546,19859831.0,-0.2554504282994924,1383.350538268692,1,89020.00857142857,86621.56428571428,84437.11433333335,0.054513603249966014,0.11174820150079087,2053.3506807434605,711.2708652367003,1342.0798155067603,0.10274278351811272,0.11061261697197633,-0.007869833453863606
2025-04-26,bitcoin,94773.11,1882121595176.0,39336184715.0,1,126080.0,67.81,0.009544938318367457,0.024501849478591624,0.020812805216999256,82.23938421627527,0.020899916783177663,19859236.0,-0.24830972398477158,1396.6273411001328,1,90497.05999999998,87431.12285714287,84697.52266666666,0.047250706266038014,0.11895964623412376,2430.6746314686316,1055.1516184830866,1375.523012985545,0.11401879111828084,0.13288413128497267,-0.018865340166691835
2025-04-27,bitcoin,94644.07,1879131951239.0,15445392740.0,1,126080.0,67.81,-0.0013624954184453214,0.02529438510200686,0.020628283405255667,79.47752737703772,0.00821942957747918,19854725.0,-0.24933320114213192,1394.7243769355553,1,91856.68999999999,88098.19214285714,84944.74933333333,0.030344877438976077,0.11418387531647647,2688.305024413232,1381.7822996691157,1306.5227247441162,0.08223958157641831,0.1252980472923504,-0.04305846571593208
2025-04-28,bitcoin,93809.34,1862772247122.0,15926259371.0,1,126080.0,67.81,-0.00885879920146249,0.026320020227980977,0.019662257713141538,84.0936780288659,0.008549761998873568,19857002.0,-0.25595383883248735,1382.414540628226,1,93104.71428571429,88827.37214285714,85259.74500000001,0.00756809920626997,0.10027704164491678,2792.92809553034,1664.0114588413608,1128.9166366889795,0.002491766867569023,0.10453708785176086,-0.10204532098419183
2025-04-29,bitcoin,95030.61,1887067388174.0,31913814737.0,1,126080.0,67.81,0.012934625612364286,0.025630506496620777,0.0196902553777097,84.40476439955151,0.016911857486913096,19857469.0,-0.24626736992385787,1400.4247161185665,1,94187.36571428571,89577.88357142857,85671.45966666666,0.008952838624579889,0.10924466992564652,2940.492745601805,1919.3077161934498,1021.1850294083551,0.015225181867081439,0.12550502612995396,-0.11027984426287252
2025-04-30,bitcoin,94256.36,1870818389258.0,25882629766.0,1,126080.0,67.81,-0.008180746070651864,0.008230117220893913,0.01954254527763783,84.92035097359785,0.013834923750276751,19848193.0,-0.2524083121827411,1389.006783660227,1,94284.53571428571,90335.01714285715,86068.12566666664,-0.000298837068796643,0.09513666377545596,2960.832653827587,2127.6127037202773,833.2199501073096,0.004085847648536367,0.10724842252709066,-0.10316257487855429
2025-05-01,bitcoin,94235.75,1871350362569.0,26541700309.0,1,126080.0,67.81,-0.00021868289428280953,0.008240332366303966,0.019668394811846217,84.34230394486767,0.014183180680588006,19858179.0,-0.25257177982233503,1388.7028461878779,1,94374.57857142857,91058.58642857142,86458.84766666665,-0.0014710377893078462,0.08994917863486229,2941.3826941317966,2290.3667018025812,651.0159923292154,-0.005669962714107468,0.10770234610982521,-0.11337230882393268
2025-05-02,bitcoin,96426.95,1914884389769.0,30207566405.0,1,126080.0,67.81,0.022986105597772918,0.011769511622089389,0.020066665158957504,85.66964119494116,0.01577513847122857,19858394.0,-0.23519233819796956,1421.0166642088186,1,94739.45571428572,91879.73214285714,86831.82633333333,0.017811948284813903,0.11050238226975141,3067.4206722147937,2445.777495885024,621.6431763297696,0.018837735951127144,0.10262652505001313,-0.08378878909888599
2025-05-03,bitcoin,96855.57,1923251765866.0,23276376191.0,1,126080.0,67.81,0.00443517295414512,0.01151198794411034,0.019661433708001115,88.7067604134597,0.012102615270715291,19856904.0,-0.2317927506345177,1427.3375608317358,1,95036.95,92767.005,87309.46466666667,0.01913592555316653,0.1093364318493856,3165.4039237360557,2589.7027814552307,575.701142280825,0.032472566164520655,0.035045247096563203,-0.002572680932042548
2025-05-04,bitcoin,95922.87,1904894886395.0,13797554864.0,1,126080.0,67.81,-0.009676468776228693,0.0124411177350434,0.020342265509605276,83.14598255540844,0.007243210616262283,19858610.0,-0.23919043464467007,1413.5829523669074,1,95219.6357142857,93538.16285714284,87734.76066666665,0.007385391473502439,0.09332799532493938,3131.6950304978964,2698.101231263764,433.59379923413235,0.009389185232000496,0.024757319151822887,-0.015368133919822391
2025-05-05,bitcoin,94326.62,1872812442453.0,14903122946.0,1,126080.0,67.81,-0.016780990673983674,0.013863769279706955,0.02133540888215717,75.95112574676315,0.007957616367862212,19854548.0,-0.25185104695431476,1390.04291402448,1,95293.53285714285,94199.12357142857,88083.91433333333,-0.010146678669080143,0.07087225532510483,2942.259914365466,2746.9329678841045,195.32694648136157,0.0007454138903728591,0.004834307186500464,-0.004088893296127605
2025-05-06,bitcoin,94758.82,1882511286488.0,24086456278.0,1,126080.0,67.81,0.004571486336479482,0.012974118693530762,0.020530375248256367,73.00340701665348,0.012794853582490613,19866344.0,-0.24842306472081213,1396.4166052204691,1,95254.70571428572,94721.03571428571,88456.012,-0.005205892040369256,0.07125358534137854,2794.7895536991273,2756.504285047109,38.2852686520182,0.005550653547088169,-0.00015078116567024402,0.005701434712758413
2025-05-07,bitcoin,96854.53,1923643840815.0,23348052607.0,1,126080.0,67.81,0.02187523541858926,0.014816159967163508,0.011608840596152244,63.828634869642066,0.012137409281079814,19861165.0,-0.23180099936548224,1427.3222238607875,1,95625.87285714287,94955.2042857143,89077.447,0.012848584866698633,0.08730698130582928,2814.5797890323447,2768.1193858441566,46.46040318818814,0.004434237523845752,0.02335550447059176,-0.018921266946746007
2025-05-08,bitcoin,97026.49,1927134557858.0,64376174032.0,1,126080.0,67.81,0.0017738718838088317,0.014743150004607717,0.011594615996736649,64.2588486354012,0.03340512667862372,19861942.0,-0.2304371034263959,1429.858133018729,1,96024.55000000002,95199.5642857143,89672.35366666666,0.010434206669023574,0.08201118887400242,2811.72758265202,2776.8410252057292,34.88655744629068,0.0017646894236438282,0.034294559582233486,-0.03252987015858966
2025-05-09,bitcoin,103076.28,2047883753853.0,50020047721.0,1,126080.0,67.81,0.06048526265414725,0.025562674112632234,0.019345434155623384,75.88351858382785,0.02442523782264963,19867653.0,-0.18245336294416245,1519.0749152042472,1,96974.45428571428,95856.955,90563.92666666668,0.06292199073694199,0.13816045520405493,3260.0547989335028,2873.4837799512843,386.57101898221845,0.07457460353302614,0.08466398353120108,-0.010089379998174941
2025-05-10,bitcoin,102962.54,2045046445524.0,40800894903.0,1,126080.0,67.81,-0.0011040638997416542,0.025830869011185115,0.019433302778890924,74.09779973834847,0.01995108472587557,19862043.0,-0.18335548857868025,1517.3975814776582,1,97846.87857142858,96441.91428571429,91241.93900000001,0.052282316035630765,0.12845629025924118,3565.0834179696103,3011.8037075549496,553.2797104146607,0.09155337061796542,0.09236702966250765,-0.0008136590445422254
2025-05-11,bitcoin,104630.88,2077132539531.0,21558992540.0,1,126080.0,67.81,0.016073495189037165,0.024574906072497817,0.01948932056133471,76.94568723197467,0.0103792088996246,19852003.0,-0.17012309644670048,1542.0007373543726,1,99090.88,97155.25785714286,92076.423,0.05590827329417197,0.1363482267333518,3896.5251745595015,3188.74800095586,707.7771736036416,0.10418090896446364,0.11030983464343413,-0.006128925678970498
2025-05-12,bitcoin,103994.06,2065659960471.0,27389436049.0,1,126080.0,67.81,-0.006104945821672599,0.02272256095566745,0.019328381821095753,77.77631718180848,0.013259411797261547,19863250.0,-0.17517401649746195,1532.6094971243178,1,100471.94285714287,97882.73785714286,92761.582,0.035055728422262976,0.12108976321684556,4060.996463345771,3363.1976934338422,697.798769911929,0.07371395018901028,0.078475052876815,-0.004761102687804719
2025-05-13,bitcoin,102876.83,2044347271866.0,43090605819.0,1,126080.0,67.81,-0.01080133470822069,0.024455573031544508,0.01983632465624589,71.52076149433165,0.0210779285946211,19871795.0,-0.1840352950507614,1516.133608612299,1,101631.65857142858,98443.18214285714,93347.30633333334,0.012251806632637969,0.1020867558045836,4054.45281252767,3501.448717252608,553.0040952750624,0.060296317016105494,0.0621674107126724,-0.0018710936965669056
2025-05-14,bitcoin,104184.49,2069356072124.0,33861432520.0,1,126080.0,67.81,0.012630822454335798,0.024063661072370585,0.0194956568753236,76.45690975188705,0.016363270186384317,19862420.0,-0.1736636262690355,1535.417784987465,1,102678.7957142857,99152.33428571429,94033.42866666666,0.01466412101193755,0.10795162398381986,4107.436187954765,3622.6462113930397,484.7899765617253,0.010751358120413501,0.08612773992271094,-0.07537638180229744
2025-05-15,bitcoin,103594.43,2057798367293.0,28398245847.0,1,126080.0,67.81,-0.00567970597046992,0.024667438301791234,0.019707977749069377,74.20480150297834,0.013800305364396526,19863987.0,-0.17834367068527923,1526.716118566583,1,103617.07285714286,99820.81142857144,94669.12800000001,-0.00021852438520520052,0.09427890790332388,4055.068676532057,3709.1307044208434,345.93797211121364,0.006137086361700073,0.09825232792185279,-0.09211524156015272
2025-05-16,bitcoin,103708.85,2060142559914.0,31823340473.0,1,126080.0,67.81,0.0011038900264299567,0.010009855990595071,0.019183120051382754,71.10022891252058,0.015447154528145109,19864675.0,-0.17743615164974616,1528.4034803126383,1,103707.43999999999,100340.94714285714,95337.54000000001,1.3595938729352924e-05,0.08780706949224824,3976.9559120096383,3762.6957459386026,214.26016607103566,-0.008812216814003682,0.0944506273927852,-0.10326284420678888
2025-05-17,bitcoin,103556.03,2057725640290.0,25887953182.0,1,126080.0,67.81,-0.0014746350437457665,0.010023032230615484,0.01926609174019049,69.73079618603381,0.012580857561920428,19870650.0,-0.17864823921319797,1526.1498304084944,1,103792.2242857143,100819.55142857143,95985.88166666667,-0.0022756452840254774,0.07886731050325124,3858.244248500516,3781.8054464509855,76.4388020495303,-0.004212067496932037,0.06919139455841661,-0.07340346205534864
2025-05-18,bitcoin,103212.36,2050318521478.0,18950056010.0,1,126080.0,67.81,-0.003324205566165561,0.007456109888768758,0.018972047639218975,72.23670539398321,0.00924249369621828,19865048.0,-0.18137404822335024,1521.0816988644742,1,103589.57857142857,101340.2292857143,96595.26333333334,-0.003641472208215117,0.06850332447288045,3693.8526688451966,3764.214890929828,-70.36222208463141,0.003261472967236667,0.06375444479131409,-0.060492971824077424
2025-05-19,bitcoin,106030.64,2104889720873.0,30744060180.0,1,126080.0,67.81,0.026939495629254108,0.012877054419297129,0.01866575389944566,83.22608118005748,0.014606019438989395,19851712.0,-0.15902093908629442,1562.6431204837045,1,103880.51857142858,102176.23071428572,97315.15966666667,0.02069802363465285,0.08955932830184356,3747.780717048634,3760.9280561535893,-13.147339104955336,0.017720008035744916,0.028661880308447296,-0.01094187227270238
2025-05-20,bitcoin,105629.42,2098485415895.0,43339734154.0,1,126080.0,67.81,-0.0037911779913712743,0.011879605209542473,0.018928098344849417,80.91449528260023,0.020652864120819105,19866486.0,-0.16220320431472082,1556.7262940569237,1,104273.74571428572,102952.70214285713,97998.58499999999,0.013001108538182603,0.07786678756637157,3715.316131258747,3751.8056711746212,-36.48953991587405,0.019643816757329624,0.0259014589189428,-0.006257642161613175
2025-05-21,bitcoin,106786.72,2121778617274.0,36393687094.0,1,126080.0,67.81,0.010896643269721,0.011680486150592532,0.018521251017080607,79.83838551345846,0.017152443142610968,19869312.0,-0.1530241116751269,1573.7930983630733,1,104645.49285714285,103662.14428571428,98722.37000000001,0.02046172352382399,0.08168715965793762,3739.861357420421,3749.4168084237813,-9.555451003360304,0.02967798794413401,0.020604242265763295,0.009073745678370715
2025-05-22,bitcoin,109665.86,2178838967666.0,60722883114.0,1,126080.0,67.81,0.02660453222172988,0.01364849224715977,0.019162861927549728,82.65904377615234,0.027869376312397755,19867979.0,-0.13018829314720812,1616.2520277245244,1,105512.84,104564.95642857142,99462.83033333333,0.03936032808897954,0.10258133246834915,3946.1474308243487,3788.762932903895,157.38449792045367,0.059000233979614736,0.0545396535148257,0.004460580464789032
2025-05-23,bitcoin,111560.36,2214712145787.0,52218408239.0,1,126080.0,67.81,0.01712768327004155,0.013616141904388961,0.012505030329804795,77.91697378119397,0.023577966255494635,19852142.0,-0.1151621192893401,1644.1903848989825,1,106634.4842857143,105170.96214285714,100062.30333333333,0.04619402201156067,0.11490897454522589,4213.925437840837,3873.7954338912837,340.13000394955316,0.08088178586363104,0.08440705258900372,-0.0035252667253726777
2025-05-24,bitcoin,107216.67,2131595896624.0,49251745838.0,1,126080.0,67.81,-0.03971404943855787,0.023366150991259913,0.017406154218120928,60.950057013716744,0.023105573582687233,19881198.0,-0.14961397525380712,1580.133608612299,1,107157.43285714285,105474.82857142857,100516.01066666665,0.0005528047964355558,0.06666260716965991,4029.1958941888734,3904.875525950802,124.3203682380713,0.011185728955328322,0.029103948198047513,-0.01791821924271919
2025-05-25,bitcoin,107831.36,2142540077685.0,27128230117.0,1,126080.0,67.81,0.005716784981367976,0.023079864185911344,0.01701860636834466,58.710448248645974,0.012661714195942541,19869360.0,-0.14473857868020304,1589.19849579708,1,107817.29000000001,105703.43428571429,100981.29566666667,0.0001304985499078342,0.06783498159842381,3887.5831076332106,3901.417042287284,-13.833934654073346,0.020845896910160144,0.040899206646535013,-0.02005330973637487
2025-05-26,bitcoin,108861.81,2163072841534.0,29652659665.0,1,126080.0,67.81,0.009510754468055755,0.021351864067153704,0.016947386353857223,62.97020057947904,0.013708581188588654,19869896.0,-0.1365655932741117,1604.394632060168,1,108221.74285714285,106051.1307142857,101450.91900000001,0.005914404314316637,0.07304902777667285,3814.531116939921,3884.039857217812,-69.50874027789087,0.01943209792378675,0.0496867914358321,-0.03025469351204535
2025-05-27,bitcoin,109377.72,2173059855839.0,27950577138.0,1,126080.0,67.81,0.004727933211972621,0.02109061970069763,0.016456831228644,67.8951717728824,0.012862313508252869,19867482.0,-0.13247366751269035,1612.0028019466156,1,108757.21428571429,106515.48,101942.04066666665,0.005705421183882026,0.07294026374895486,3754.9814248931652,3858.2281707528828,-103.24674585971752,-0.002627435739800843,0.05621777891639912,-0.05884521465619996
2025-05-28,bitcoin,109068.46,2167551887130.0,38978783509.0,1,126080.0,67.81,-0.0028314544718968018,0.021087180016124845,0.01637894197535545,64.22619675265545,0.017982860636665456,19873315.0,-0.13492655456852787,1607.442117681758,1,109083.17714285715,106864.335,102450.678,-0.0001349167052392662,0.06459480922127238,3640.8635587608733,3814.755248354481,-173.89168959360768,-0.022336787009292536,0.0567383596305715,-0.07907514663986404
2025-05-29,bitcoin,107838.18,2143342706888.0,29794278037.0,1,126080.0,67.81,-0.011343988301110853,0.018763463946638637,0.016684199361457198,61.91687685299536,0.01390084653343162,19875546.0,-0.14468448604060918,1589.2990709334906,1,108822.07999999999,107167.45999999999,102877.59700000001,-0.009041363664432754,0.04821830159971547,3411.8216572753445,3734.168530138654,-322.3468728633097,0.005796766491628524,0.017047336505749522,-0.011250570014120997
2025-05-30,bitcoin,105745.42,2101348752694.0,38279231893.0,1,126080.0,67.81,-0.019597262871157584,0.017483706235079582,0.017736679732234424,55.14702054238859,0.01821650587220457,19871771.0,-0.1612831535532995,1558.4369562011502,1,107991.37428571428,107312.92928571429,103260.56566666666,-0.02079753406760181,0.02406392331177658,3026.547897908895,3592.6444036927023,-566.0965057838075,-0.0193444652835687,0.001098178897507962,-0.020442644181076663
2025-05-31,bitcoin,104010.92,2066830946978.0,39680060338.0,1,126080.0,67.81,-0.01653861366656559,0.011605540776788395,0.018369414123174038,51.06453583204817,0.019198503097709988,19871288.0,-0.1750402918781726,1532.8581330187287,1,107533.41,107345.42142857143,103586.40466666665,-0.03275716821404627,0.0040981761525501585,2551.839990736771,3384.483521101516,-832.643530364745,-0.04456007115810401,-0.02599386890055244,-0.018566202257551567
2025-06-01,bitcoin,104687.51,2080467809296.0,20432694555.0,1,126080.0,67.81,0.006483923912510497,0.011719360756921754,0.018407017941940076,53.399187135373424,0.00982120197375903,19873123.0,-0.16967393718274115,1542.835864916679,1,107084.28857142858,107450.78928571427,103861.75666666667,-0.022382168321824904,0.00795050420708264,2204.8100350807217,3148.5488238973576,-943.7387888166359,-0.04288085361442906,-0.045395622666890234,0.0025147690524611743
2025-06-02,bitcoin,105710.01,2101178071591.0,17721500508.0,1,126080.0,67.81,0.009719772837227882,0.01176039125879164,0.0170679760083293,49.19450991544401,0.008434078361850303,19876813.0,-0.16156400697969547,1557.9147618345376,1,106634.03142857143,107427.88714285714,104156.90466666667,-0.008665352103754848,0.014911208606896762,1989.36137996467,2916.7113351108205,-927.3499551461505,-0.03079212817344268,-0.05244111797416218,0.021648989800719498
2025-06-03,bitcoin,105884.74,2104229403095.0,26313843059.0,1,126080.0,67.81,0.0016515536393655315,0.011423946635489547,0.01704225266249948,50.648800841621664,0.0125052159333466,19872830.0,-0.16017814086294413,1560.491520424716,1,106135.03428571428,107446.12428571428,104488.967,-0.002358262635884092,0.013358089758892926,1811.8303666405263,2695.735141416762,-883.9047747762356,-0.018114549040052275,-0.0124227883593101,-0.005691760680742175
2025-06-04,bitcoin,105434.48,2095294001281.0,25925661121.0,1,126080.0,67.81,-0.004261426683140044,0.011399045876440134,0.016788131576614972,46.43570703337926,0.01237328084037363,19872949.0,-0.16374936548223354,1553.8514968293762,1,105615.89428571427,107349.53571428571,104859.229,-0.0017176797767152999,0.0054859358159117235,1616.1733007410949,2479.8227732816285,-863.6494725405337,-0.002940458319613315,-0.022228042009300508,0.019287583689687193
2025-06-05,bitcoin,104812.92,2083148839111.0,25812143563.0,1,126080.0,67.81,-0.0059126706041882846,0.011062500028562171,0.01482298292722508,35.48039455039829,0.012390926216302207,19874924.0,-0.16867925126903555,1544.6852971538121,1,105183.71428571429,107002.89714285715,105194.36566666668,-0.003525206237793522,-0.0036261035869105595,1394.8796644866525,2262.8341515226334,-867.954487035981,0.007710728835010894,-0.037192932948662105,0.044903661783673
2025-06-06,bitcoin,101650.74,2020294099992.0,39711941132.0,1,126080.0,67.81,-0.030634226801228643,0.01403296627292604,0.015266111435977633,22.44167756805585,0.019656514926295755,19874859.0,-0.1937599936548223,1498.0523521604484,1,104598.76,106295.06714285714,105354.23933333332,-0.02818408172333964,-0.03515282685128315,953.3517196777684,2000.9376651536606,-1047.5859454758922,-0.02900794946789731,-0.07064491744753865,0.04163696797964134
2025-06-07,bitcoin,104409.75,2075175500201.0,29897390978.0,1,126080.0,67.81,0.026780241962680952,0.017539987958534477,0.014511272213885852,41.43954014350997,0.014407162659304796,19875304.0,-0.1718769828680203,1538.7397139065035,1,104655.73571428572,106094.57285714286,105600.348,-0.00235042745251223,-0.01127456511791039,816.6528259423067,1764.08069731139,-947.4278713690833,-0.012300254252175291,-0.04271363142011908,0.03041337716794379
2025-06-08,bitcoin,105681.45,2100553336903.0,17749731309.0,1,126080.0,67.81,0.012106318893618002,0.017980382328787722,0.014865244899888386,43.69590345590377,0.008450026475009548,19876273.0,-0.16179052982233505,1557.493585016959,1,104797.72714285715,105941.00785714286,105687.18699999999,0.008432652894639379,-5.428283373644635e-05,801.6921220077493,1571.6029822506619,-769.9108602429126,-0.0019199178276303464,-0.01999968842204125,0.018079770594410904
2025-06-09,bitcoin,105692.25,2100654769399.0,16044679696.0,1,126080.0,67.81,0.00010218868297613793,0.017597602291406653,0.014541309841346715,40.11491987295442,0.007637942192943205,19875202.0,-0.16170486992385788,1557.6528535614216,1,104795.19000000002,105714.61071428572,105778.17733333333,0.00856012570805953,-0.0008123351668515465,781.6962186743185,1413.6216295353931,-631.9254108610746,0.0024448358829105565,-0.0005028113747148621,0.0029476472576254187
2025-06-10,bitcoin,110261.57,2191877481231.0,38222993298.0,1,126080.0,67.81,0.04232388266236842,0.023847675649810537,0.018760717761681287,52.20022454065008,0.017438471641459286,19878889.0,-0.12546343591370554,1625.0370151895002,1,105420.45142857144,105777.74285714286,105965.867,0.04592200570027639,0.04053855379676183,1121.6258531717904,1355.2224742626727,-233.5966210908823,0.05198452633511219,0.06009609375630953,-0.008111567421197341
2025-06-11,bitcoin,110212.73,2189350055406.0,36303839183.0,1,126080.0,67.81,-0.0004430448428583829,0.023622145821169123,0.018738205565989943,52.88592249292937,0.01658201670096457,19864766.0,-0.1258508090101523,1624.3167674384308,1,106103.05857142857,105859.47642857142,106173.15599999999,0.03873282715789758,0.03804703704955335,1371.2743605054711,1358.4328515112325,12.841508994238666,0.08422949011487768,0.05277821585402109,0.03145127426085659
2025-06-12,bitcoin,108679.98,2159529375273.0,30338936632.0,1,126080.0,67.81,-0.014004806756960458,0.024502825328172925,0.0188831925660488,52.09116879890698,0.014048864988541616,19870535.0,-0.13800777284263963,1601.713169149093,1,106655.49571428572,105919.605,106366.59433333333,0.018981528069941873,0.021749174928144675,1428.97020687224,1372.5403225834339,56.42988428880608,0.040898766638173045,0.02809544715774792,0.012803319480425124
2025-06-13,bitcoin,105979.23,2107911943768.0,35865159511.0,1,126080.0,67.81,-0.02516446901520484,0.023224378840777132,0.01939199414938138,50.56379183708703,0.01701454352352556,19889859.0,-0.1594286960659899,1561.884972717888,1,107273.85142857142,105936.30571428571,106426.419,-0.012068378373022715,-0.004201860818036154,1242.4445001012064,1346.5211580869884,-104.07665798578205,0.002817713042355008,0.0008923854372215878,0.00192532760513342
2025-06-14,bitcoin,106045.56,2107973087548.0,49471015506.0,1,126080.0,67.81,0.0006256815739697332,0.021343746088478822,0.01878839451508231,55.33541158379887,0.023468523292934834,19877995.0,-0.15890260152284266,1562.8631470284618,1,107507.53857142858,106081.63714285716,106508.12333333332,-0.013598847028361982,-0.004342986420722693,1087.43849621962,1294.7046257135148,-207.26612949389482,0.0033428184185690935,0.0057958269438991294,-0.002453008525330036
2025-06-15,bitcoin,105482.91,2097486541223.0,17916412456.0,1,126080.0,67.81,-0.005319863817482401,0.021012259002649972,0.018806758730185915,52.098306476206375,0.008541848590624719,19884610.0,-0.16336524428934007,1554.5656982745909,1,107479.17571428572,106138.45142857144,106567.25866666666,-0.018573511575790624,-0.010175251575705896,908.7188237059017,1217.5074653119923,-308.78864160609055,-0.043339306704956226,0.006392246299406601,-0.04973155300436283
2025-06-16,bitcoin,105554.49,2098499110553.0,16568441853.0,1,126080.0,67.81,0.0006783631976602927,0.021015082037404542,0.01862163318722794,49.56805903193233,0.007895377114853223,19880719.0,-0.16279750951776645,1555.6212947942781,1,107459.49571428572,106127.34285714287,106633.87400000001,-0.017727662889380737,-0.010122336922693115,764.0506036600418,1126.8160929816022,-362.7654893215604,-0.04226589795933733,0.03840355712117782,-0.08066945508051515
2025-06-17,bitcoin,106951.27,2127895470545.0,32095957012.0,1,126080.0,67.81,0.013145997695145394,0.0122393762072708,0.018955449368333543,52.77388084273669,0.015083427478596744,19895935.0,-0.15171898794416241,1576.2197316030085,1,106986.59571428572,106203.52357142858,106758.50433333335,-0.0003301882263835908,0.0018056235226449446,753.4234728131705,1052.137568947916,-298.71409613474543,-0.015906425452047346,0.024341788003515052,-0.0402482134555624
2025-06-18,bitcoin,104683.42,2080968120977.0,38603212011.0,1,126080.0,67.81,-0.021432562040133385,0.013615149237186817,0.01983729345658077,48.215339723696786,0.018550602299893023,19878679.0,-0.1697063769035533,1542.7755493290074,1,106196.69428571429,106149.87642857143,106713.59700000001,-0.014249730614428881,-0.019024539112855603,555.6002395535179,952.8301030690363,-397.22986351551845,-0.01222701844502927,-0.00944375763201577,-0.0027832608130134995
2025-06-19,bitcoin,104722.7,2081677732262.0,30339326410.0,1,126080.0,67.81,0.0003751561841716191,0.013528820035261216,0.019776667304373097,49.77951907690292,0.014574458831834922,19877999.0,-0.16939482868020306,1543.3548149240523,1,105631.36857142858,106143.43214285714,106683.37299999999,-0.008602260708324892,-0.018378430910691166,397.4123475175584,841.7465519587407,-444.33420444118235,-0.012474449661070253,-0.009173331062589773,-0.003301118598480479
2025-06-20,bitcoin,104690.65,2081355279873.0,18063282658.0,1,126080.0,67.81,-0.000306093190813683,0.010329406647770795,0.017724786062462583,58.77081471163069,0.008678615723454087,19881004.0,-0.16964903236040613,1542.8821707712725,1,105447.28571428571,106360.56857142856,106613.50399999999,-0.007175487819912741,-0.018035745265440224,266.39035407039046,726.6753123810707,-460.2849583106803,-0.007510790136525558,-0.0505245844041583,0.04301379426763274
2025-06-21,bitcoin,103290.11,2054120245608.0,30632751225.0,1,126080.0,67.81,-0.01346818013824147,0.01113210217700505,0.016645890989716385,46.49482005757857,0.014912832532806763,19886902.0,-0.18075737626903554,1522.2282849137296,1,105053.65000000001,106280.59428571428,106400.979,-0.01678704166870935,-0.029237221586090913,48.978018987050746,591.1358537022668,-542.157834715216,-0.021452237607324953,-0.06281143748095153,0.04135919987362657
2025-06-22,bitcoin,101532.57,2017415966696.0,21644463199.0,1,126080.0,67.81,-0.01716199727247775,0.012251969341699604,0.01674197342895337,37.39483236981579,0.01072880534124451,19869643.0,-0.19469725571065985,1496.3096888364548,1,104489.31571428571,105984.24571428572,106066.71933333334,-0.0282971105138691,-0.04274808688184247,-262.1200557248376,420.4846718168459,-682.6047275416835,-0.05066513001668893,-0.0657656543551074,0.015100524338418464
2025-06-23,bitcoin,100852.58,2005179769772.0,51287142390.0,1,126080.0,67.81,-0.006719787086891535,0.011950315651648382,0.016748380912997008,35.87060798481863,0.025577328857567534,19882285.0,-0.2000905774111675,1486.2818168411738,1,103817.61428571427,105638.55500000001,105854.58300000001,-0.02856003103244368,-0.04725353270722356,-557.1149569295812,224.9647460675605,-782.0797029971418,-0.036594524710789944,-0.04837410122719321,0.011779576516403267
2025-06-24,bitcoin,105511.62,2097741233587.0,50011797129.0,1,126080.0,67.81,0.04516124240967933,0.02233819973223449,0.01734992351787474,36.20481448329659,0.023840784710840196,19881613.0,-0.16313753172588835,1554.9890871552868,1,103611.94999999998,105299.27285714285,105777.25833333333,0.0183344681766921,-0.0025112990969782594,-410.22611933297594,97.92657298745323,-508.1526923204292,0.0075334192109255405,-0.0050350057088670575,0.012568424919792598
2025-06-25,bitcoin,105976.07,2107110352430.0,31704641077.0,1,126080.0,67.81,0.004392224877642652,0.020650378942002147,0.017455658597423568,37.985591762054256,0.015046502448453637,19882888.0,-0.15945375951776644,1561.8383719215456,1,103796.6142857143,104996.65428571428,105681.067,0.020997368067193985,0.0027914460780379094,-253.41718823210977,27.657820743540633,-281.0750089756504,0.012278269358342975,0.004675259717427327,0.007603009640915648
2025-06-26,bitcoin,107238.53,2132141147369.0,30468274982.0,1,126080.0,67.81,0.011842291793353268,0.020975120577909467,0.01754604146509369,45.84866677533755,0.01428998967521309,19882230.0,-0.1494405932741117,1580.455979943961,1,104156.01857142858,104893.69357142856,105609.76066666668,0.0295951349797178,0.015422526507508688,-26.964183087766287,16.73341997727925,-43.69760306504554,0.03822650590651899,0.01595422421158954,0.022272281694929452
2025-06-27,bitcoin,106984.01,2127292099755.0,24320699663.0,1,126080.0,67.81,-0.0023762216595952447,0.02105039920596207,0.016126891377833453,53.36834045588821,0.011432703419432156,19884206.0,-0.1514593115482234,1576.702551246129,1,104483.64142857143,104965.46357142857,105540.27900000001,0.02393071812239531,0.013679431338247505,130.4599569323036,39.478727368284126,90.98122956401949,0.05369153957198147,0.0003061207220820261,0.053385418849899446
2025-06-28,bitcoin,107078.92,2129020567386.0,25194306262.0,1,126080.0,67.81,0.0008867486418052236,0.019831779258120127,0.016126982123307567,53.45752440503118,0.01183375428492616,19882724.0,-0.15070653553299493,1578.10219731603,1,105024.9,105039.275,105514.97033333333,0.019557457326786355,0.01482206422203389,259.88240330778353,83.559462556184,176.32294075159953,0.06173704232454935,0.022883279892842667,0.038853762431706684
2025-06-29,bitcoin,107331.59,2134239999930.0,8960877694.0,1,126080.0,67.81,0.002356881824149904,0.017394868182709973,0.01603708161340407,56.31653325278841,0.00419862700272411,19884547.0,-0.14870249048223352,1581.8283439020793,1,105853.33142857142,105171.32357142857,105567.84266666666,0.013965158691543808,0.016707240470020902,378.47614444745705,142.54279893443862,235.93334551301842,0.01724900063139967,0.024912363795051018,-0.007663363163651349
2025-06-30,bitcoin,108396.62,2155183166490.0,14881078675.0,1,126080.0,67.81,0.009873893199238905,0.016151145919396367,0.01619974877544681,59.09358800187619,0.006904786055486782,19882383.0,-0.14025523477157364,1597.5344344491962,1,106931.05142857143,105374.33285714286,105714.03266666667,0.013705734226391158,0.025375886868226456,552.038008366595,224.4418408208699,327.5961675457251,0.02284053371671546,0.03539924530032046,-0.012558711583604998
2025-07-01,bitcoin,107132.8,2130471589192.0,22489515582.0,1,126080.0,67.81,-0.011727721304981186,0.007888149845338654,0.01623518372186985,50.58580173807533,0.01055612085891713,19886268.0,-0.15027918781725885,1578.8967703878484,1,107162.64857142858,105387.29928571428,105795.54233333333,-0.0002785352156416946,0.012640019013781622,580.9109443902416,295.7356615347443,285.17528285549736,-0.0009859329477940326,0.03720288418707263,-0.03818881713486666
2025-07-02,bitcoin,105613.4,2100087563078.0,25033160828.0,1,126080.0,67.81,-0.014283929241424792,0.009913060170977733,0.015605347454432743,53.15339387075552,0.01192005574820417,19884670.0,-0.16233026649746196,1556.490045715971,1,107110.83857142857,105453.72642857143,105792.322,-0.013980271197578047,-0.0016912569515206023,475.70642481457617,331.72981419071067,143.9766106238655,-0.012811353771465472,0.040192324492524856,-0.05300367826399033
2025-07-03,bitcoin,108824.44,2163835371770.0,36395184773.0,1,126080.0,67.81,0.02995068438751399,0.014817262018999184,0.017459632375930307,61.4462094515629,0.016819756829850246,19883726.0,-0.13686199238578678,1603.843533402153,1,107337.39714285712,105746.70785714286,105890.31199999999,0.013853912026241408,0.027709126024673642,644.0114146078267,394.1861342741339,249.82528033369283,0.016301247715236666,0.07904468085992455,-0.06274343314468789
2025-07-04,bitcoin,109602.2,2179664531220.0,29892049538.0,1,126080.0,67.81,0.007121505756441873,0.014774150590800858,0.017472656573243532,63.158402350726064,0.013714059714165668,19887051.0,-0.1306932106598985,1615.3132281374428,1,107711.4242857143,106097.53285714285,106029.236,0.017554087013743752,0.033697913281200975,830.578669692477,481.4646413578025,349.11402833467446,0.02115509515884373,0.038769000039995616,-0.017613904881151887
2025-07-05,bitcoin,108040.89,2148601712907.0,24248906785.0,1,126080.0,67.81,-0.014347680724926313,0.016262467428049716,0.017538940645842598,62.61898412340881,0.011285901262822641,19886931.0,-0.1430766973350254,1592.2884530305264,1,107848.84857142856,106436.87428571431,106136.83499999999,0.00178065348972406,0.01793962482487826,842.735366186811,553.7187863236043,289.01657986320674,-0.0032817443938749635,0.019483832529362477,-0.02276557692323744
2025-07-06,bitcoin,108217.47,2152344091390.0,10042942281.0,1,126080.0,67.81,0.0016330470576268073,0.016256761752520183,0.01655096618988264,69.38441035134295,0.004666048668135675,19889063.0,-0.14167615799492383,1594.8924937324878,1,107975.40285714286,106914.36714285715,106355.72600000001,0.0022418730234088995,0.01750487792260467,856.7421755064424,614.3234641601719,242.41871134627058,0.01012453702320859,0.009128621960782235,0.0009959150624263557
2025-07-07,bitcoin,109215.2,2171497503296.0,14638669497.0,1,126080.0,67.81,0.00917743412553696,0.01619666476260205,0.01626075568248456,73.81058407627931,0.006741278530037795,19882741.0,-0.13376269035532998,1609.6061052942043,1,108092.34285714287,107511.69714285714,106515.90766666667,0.010387943430378988,0.025341682688191126,937.5437249676179,678.9675163216612,258.57620864595674,0.034103627001876635,0.020855359600000067,0.013248267401876568
2025-07-08,bitcoin,108300.72,2153777588647.0,25493246476.0,1,126080.0,67.81,-0.008408445579101663,0.015803192696640843,0.012003746688167624,60.093615013144046,0.011836526951705733,19887011.0,-0.14101586294416243,1596.1201887627194,1,108259.18857142856,107710.91857142858,106603.21666666666,0.00038362959412021735,0.015923565783584153,917.215551753834,726.6171234080957,190.59842834573828,-0.004812521893060029,0.011410275710662887,-0.016222797603722916
2025-07-09,bitcoin,108953.19,2167049398057.0,20488865138.0,1,126080.0,67.81,0.006006538263704065,0.014194018096603978,0.012037610698451317,60.62939779408718,0.00945472916139823,19889729.0,-0.13584081535532994,1605.74222091137,1,108736.30142857143,107923.56999999999,106711.91466666666,0.0019946289194970007,0.02100304675756549,942.8852103270037,769.8707407918773,173.0144695351264,-0.005921505225260026,0.015108319927059632,-0.02102982515231966
2025-07-10,bitcoin,111327.53,2215210888568.0,37078460441.0,1,126080.0,67.81,0.021558236753497894,0.011840082438226648,0.012899235032943858,63.525349859685655,0.016738117635819758,19898141.0,-0.11700880393401016,1640.7568205279456,1,109093.88571428573,108215.64142857143,106747.44666666668,0.020474513957309478,0.04290578816030366,1141.6576754732087,844.2281277281436,297.42954774506507,0.0304203343752536,0.027038758219582792,0.003381576155670807
2025-07-11,bitcoin,115879.65,2303292357000.0,56204086624.0,1,126080.0,67.81,0.04007557532919886,0.018381191710855907,0.01619071983708917,72.91077519643386,0.024401629455847666,19876591.0,-0.08090379124365486,1707.8873322518803,1,109990.66428571427,108851.04428571428,106936.34400000001,0.053540777778997295,0.08363205310254464,1647.5128242290957,1004.8850670283341,642.6277572007616,0.07080354031562552,0.08164493040413379,-0.010841390088508263
2025-07-12,bitcoin,117571.03,2338612196962.0,64185145924.0,1,126080.0,67.81,0.014490509048865697,0.01556506083634245,0.01628722439941045,74.96916963388614,0.02744582706246911,19891058.0,-0.06748865799492387,1732.8302610234477,1,111352.11285714286,109600.48071428572,107232.71233333334,0.05584911667401936,0.0964101106995219,2159.987908590774,1235.9056353408223,924.0822732499519,0.07650794028669994,0.11322076554679628,-0.03671282526009634
2025-07-13,bitcoin,117418.96,2335485977831.0,24351256098.0,1,126080.0,67.81,-0.0012942680769344943,0.015927502923051493,0.016390622417037412,74.12146518836153,0.010426633398422442,19890195.0,-0.06869479695431467,1730.5876714348917,1,112666.61142857143,110321.00714285715,107614.03666666667,0.04218062930242186,0.09111193703944018,2524.753539830388,1493.6752162387356,1031.0783235916524,0.08419371542497589,0.07897600943317507,0.005217705991800825
2025-07-14,bitcoin,119117.56,2369050366836.0,27310851455.0,1,126080.0,67.81,0.014362511117334923,0.015913480523802117,0.016506950867779268,74.88253779632461,0.011528185232918951,19888339.0,-0.05522239847715738,1755.6370741778499,1,114081.2342857143,111086.78857142858,108049.77,0.04414683752169372,0.10243233280366995,2917.2673131397023,1778.3936356189288,1138.8736775207735,0.0932911647653456,0.08681723542045683,0.006473929344888774
2025-07-15,bitcoin,119833.67,2383825813674.0,68915956379.0,1,126080.0,67.81,0.005993793326666391,0.013527057008041828,0.015638750728591687,80.24680656086885,0.028909812111139677,19892788.0,-0.04954259200507616,1766.197610971833,1,115728.79857142859,111993.99357142858,108528.12866666666,0.03546974892371197,0.10417153112496011,3248.672721708077,2072.4494528367586,1176.2232688713184,0.07640643783258283,0.10915108159512577,-0.032744643762542935
2025-07-16,bitcoin,117678.19,2341223394840.0,80299520980.0,1,126080.0,67.81,-0.01815100246513293,0.018286367770640643,0.016090297365246586,77.88712463831637,0.03429810293070632,19895134.0,-0.0666387214467005,1734.4105589146143,1,116975.22714285714,112855.76428571428,108932.252,0.006009501963046943,0.08028786552581332,3299.3517999686883,2317.8299222631445,981.5218777055438,0.01552075795879615,0.08742322288628634,-0.0719024649274902
2025-07-17,bitcoin,118748.16,2363194640210.0,50374263849.0,1,126080.0,67.81,0.009051252576371653,0.017684497401841272,0.014786437737462783,75.4579690514305,0.021316172181451633,19900895.0,-0.05815228426395936,1750.1895000737354,1,118035.31714285714,113564.60142857142,109325.48166666666,0.006039233632761956,0.08618922313155762,3386.811911996585,2531.6263202098326,855.1855917867524,0.010012075253572394,0.08728601879591857,-0.07727394354234618
2025-07-18,bitcoin,119445.37,2376237382764.0,49282617206.0,1,126080.0,67.81,0.00585416397486702,0.011315892918924864,0.014784462347952639,75.35612073251473,0.02073977017762227,19893926.0,-0.05262238261421324,1760.4713169149093,1,118544.70571428572,114267.68500000001,109817.54666666666,0.0075976761702461594,0.08767108377094808,3472.3565363831294,2719.772363444492,752.5841729386375,0.01725794539484915,0.1029046713632189,-0.08564672596836975
2025-07-19,bitcoin,117988.95,2347165317625.0,58896449261.0,1,126080.0,67.81,-0.012268136019742255,0.011819801372589084,0.014571672701629353,75.76555455178362,0.025092586712466804,19893094.0,-0.06417393718274114,1738.9933638106472,1,118604.40857142858,114978.26071428573,110259.75499999999,-0.005189171118018969,0.07009987460973414,3383.6260109152645,2852.5430929386466,531.0829179766179,-0.009474757542045076,0.0829324960563338,-0.09240725359837887
2025-07-20,bitcoin,117901.63,2345398337786.0,23934511126.0,1,126080.0,67.81,-0.0007403432895742434,0.011807580903695575,0.014643666892099321,75.19856159286424,0.010204881081562292,19892841.0,-0.06486651332487306,1737.7056481344935,1,118673.36142857141,115669.98642857141,110700.12100000001,-0.006502987859123789,0.06505421073568646,3268.5822543701506,2935.7509252249474,332.8313291452032,-0.01612268071235734,0.059051880518682154,-0.0751745612310395
2025-07-21,bitcoin,117256.92,2333757287860.0,36702153882.0,1,126080.0,67.81,-0.005483207948824059,0.010224916720084307,0.014929766540867428,71.31648312965076,0.015726637072724474,19902939.0,-0.06998001269035535,1728.1980533844564,1,118407.55571428571,116244.395,111165.68133333333,-0.009717586917022165,0.05479423679689352,3089.769598907529,2966.5546599614636,123.21493894606556,-0.0035798477185959854,0.011885348290230358,-0.015465196008826343
2025-07-22,bitcoin,117482.47,2337365497467.0,46344384345.0,1,126080.0,67.81,0.0019217061901042377,0.009784130685848373,0.01446001093584052,75.2610220785474,0.019827615490698117,19895441.0,-0.06819106916243654,1731.5242589588556,1,118071.67,116900.2342857143,111697.34466666666,-0.004990189433248442,0.0517928635689383,2932.4557566059666,2959.734879290364,-27.279122684397407,-0.010658607257577724,-0.0007532467819666433,-0.00990536047561108
2025-07-23,bitcoin,119955.8,2387516761560.0,58939000421.0,1,126080.0,67.81,0.02083421063263393,0.010665974399758502,0.015007946207394306,77.51394000683189,0.024686319011427312,19903304.0,-0.04857392131979693,1767.9986727621294,1,118397.04285714286,117686.13500000001,112334.11866666666,0.013165507391412857,0.06784832091797015,2973.0885495992407,2962.4056133521394,10.682936247101225,0.004273334328488421,0.02160502869383274,-0.01733169436534432
2025-07-24,bitcoin,118629.06,2359931875301.0,45225685168.0,1,126080.0,67.81,-0.011121859752389008,0.011377618946511176,0.015089207484065585,69.26829088072473,0.019163979113690152,19893371.0,-0.05909692258883251,1748.4331219584133,1,118380.02857142857,118207.67285714285,112771.36666666667,0.0021036608250281437,0.051943090755011356,2865.205198815078,2942.9655304447274,-77.7603316296495,0.005425169051847645,-0.004100990651588199,0.009526159703435844
2025-07-25,bitcoin,118354.44,2354764508343.0,51940414419.0,1,126080.0,67.81,-0.002317630745809363,0.011074887624615596,0.011147823293263637,58.43514882228517,0.022057583352803892,19895870.0,-0.061275063451776635,1744.3832768028315,1,118224.18142857144,118384.44357142858,113183.979,0.0011017929653187443,0.04568191581248434,2726.122286390848,2899.596881633952,-173.47459524310398,0.0038405745535494695,-0.012344026516086792,0.016184601069636262
2025-07-26,bitcoin,117540.81,2338855554999.0,91617702596.0,1,126080.0,67.81,-0.006898258667314006,0.01035177446878186,0.010688110823685745,49.890441829034145,0.039172022573253425,19898243.0,-0.06772834708121829,1732.384604040702,1,118160.16142857143,118382.285,113527.38833333334,-0.0052416264592346174,0.03535201263401442,2521.1823147035757,2823.9139682478767,-302.731653544301,0.002421093782780659,-0.001167421082870157,0.003588514865650816
2025-07-27,bitcoin,117959.54,2346959472845.0,25145925064.0,1,126080.0,67.81,0.003556091880663241,0.010464920354261855,0.0107221288994565,51.92262003838265,0.010714256191871068,19896309.0,-0.0644072017766498,1738.559651968736,1,118168.43428571429,118420.89785714285,113893.23933333335,-0.0017677672296919926,0.035702739604813016,2365.2883503935736,2732.1888446770163,-366.90049428344264,0.004060776045992087,-0.006641113428620837,0.010701889474612925
2025-07-28,bitcoin,119418.91,2376524838793.0,30220402191.0,1,126080.0,67.81,0.01229587931537291,0.01103448722126903,0.010526488825076747,51.09033163304075,0.012716215584074632,19900741.0,-0.052832249365482205,1760.0811089809763,1,118477.29000000001,118442.42285714287,114304.57233333333,0.007947683475879598,0.044743071622299735,2332.6113316276897,2652.273342067151,-319.6620104394615,-0.00447573189458117,-0.00022152386484286524,-0.0042542080297383045
2025-07-29,bitcoin,118003.3,2349472897426.0,43433742204.0,1,126080.0,67.81,-0.011924973451536905,0.01234207996306664,0.010849684018941978,43.69650429894158,0.018486590014119543,19910230.0,-0.06406012055837561,1739.2049845155582,1,118551.69428571429,118311.68214285713,114660.29600000002,-0.004625781934357099,0.029155724488972065,2167.501059584596,2555.3188855706403,-387.8178259860442,-0.005274930105658715,0.00012162155862904811,-0.005396551664287763
2025-07-30,bitcoin,117853.31,2345126504020.0,42860287144.0,1,126080.0,67.81,-0.0012718746378951574,0.00856000729047217,0.009684352304647812,50.699741073426445,0.018276322010999914,19898690.0,-0.06524976205583759,1736.9930688688983,1,118251.33857142857,118324.19071428571,114975.51900000001,-0.0033659540453163305,0.025029597822471952,2001.475278814818,2444.550164219476,-443.07488540465783,-0.004234146179898368,-0.00040983318042342454,-0.0038243129994749436
2025-07-31,bitcoin,117833.24,2343717963710.0,43054424657.0,1,126080.0,67.81,-0.00017031094942412828,0.007683000709251111,0.009336510337877317,46.00935158287754,0.018370138951722154,19890126.0,-0.06540894670050758,1736.6970948237724,1,118137.65000000001,118258.83928571429,115332.20033333333,-0.0025767399300731264,0.021685528061011317,1846.9882394218002,2325.0377792599406,-478.0495398381404,0.0024879018614896165,0.004915019087999406,-0.0024271172265097896
2025-08-01,bitcoin,115700.0,2302199162425.0,45238249453.0,1,126080.0,67.81,-0.01826977038936533,0.01012877531318574,0.010245090969937441,35.48230799584168,0.01965001559871506,19898005.0,-0.08232868020304568,1705.2380179914467,1,117758.44428571429,117991.31285714285,115668.42033333333,-0.017480226562096347,0.0002730189154106685,1534.730094718776,2166.9762423517077,-632.2461476329318,-0.019155212032871516,-0.015172221013058373,-0.003982991019813142
2025-08-02,bitcoin,113234.61,2253609880959.0,65794680822.0,1,126080.0,67.81,-0.021538773110654164,0.012290786891528576,0.011196100309652998,32.90826341105674,0.029195239769716382,19902130.0,-0.1018828521573604,1668.8806960625277,1,117143.27285714286,117651.71714285715,115815.42599999999,-0.03336651573590149,-0.022283870889530655,1075.9243107523653,1948.7658560318393,-872.8415452794741,-0.0517866056556705,-0.05603055458760642,0.004243948931935915
2025-08-03,bitcoin,112554.9,2240413983638.0,33543439044.0,1,126080.0,67.81,-0.006020758477777981,0.011653006091896708,0.011205317630342212,31.563877305148935,0.014971982539375124,19905077.0,-0.10727395304568532,1658.8569532517326,1,116371.18142857144,117269.80785714286,115913.84933333333,-0.03279404214791677,-0.028977981083813466,649.9779636476014,1689.0082775549918,-1039.0303139073903,-0.0461715901165477,-0.05120296831147442,0.005031378194926717
2025-08-04,bitcoin,114199.11,2272802075267.0,24689273719.0,1,126080.0,67.81,0.014502401235334203,0.012266203743286288,0.012141777383236336,40.13621768507357,0.010862922903702294,19902100.0,-0.09423294733502538,1683.1042619082732,1,115625.49571428572,117051.39285714286,116119.12333333334,-0.012336255991588226,-0.016534859015613787,440.0142106322164,1439.2094641704368,-999.1952535382204,-0.031006341697148776,-0.03510920249379745,0.004102860796648677
2025-08-05,bitcoin,115138.69,2292395156144.0,32488023583.0,1,126080.0,67.81,0.008193897882872154,0.013081678906755143,0.012405983020454897,42.772455289246125,0.014172086996400554,19909860.0,-0.0867806947969543,1696.960330334759,1,115216.2657142857,116883.98,116349.83066666666,-0.000673305229993104,-0.010409475112486275,345.4505384904478,1220.457679034439,-875.0071405439912,-0.022867486288249417,-0.020436476488463806,-0.0024310097997856106
2025-08-06,bitcoin,114128.35,2271583255077.0,37316213252.0,1,126080.0,67.81,-0.008813709466334831,0.013176780566574417,0.010728430591897561,30.247579354399647,0.016427402855958756,19903760.0,-0.09479417829949234,1682.060758000295,1,114684.12857142858,116467.73357142857,116513.60233333334,-0.004846168152050928,-0.02047187869541084,186.82851002052485,1013.7318452316562,-826.9033352111313,-0.01358383751080372,-0.03247884825593583,0.018895010745132113
2025-08-07,bitcoin,115022.1,2289295036529.0,32052509631.0,1,126080.0,67.81,0.007800591550182306,0.013944248285780763,0.010892786905053405,37.40431784912116,0.014001039236776404,19903089.0,-0.0877054251269035,1695.2409674089367,1,114282.53714285714,116210.09357142857,116737.64833333335,0.006471354903666416,-0.014695758890351749,131.71918845552136,837.3293138764292,-705.6101254209078,0.015785721344384163,-0.03681837323753834,0.0526040945819225
2025-08-08,bitcoin,117463.47,2337732858704.0,38289687095.0,1,126080.0,67.81,0.0210031078165006,0.014858222898928295,0.012533853023041327,47.297632573632136,0.01637898314704237,19901786.0,-0.06834176713197969,1731.2440642973013,1,114534.46142857142,116146.45285714285,117021.32433333334,0.025573164049452805,0.003778334155638325,281.79445858600957,726.2223428183453,-444.4278842323357,0.04361045143303399,-0.004574702571877198,0.04818515400491119
2025-08-09,bitcoin,116688.37,2323026541073.0,33017415813.0,1,126080.0,67.81,-0.00662051454414392,0.011606348989247521,0.01252322975075965,47.40843926291737,0.01421310313473618,19907953.0,-0.07448945114213201,1719.813596814629,1,115027.85571428572,116085.5642857143,117200.019,0.014435757977083226,-0.004365605094313209,334.3321265391278,647.8442995625019,-313.5121730233741,0.021797542905544587,-0.009884660855091876,0.03168220376063646
2025-08-10,bitcoin,116510.08,2318815857402.0,27638785406.0,1,126080.0,67.81,-0.0015290842176549078,0.011052093231767004,0.012469545271723727,45.5280198346047,0.011919353284467565,19902277.0,-0.07590355329949237,1717.184338593128,1,115592.88142857142,115982.03142857143,117221.03333333334,0.007934732313039108,-0.0060650662523307535,357.46150027401745,589.7677397048051,-232.30623943078763,0.011910766050925226,-0.011229089516676338,0.023139855567601564
2025-08-11,bitcoin,119266.93,2374097296838.0,37157754755.0,1,126080.0,67.81,0.02338629747351237,0.012718451762230853,0.013666066004344784,49.565858256920016,0.015651319263321462,19905747.0,-0.05403767449238584,1757.8398466302904,1,116316.85571428572,115971.17571428571,117277.56333333332,0.0253623971143157,0.01696289222016296,591.428827271171,590.0999572180783,1.3288700530927144,0.04502457102025903,0.03082912705272256,0.01419544396753647
2025-08-12,bitcoin,118773.8,2364060561673.0,61739781528.0,1,126080.0,67.81,-0.004143246455700601,0.01324065824827925,0.013301097386247,52.32343969188868,0.02611598980539989,19903889.0,-0.05794892131979693,1750.5676153959594,1,116836.15714285716,116026.21142857145,117322.72466666668,0.0165842741196431,0.01236823758957246,728.65862674448,617.8116911233586,110.84693562112136,0.03261721008397522,0.04891781761777603,-0.016300607533800804
2025-08-13,bitcoin,120202.53,2392854421746.0,46941089790.0,1,126080.0,67.81,0.011957226246741465,0.012049097637007173,0.013633969657138933,56.57685209655674,0.019617194160833396,19906856.0,-0.04661698921319798,1771.6372216487243,1,117703.89714285712,116194.01285714285,117358.89033333333,0.021228123433417723,0.024230287612552463,941.8438129216374,682.6181154830144,259.225697438623,0.023318398477415903,0.06794577579474548,-0.044627377317329575
2025-08-14,bitcoin,123560.99,2458895200753.0,61818118106.0,1,126080.0,67.81,0.027556810187490854,0.014266252677116766,0.015298973438188698,63.51002328033343,0.025140607085275178,19900255.0,-0.0199794574873096,1821.164724966819,1,118923.73857142856,116603.13785714286,117483.13433333334,0.0389934884681261,0.051733856958753335,1366.0473198932305,819.3039563650577,546.7433635281727,0.05889721486382937,0.08197857233738515,-0.023081357473555775
2025-08-15,bitcoin,118405.6,2360043737045.0,73822008368.0,1,126080.0,67.81,-0.04261886169127769,0.023522536183349086,0.01890888775673142,55.58539737327781,0.031279932320420555,19931859.0,-0.060869289340101475,1745.1377377967851,1,119058.32857142857,116796.395,117507.38133333335,-0.0054824268008849646,0.007643933993547817,1271.5768217098084,909.7585294340079,361.81829227580056,0.016269150274379696,0.028373694368070357,-0.012104544093690661
2025-08-16,bitcoin,117339.79,2335290383260.0,44268714220.0,1,126080.0,67.81,-0.00904210480364983,0.023673037277369,0.018003243611194524,58.99441384846752,0.018956406679584797,19901948.0,-0.06932273159898482,1729.420144521457,1,119151.38857142857,117089.62214285714,117460.43566666666,-0.015204175067943632,-0.0010271174798724236,1098.0486898372183,947.4165615146501,150.63212832256818,-0.016158209153199432,0.028138845431481263,-0.044297054584680695
2025-08-17,bitcoin,117501.22,2339465736068.0,23202714237.0,1,126080.0,67.81,0.0013748026839634836,0.023650950037875287,0.017840376665175777,61.089190241067804,0.009917954291562909,19910140.0,-0.06804235406091369,1731.8007668485475,1,119292.98,117442.93071428571,117395.63066666666,-0.015019827654569403,0.0008994315438633955,962.4578322180896,950.424815655338,12.03301656275164,-0.01071431578344717,0.021553423211713163,-0.03226773899516033
2025-08-18,bitcoin,117542.84,2340648324182.0,20906566027.0,1,126080.0,67.81,0.0003541463709825284,0.021561432254434174,0.017541294816896286,58.07670103889642,0.008931955224117804,19913151.0,-0.06771224619289343,1732.414540628226,1,119046.68142857144,117681.76857142858,117380.76033333334,-0.012632367492526457,0.0013808026648182365,848.577612348774,930.0553749940252,-81.47776264525123,-0.022126738929704737,0.0006756994323426913,-0.022802438362047428
2025-08-19,bitcoin,116256.41,2313556987528.0,47337926941.0,1,126080.0,67.81,-0.011004680147746835,0.02182520361997668,0.01777389624592479,52.65533314011223,0.020461102620852163,19900468.0,-0.077915529822335,1713.4434449196283,1,118687.05428571429,117761.60571428572,117325.91966666667,-0.02047943897792774,-0.009115715177901326,647.0636211423262,873.4570242236854,-226.39340308135922,-0.059117201958320376,-0.0037018256403786864,-0.05541537631794169
2025-08-20,bitcoin,112778.34,2245419916216.0,46156885037.0,1,126080.0,67.81,-0.030373883383352934,0.022812814587995982,0.01950994197832202,47.129400967831224,0.020556014803139344,19910028.0,-0.1055017449238579,1662.1520424716118,1,117626.45571428572,117665.17642857143,117176.63366666666,-0.04121620161761724,-0.03753558648201592,204.35546710717608,739.6367128003836,-535.2812456932076,-0.04752528596620442,-0.03202933171104172,-0.015495954255162703
2025-08-21,bitcoin,114252.4,2274471285844.0,42166369117.0,1,126080.0,67.81,0.01298573676931375,0.019304793673079305,0.019734713435011274,48.40276342471425,0.018538976235680682,19907427.0,-0.0938102791878173,1683.8901341984956,1,116296.65714285713,117610.19785714286,117068.96466666668,-0.017577952738108398,-0.024059020891543378,-27.235656049786485,586.2622390303496,-613.4978950801361,-0.02631153507262962,-0.04204459693898388,0.01573306186635426
2025-08-22,bitcoin,112414.4,2238121481750.0,32048202091.0,1,126080.0,67.81,-0.016217992985518553,0.013987771809499505,0.019115436962379936,39.25335133710803,0.014319241539088095,19909562.0,-0.10838832487309649,1656.7849874649755,1,115440.77142857142,117249.55,116817.58466666666,-0.02621579352875323,-0.03769282406609367,-354.99239748559194,398.01131172716134,-753.0037092127533,-0.04329163561025162,-0.05354211113898866,0.010250475528737035
2025-08-23,bitcoin,116834.25,2326174803321.0,50878158871.0,1,126080.0,67.81,0.038564220577423335,0.022218160313033357,0.022068660556161874,50.2687930330497,0.02187202732931463,19910042.0,-0.07333240799492385,1721.9649019318683,1,115368.55142857143,117259.96999999999,116757.75766666667,0.012704489683534189,0.0006551370535198796,-255.15574308361101,267.3779007650069,-522.5336438486179,-0.006028355278807296,-0.028021706365082277,0.02199335108627498
2025-08-24,bitcoin,115359.98,2296786080140.0,27306719885.0,1,126080.0,67.81,-0.012698763543830474,0.022640641953619204,0.02233200131394488,47.9774620939009,0.011889100217524623,19909730.0,-0.08502553934010156,1700.22371331662,1,115062.65999999999,117177.81999999999,116657.94233333334,0.0025839833704522997,-0.011126223447560927,-291.6339683460683,155.5755269427919,-447.2094952888602,-0.007710800634562975,-0.06637216163450943,0.058661360999946455
2025-08-25,bitcoin,113399.55,2259663171125.0,40682656777.0,1,126080.0,67.81,-0.017140077134494926,0.023214944835559796,0.021582496990997704,39.384411745974795,0.018003858848018334,19926562.0,-0.10057463515228424,1671.3130806665683,1,114470.76142857142,116758.72142857141,116519.90033333332,-0.009357947961583575,-0.026779548595620192,-473.2778887841996,29.804843797393588,-503.0827325815932,0.005508238550061995,-0.0422788280284041,0.0477870665784661
2025-08-26,bitcoin,110185.35,2194453712376.0,52854872364.0,1,126080.0,67.81,-0.028753475259208166,0.02487395031996503,0.022607743320371902,35.85413458291815,0.02408566289911509,19916021.0,-0.126067972715736,1623.9129921840438,1,113603.46714285713,116145.2607142857,116260.76066666665,-0.030088141047304652,-0.05225675999218317,-866.6014402524452,-149.47641301257417,-717.125027239871,-0.035597064044168736,-0.06097198571771767,0.025374921673548934
2025-08-27,bitcoin,111842.71,2227025695776.0,43023800053.0,1,126080.0,67.81,0.014929561463680407,0.02385243582531773,0.022796063852150012,36.333633912673335,0.019318950892485545,19912122.0,-0.11292266814720807,1648.3542250405546,1,113469.80571428571,115548.13071428573,116008.22066666668,-0.014339459771198484,-0.03590703005984101,-1032.6740638785413,-326.1159431857676,-706.5581206927737,-0.005085558433794879,-0.04815703190145593,0.04307147346766105
2025-08-28,bitcoin,111216.08,2215255294290.0,36957904263.0,1,126080.0,67.81,-0.005618533557449878,0.02303201688949979,0.020768929427250192,27.83961110881738,0.016683361217220423,19918480.0,-0.11789276649746191,1639.1132576316177,1,113036.0457142857,114666.35142857142,115781.98,-0.01610075531911227,-0.03943532490980025,-1201.0071557351184,-501.0941856956378,-699.9129700394806,-0.0480866697907506,-0.05382514153988449,0.005738471749133889
2025-08-29,bitcoin,112525.6,2239422945687.0,34222495087.0,1,126080.0,67.81,0.011705775634359547,0.022950481283467827,0.018675933506567193,37.75391874600129,0.015281836400270239,19901453.0,-0.10750634517766493,1658.4248635894412,1,113051.93142857144,114246.35142857142,115604.38966666667,-0.004655660650114383,-0.02663211730578775,-1214.742231625758,-643.8237948816619,-570.9184367440961,-0.02456987249824416,-0.03209121974435647,0.007521347246112309
2025-08-30,bitcoin,108480.31,2160278651486.0,51702115726.0,1,126080.0,67.81,-0.03661206945557329,0.019267740568770755,0.020639870623687724,33.58574966761972,0.023933077193738616,19914016.0,-0.13959144987309646,1598.7686181979059,1,111858.51142857144,113613.53142857143,115292.62533333334,-0.030200664977815563,-0.05908717330043983,-1534.3613112366584,-821.9312981526612,-712.4300130839972,-0.04337971358792869,-0.038110420848542326,-0.0052692927393863664
2025-08-31,bitcoin,108781.96,2166165747945.0,27799981331.0,1,126080.0,67.81,0.0027768299928914463,0.0198651344321258,0.020679717769012056,33.92904143341525,0.012833727685599918,19912913.0,-0.1371989213197969,1603.2170771272674,1,110918.79428571429,112990.72714285714,115062.024,-0.01926485317005918,-0.05457981514387404,-1743.226273196924,-1006.1902931615138,-737.0359800354103,-0.012736629688066547,-0.04788030710952229,0.035143677421455743
2025-09-01,bitcoin,108253.36,2155694976690.0,26140904019.0,1,126080.0,67.81,-0.004871106188648958,0.019502107029700375,0.02061283516679762,33.17998316817773,0.012126439177001987,19913423.0,-0.14139149746192892,1595.4217667010764,1,110183.62428571428,112327.19285714286,114895.98233333333,-0.017518613117217495,-0.057814226384887195,-1929.1686078017083,-1190.7859560895527,-738.3826517121556,-0.032092838236841725,-0.03701518666647685,0.004922348429635126
2025-09-02,bitcoin,109162.69,2174100506466.0,42999610648.0,1,126080.0,67.81,0.008364932600922718,0.017420858684332782,0.020890625630475924,36.97791187512989,0.019778115372364204,19916150.0,-0.1341791719543147,1608.831735732193,1,110037.53000000001,111820.49857142857,114782.90866666666,-0.00795037838453854,-0.04896389830116566,-1980.3259513490339,-1348.693955141449,-631.631996207585,-0.018463067570804514,-0.06566190992795351,0.047198842357148996
2025-09-03,bitcoin,111190.18,2212595221503.0,50235464643.0,1,126080.0,67.81,0.018402730301679417,0.018001001989679858,0.02030211752584573,46.920580702905525,0.02270431760621602,19899196.0,-0.11809819162436554,1638.7313080666568,1,109944.31142857143,111707.05857142856,114682.611,0.011331814763676817,-0.03045301261932388,-1836.1015800388413,-1446.1754801209274,-389.9260999179139,-0.011867699439061075,-0.036145984075239945,0.02427828463617887
2025-09-04,bitcoin,111711.52,2225365905592.0,36406080683.0,1,126080.0,67.81,0.004677765585825727,0.017965703200454177,0.01998033153257498,44.884263323287975,0.01635959308602561,19920648.0,-0.11396319796954311,1646.419554637959,1,110015.08857142857,111525.56714285714,114568.372,0.015419988754269899,-0.02493578245137322,-1660.5926671315392,-1489.0589175230498,-171.53374960848942,0.02978614275715108,-0.014885685172472019,0.0446718279296231
2025-09-05,bitcoin,110724.74,2204051936301.0,38708366685.0,1,126080.0,67.81,-0.008872532503639832,0.017530611159257605,0.019661015907422506,46.47734162151617,0.017562365953119594,19905686.0,-0.12178981598984767,1631.8674236838226,1,109757.82285714286,111404.87714285715,114454.91833333332,0.008809551043260486,-0.032590808570320345,-1582.8790440032462,-1507.8229428190893,-75.05610118415689,0.01785939506881462,0.004895296879303901,0.01296409818951072
2025-09-06,bitcoin,110662.18,2204045604631.0,56020470627.0,1,126080.0,67.81,-0.0005651643888013593,0.008984657185142195,0.01603918212102586,34.275341457138566,0.025417110475978066,19916882.0,-0.12228600888324878,1630.944845892936,1,110069.51857142858,110964.01500000001,114309.58766666666,0.005384428280085687,-0.031908151723044585,-1508.9443359226425,-1508.0472214398,-0.8971144828424258,0.02225168807693345,-0.010555269985857985,0.032806958062791436
2025-09-07,bitcoin,110209.19,2195288669200.0,19340758702.0,1,126080.0,67.81,-0.004101850186704961,0.009361587918301714,0.01583876195421007,36.15689385766743,0.008810120952816696,19919289.0,-0.12587888642131978,1624.264562748857,1,110273.40857142858,110596.10142857142,114067.77833333334,-0.0005823577257700923,-0.03382715425610916,-1469.958290150942,-1500.4294351820286,30.471145031086508,0.009586608757992332,-0.009053457018085909,0.01864006577607824
2025-09-08,bitcoin,111131.99,2213764479139.0,22147049159.0,1,126080.0,67.81,0.008338306921901836,0.009105986443304202,0.01558326235782582,43.54579786343812,0.010004248133755249,19920137.0,-0.11855972398477153,1637.873175047928,1,110684.64142857143,110434.13285714286,113882.56566666666,0.004041649913256188,-0.024152737081087276,-1349.0483307554678,-1470.1532142967164,121.10488354124868,-0.0005233375825094422,-0.012384826208436173,0.01186148862592673
2025-09-09,bitcoin,112025.13,2231763512227.0,37159847900.0,1,126080.0,67.81,0.00800462713374384,0.009076517685512922,0.013597970748982021,56.03385396852048,0.0166504415438352,19921990.0,-0.11147580901015225,1651.0443887332253,1,111093.56142857143,110565.54571428572,113733.06733333334,0.008385441599399433,-0.015017069119639985,-1167.696900109382,-1409.6619514592496,241.9650513498675,0.0028073201403042702,0.032677082135919466,-0.029869761995615196
2025-09-10,bitcoin,111547.44,2222026777598.0,45338021458.0,1,126080.0,67.81,-0.004273249861655008,0.0066850567251129115,0.013062626078171165,48.95039816405879,0.020403904181123405,19920016.0,-0.11526459390862942,1643.9998525291255,1,111144.59857142858,110544.455,113475.751,0.0036244804853250052,-0.01699315477541983,-1050.4116835050518,-1337.8118978684101,287.4002143633584,0.007430137112988344,0.02542222993591947,-0.017992092822931127
2025-09-11,bitcoin,113975.32,2270241314653.0,52205187155.0,1,126080.0,67.81,0.021531962463682747,0.010439154226395549,0.014163539040871333,58.69486848855427,0.02299543525089068,19918710.0,-0.09600793147208116,1679.8040112077865,1,111467.99857142857,110741.54357142856,113315.80166666667,0.022493643563221834,0.005820179742216365,-752.8740159830922,-1220.8243214913466,467.95030550825436,0.02993922584933717,0.05285711224113521,-0.022917886391798037
2025-09-12,bitcoin,115503.17,2299764311656.0,43752917633.0,1,126080.0,67.81,0.013316041743845852,0.009617102652542075,0.014256833550218187,59.255510746086934,0.019024957214635038,19910833.0,-0.08388983185279189,1702.3353487686181,1,112150.63142857143,110954.22714285715,113159.15633333333,0.02989317606797241,0.020714308436180776,-389.30092586208775,-1054.5196423654947,665.218716503407,0.04803574003220601,0.058082848636287654,-0.010047108604081645
2025-09-13,bitcoin,116160.14,2314347371940.0,51192951486.0,1,126080.0,67.81,0.005671780837256842,0.00918272434806929,0.008981173253627017,80.24252839434605,0.022119821815291082,19923765.0,-0.07867909263959391,1712.0237428107948,1,112936.05428571429,111502.78642857143,112912.46133333333,0.028547886985047077,0.028762801096675006,-47.605873193359,-853.1368885310677,805.5310153377087,0.04524484804060469,0.0446978321287006,0.0005470159119040918
2025-09-14,bitcoin,115970.58,2310166037871.0,30063858748.0,1,126080.0,67.81,-0.001633218060375997,0.008724550966945396,0.009136822085818199,78.56031555075967,0.013013722068092653,19920277.0,-0.08018258248730963,1709.2282849137296,1,113759.11,112016.25928571429,112831.294,0.019439937601480894,0.02782283078309824,205.52484753790486,-641.4045413172732,846.9293888551781,0.03521932980573195,0.038125521879927904,-0.002906192074195957
2025-09-15,bitcoin,115373.56,2297459118244.0,26889399415.0,1,126080.0,67.81,-0.005161326544502712,0.009868506896643795,0.009160191478065655,78.13552088766653,0.01170397296799439,19913220.0,-0.08491782994923859,1700.423978764194,1,114365.04857142859,112524.845,112765.75300000001,0.008818353519445458,0.02312587758802964,353.8789467143797,-442.34784371094264,796.2267904253224,0.034300383764970244,0.04198537743236064,-0.007684993667390394
2025-09-16,bitcoin,115397.25,2297977599505.0,46947581231.0,1,126080.0,67.81,0.00020531192903652356,0.00995883347058301,0.009158376888618312,76.4900031951705,0.020429955993092722,19913625.0,-0.08472993337563452,1700.77333726589,1,114846.78,112970.17071428572,112695.62066666667,0.0047930817041627214,0.023972797854534766,467.96778285875916,-260.2847183970023,728.2525012557614,0.012475771070438624,0.042788511847498434,-0.03031274077705981
2025-09-17,bitcoin,116762.85,2325326932461.0,39964451595.0,1,126080.0,67.81,0.011764431098134102,0.009509398349493131,0.0085018155218786,75.08884941026682,0.01718659472657627,19914955.0,-0.0738987151015228,1720.9119598879222,1,115591.83857142857,113368.21857142857,112669.62100000001,0.01013057187292531,0.03632948228342751,660.9574090931274,-76.03629289897637,736.9937019921038,0.010906021020894885,0.05946563984364639,-0.048559618822751505
2025-09-18,bitcoin,116455.95,2321583680139.0,54740952295.0,1,126080.0,67.81,-0.0026318648166498777,0.007279379804430954,0.008646680197754327,71.78056508649453,0.02357914244629877,19935295.0,-0.07633288388324876,1716.3860787494468,1,115946.21428571429,113707.10642857144,112676.27233333333,0.004396311836707477,0.03354457498811414,780.1457782614452,95.20012133310797,684.9456569283373,0.0025465706222460582,0.04790663786367899,-0.04536006724143293
2025-09-19,bitcoin,117145.5,2333705338232.0,43642467075.0,1,126080.0,67.81,0.005903662008538848,0.005961300182014196,0.00796474641960989,80.30318476147316,0.01870093295842707,19921425.0,-0.07086373730964467,1726.554932900752,1,116180.83285714287,114165.73214285714,112821.84433333334,0.008303152242360773,0.03832285930278158,919.6432666040346,260.0887503872933,659.5545162167413,0.010131190169092807,0.045707333702714736,-0.03557614353362193
2025-09-20,bitcoin,115655.81,2303469041669.0,34296721252.0,1,126080.0,67.81,-0.012798126722102891,0.00785936861149182,0.009097660017369813,70.7698732170234,0.014889160927098891,19916587.0,-0.08267917195431473,1704.586344197021,1,116108.78571428571,114522.42,112868.62466666666,-0.003901304380190237,0.02469406658905163,899.6202359139861,387.9950474926319,511.6251884213542,0.002446401064507331,0.03683069732483313,-0.0343842962603258
2025-09-21,bitcoin,115715.52,2305371926506.0,18774953731.0,1,126080.0,67.81,0.0005161400189519037,0.007855243746405479,0.008895880520994767,73.67692777378832,0.008144002065408657,19922755.0,-0.08220558375634515,1705.4668927886744,1,116072.34857142858,114915.72928571429,112978.662,-0.003074191018104444,0.024224556668939905,878.4437846791698,486.0847949299395,392.35898974923026,0.002758037994839535,0.015268217715905585,-0.01251017972106605
2025-09-22,bitcoin,115304.48,2297332085238.0,18659113982.0,1,126080.0,67.81,-0.003558483540327224,0.007712478389872348,0.008964301551986461,68.76745748806471,0.008122079564333837,19924049.0,-0.08546573604060917,1699.4052499631323,1,116062.48,115213.76428571428,112927.66966666667,-0.0065309650457236485,0.021047191891491766,819.0522769062663,552.6782913252049,266.37398558106145,-0.01249001715871112,-0.00172021252750032,-0.0107698046312108
2025-09-23,bitcoin,112696.74,2245929069311.0,69152342029.0,1,126080.0,67.81,-0.02287578740641638,0.011547715672287394,0.011088364231838978,52.6171606178527,0.030790082809789877,19928962.0,-0.10614895304568524,1660.9486801356732,1,115676.69285714286,115261.73642857141,112838.895,-0.025761048172625426,-0.0012598049635278582,555.1616964356799,553.1749723472999,1.986724088380015,-0.03228010247651569,-0.029815735414919442,-0.002464367061596251
2025-09-24,bitcoin,112022.17,2232693472657.0,46154878824.0,1,126080.0,67.81,-0.006003696139349047,0.0094200656749776,0.011154237252497113,51.82199255897208,0.020672286361402642,19930818.0,-0.1114992861675127,1651.0007373543724,1,114999.45285714287,115295.64571428571,112792.98233333333,-0.02588953932538596,-0.006833867829253589,288.2713362785289,500.19424513354573,-211.92290885501683,-0.0437347572036485,-0.03404665217678482,-0.00968810502686368
2025-09-25,bitcoin,113320.57,2257741194219.0,46677543220.0,1,126080.0,67.81,0.011523906818338587,0.01152757789315391,0.009944126781040936,47.248554204007476,0.020674443704849325,19923490.0,-0.10120106281725882,1670.1483556997493,1,114551.54142857142,115248.87785714286,112897.48966666666,-0.01074600492686505,0.0037474733457980676,179.46012719497958,436.04742154583255,-256.58729435085297,-0.02019129000090869,-0.017794284929753323,-0.002397005071155367
2025-09-26,bitcoin,108963.53,2171950311711.0,74481796351.0,1,126080.0,67.81,-0.03920746586678595,0.016619253661584548,0.01360187218097067,27.79783099348981,0.03429258761095938,19932819.0,-0.13575880393401016,1605.8947057956054,1,113382.68857142857,114781.7607142857,112801.517,-0.038975602246762775,-0.034024249868909194,-255.40609219748876,297.7567187971683,-553.1628109946571,-0.05834990846517396,-0.055752801734876734,-0.0025971067302972273
2025-09-27,bitcoin,109710.21,2185866776172.0,55257214021.0,1,126080.0,67.81,0.006829195878429305,0.01775309924103489,0.013669596445901166,28.2349757275166,0.025279314651448802,19924005.0,-0.12983653236040604,1616.906061052942,1,112533.31714285714,114321.05142857143,112751.32133333334,-0.025086856182096665,-0.02697184651470929,-533.6384168816439,131.47769166140583,-665.1161085430498,-0.04851736896953174,-0.06040140335731781,0.011884034387786069
2025-09-28,bitcoin,109654.81,2185203231301.0,23294896964.0,1,126080.0,67.81,-0.0005050942139982833,0.01767991245511216,0.013688444750171726,28.492960921553745,0.010660288539904347,19928020.0,-0.1302759359137056,1616.0890724081994,1,111667.50142857143,113869.925,112655.62833333334,-0.018023967607611033,-0.026637091974262596,-749.9647291910951,-44.81079250909434,-705.1539366820008,-0.026992173864124225,-0.05840096620224211,0.031408792338117886
2025-09-29,bitcoin,112142.57,2235798877396.0,31274654339.0,1,126080.0,67.81,0.022433667463422586,0.02109141489078788,0.015389434427605755,40.252700502058445,0.013988134020098042,19937111.0,-0.11054433692893395,1652.77628668338,1,111215.8,113639.14,112777.70366666667,0.00833307857336821,-0.005631730794447675,-712.4507604398968,-178.33878609525485,-534.111974344642,0.001074787249702558,-0.042706975513357226,0.043781762763059784
2025-09-30,bitcoin,114309.15,2278362523594.0,57833295883.0,1,126080.0,67.81,0.01913561187591052,0.020790918356602395,0.01639933842074784,47.09323137782061,0.025383711013544474,19931585.0,-0.09336016814720817,1684.7270314112961,1,111446.14428571428,113561.41857142856,112961.94333333333,0.025689589645612403,0.011926199451892088,-502.1077848036075,-243.09258583692537,-259.01519896668214,0.00872374715376023,-0.011643686555824595,0.020367433709584826
2025-10-01,bitcoin,114024.23,2272137555069.0,57718901821.0,1,126080.0,67.81,-0.0024956504202749744,0.02060647464130214,0.016005286483283702,42.23570224053327,0.025402908240406773,19926796.0,-0.09562000317258887,1680.525291254977,1,111732.15285714285,113365.80285714286,113154.30566666667,0.020514033644261045,0.007687947252276709,-354.315792099369,-265.3372270894141,-88.97856500995488,0.04644397992612759,-0.014615930516494346,0.061059910442621934
2025-10-02,bitcoin,118503.24,2359569556068.0,69920179085.0,1,126080.0,67.81,0.03852933230366001,0.02469347230658547,0.019267998035053056,54.69387736385901,0.029632599261670157,19911435.0,-0.06009486040609133,1746.5776434154254,1,112472.53428571428,113512.03785714286,113465.65733333334,0.05361936363028777,0.04439742196061605,122.81338500053971,-187.70710467142334,310.52048967196305,0.08014778205237238,0.02774185356891601,0.05240592848345638
2025-10-03,bitcoin,120611.72,2399524207992.0,71252850673.0,1,126080.0,67.81,0.01763615836063461,0.014402094335941569,0.0197356843797899,57.46161151968697,0.02969457463095432,19894619.0,-0.04337151015228426,1777.6715823624834,1,114136.56142857144,113759.625,113779.70866666666,0.056731677302901955,0.06004595558728896,663.430792870844,-17.47952516296985,680.9103180338138,0.09992183653412012,0.07023255508544435,0.029689281448675775
2025-10-04,bitcoin,122250.15,2436956902845.0,83155430409.0,1,126080.0,67.81,0.013492895013900472,0.014025162085585165,0.019459697543096757,64.10508150323238,0.03412265120976126,19934183.0,-0.030376348350253855,1801.8336528535613,1,115927.98142857142,114230.64928571429,114130.99633333333,0.05453531143664354,0.07113890115314248,1210.1319438476057,228.0427686391453,982.0891752084605,0.09013151740681513,0.09130317686222278,-0.0011716594554076476
2025-10-05,bitcoin,122380.94,2438832157553.0,35161626562.0,1,126080.0,67.81,0.001069283650428482,0.013736097850293135,0.019452726003924767,64.21389833342145,0.01441740320386762,19928203.0,-0.02933899111675125,1803.7624244211768,1,117746.0,114706.75071428572,114519.53633333334,0.03936388497273795,0.0686468345783761,1635.101769326866,509.4545687766894,1125.6472005501764,0.07061368228177711,0.07995344534535964,-0.009339763063582529
2025-10-06,bitcoin,123506.19,2461221856764.0,72011486031.0,1,126080.0,67.81,0.009152637270961207,0.013564877983692955,0.019369250413325993,66.97299993170826,0.0292584294394656,19927923.0,-0.02041410215736039,1820.3565845745466,1,119369.37428571428,115292.58714285714,114947.67,0.034655586820654075,0.07445579366680512,2039.1852306644287,815.4007011542374,1223.7845295101913,0.08315741312175495,0.133463554273618,-0.05030614115186305
2025-10-07,bitcoin,124773.51,2486073086655.0,69605991065.0,1,126080.0,67.81,0.010208897520198781,0.013396987526211851,0.01766165612777431,76.4602028953626,0.027998368768254737,19924687.0,-0.010362388959390904,1839.0458634419701,1,120864.28285714285,116155.21357142857,115433.14733333333,0.03234394024806901,0.08091577577534764,2433.6330111350253,1139.0471631503951,1294.5858479846302,0.05291222417209851,0.1373008036353225,-0.08438857946322398
2025-10-08,bitcoin,121518.76,2421938444026.0,76087884720.0,1,126080.0,67.81,-0.026431519635859563,0.019521196118207695,0.019582164676844073,68.69347867253049,0.031416110061624335,19930572.0,-0.03617734771573608,1791.0477805633386,1,121934.93000000001,116833.54142857142,115779.37299999999,-0.003413049894726743,0.04957175748395185,2455.301408812724,1402.298012282861,1053.0033965298628,0.007520330528409724,0.10819361230027202,-0.1006732817718623
2025-10-09,bitcoin,123352.5,2459003621170.0,62576032795.0,1,126080.0,67.81,0.014977456147574085,0.015140427006641297,0.019681152894408378,69.33966683567142,0.02544771884688245,19934769.0,-0.021633090101522843,1818.0901047043208,1,122627.68142857144,117550.10785714285,116156.952,0.005910725563630258,0.06194677009086804,2590.578684385706,1639.95414670343,950.6245376822758,0.00901716685010201,0.09996141518782742,-0.09094424833772541
2025-10-10,bitcoin,121698.03,2423288659157.0,72097306669.0,1,126080.0,67.81,-0.01350329778486442,0.015625819165736965,0.015985475896339085,77.40537618395442,0.02975184421243518,19912308.0,-0.03475547271573605,1793.6914909305412,1,122782.86857142857,118459.715,116495.305,-0.00883542292219266,0.04466038352361072,2535.06237682169,1818.9757927270823,716.0865840946078,-0.005580199008113573,0.06463944487383566,-0.07021964388194923
2025-10-11,bitcoin,113201.74,2265659827790.0,151002213090.0,1,126080.0,67.81,-0.07237127584084777,0.03078763892528162,0.02676887391143892,55.63455538309644,0.0666482281399201,20014355.0,-0.10214355964467,1668.3959592980386,1,121490.23857142858,118709.11,116469.51900000001,-0.06822357638680131,-0.028056945955104436,1784.9103708746843,1812.1627083566027,-27.252337481918403,-0.08343266033872465,-0.007213291420604118,-0.07621936891812053
2025-10-12,bitcoin,110853.12,2211404015103.0,108643865752.0,1,126080.0,67.81,-0.020965454866022363,0.030474570976734953,0.027479235984827384,51.80053978178535,0.04912890860738522,19948956.0,-0.12077157360406095,1633.7606547706828,1,119843.40714285713,118794.70357142857,116314.51733333334,-0.07501695218111107,-0.0469537032740471,989.4892793677864,1647.6280225588396,-658.1387431910532,-0.11156526733919725,-0.0645562096023704,-0.04700905773682684
2025-10-13,bitcoin,115189.57,2294724465037.0,93857100744.0,1,126080.0,67.81,0.038373124158854424,0.0357419112888077,0.028746558499004968,54.33735419970334,0.04090125074885043,19921287.0,-0.08637714149746187,1697.7106621442265,1,118655.31857142856,119012.34642857143,116282.16500000001,-0.029208539601553837,-0.009396066886095568,700.9475207299838,1458.2919221930686,-757.3444014630848,-0.052084056815589475,-0.04495541560969363,-0.007128641205895847
2025-10-14,bitcoin,115222.28,2296863527018.0,68935270367.0,1,126080.0,67.81,0.00028392637114574743,0.03499764104370632,0.02831615669346756,51.38389808443033,0.03001278463265866,19934196.0,-0.08611770304568529,1698.1930393747234,1,117290.85714285714,119077.56999999999,116257.22166666666,-0.0176363034020433,-0.008902170994882847,469.5033791108435,1260.5342135766236,-791.0308344657801,-0.06591045986096755,-0.057487618624598835,-0.008422841236368717
2025-10-15,bitcoin,113156.57,2257545230986.0,91211854989.0,1,126080.0,67.81,-0.01809069742966575,0.03453862886312519,0.028749395654259515,48.75235893686937,0.04040311296405899,19950633.0,-0.10250182423857862,1667.729833357912,1,116096.25857142858,119015.5942857143,116183.322,-0.02532113099596506,-0.026051518822985568,118.03605016010988,1032.034580893321,-913.998530733211,-0.07018568829750149,-0.07537423719739356,0.005188548899892065
2025-10-16,bitcoin,110708.67,2207742082237.0,68877328886.0,1,126080.0,67.81,-0.02187027847904175,0.03283016885416208,0.026907493483676992,38.09658925179537,0.03119808669688892,19941908.0,-0.1219172747461929,1631.6304379884973,1,114289.99714285714,118458.83928571429,116027.03600000001,-0.031335438204453316,-0.04583729950664265,-353.9493050025194,754.837803714153,-1108.7871087166723,-0.022023248052547628,-0.10361845021694871,0.08159520216440108
2025-10-17,bitcoin,108076.73,2154964541836.0,84773160808.0,1,126080.0,67.81,-0.0240607186031096,0.03296809126870312,0.02653094760100986,31.158533890766606,0.03933854091899556,19939209.0,-0.14279243337563455,1592.8169886447427,1,112344.09714285714,117563.48285714284,115737.49866666667,-0.03798479182605154,-0.06619089538759,-929.6601182495797,417.9382193214065,-1347.5983375709861,-0.025045664028220394,-0.13381670516442157,0.10877104113620117
2025-10-18,bitcoin,106443.61,2123017949517.0,94325236795.0,1,126080.0,67.81,-0.015226076472365433,0.022312749002568792,0.025856462858956333,26.237241822228313,0.04442978770691015,19945001.0,-0.1557454790609137,1568.7332251880252,1,111378.65000000001,116434.44428571429,115403.754,-0.04430867136565229,-0.07764170305933028,-1500.3985603291803,34.27086339128914,-1534.6694237204695,-0.07592666592991015,-0.12405615396338798,0.04812948803347783
2025-10-19,bitcoin,107156.0,2135575517406.0,34412835720.0,1,126080.0,67.81,0.006670355263289185,0.022244979741148103,0.026081426541497334,27.504960009645202,0.01611408046192622,19929593.0,-0.15009517766497463,1579.2389028166938,1,110850.49,115346.94857142857,115070.77066666666,-0.033328585196150284,-0.0687817646550219,-1873.6309173963382,-347.30949276623636,-1526.3214246301018,-0.07000625226301715,-0.13130256784418637,0.061296315581169214
2025-10-20,bitcoin,108621.13,2165367850075.0,45373692612.0,1,126080.0,67.81,0.01358023917447233,0.015015921939843566,0.026350323029456182,28.225826742351074,0.020954265396721593,19935052.0,-0.13847453997461925,1600.845303052647,1,109912.14142857144,114283.73000000001,114836.28133333333,-0.01174584910994957,-0.054121844256630997,-2027.8210442450072,-683.4118030619907,-1344.4092411830165,-0.04008110178666602,-0.10745367036754827,0.06737256858088225
2025-10-21,bitcoin,110608.57,2205571381113.0,60452111148.0,1,126080.0,67.81,0.018131616730687115,0.017960305727212262,0.026878384475363927,29.706773453567948,0.027408820982023255,19940330.0,-0.12271121510152279,1630.1542545347295,1,109253.04000000001,113271.94857142857,114666.04966666667,0.012407252008731278,-0.035385187494133864,-1966.9739807305014,-940.1242385956928,-1026.8497421348086,-0.0009041748943420247,-0.022907510078908677,0.022003335184566652
2025-10-22,bitcoin,108486.1,2162410619418.0,105841401713.0,1,126080.0,67.81,-0.01937551834935636,0.018112314584703467,0.026582981941955776,30.70286463253497,0.048946023832183445,19932605.0,-0.13954552664974615,1598.8540038342428,1,108585.82999999999,112341.04428571429,114438.77033333333,-0.0009184439627157741,-0.05201620321499954,-2066.1999682250607,-1165.3393845215664,-900.8605837034943,0.003787771891322178,-0.02135275939910386,0.025140531290426038
2025-10-23,bitcoin,107618.43,2145773248655.0,83996418126.0,1,126080.0,67.81,-0.008030138586184562,0.01680189376950701,0.02574428411109898,26.016826254004684,0.03914505793128426,19938715.0,-0.1464274270304569,1586.0583984663028,1,108144.36714285715,111217.18214285714,114269.49333333333,-0.004863287443925821,-0.058205065405616624,-2189.6105285900267,-1370.1936133352585,-819.4169152547681,0.01103701762839493,-0.06572765225184896,0.07676466988024389
2025-10-24,bitcoin,110048.52,2193901841034.0,56192643014.0,1,126080.0,67.81,0.02232944386112144,0.016739701875521963,0.027088234594379288,32.65302536517292,0.02561310718783847,19935769.0,-0.1271532360406091,1621.8951482082289,1,108426.05142857145,110385.07428571429,114203.705,0.014963826036747296,-0.036383977209846194,-2067.4935541911836,-1509.6536015064437,-557.83995268474,0.026993542125499204,-0.044902426857027944,0.07189596898252715
2025-10-25,bitcoin,110997.8,2213306367537.0,49120903424.0,1,126080.0,67.81,0.008589021846590092,0.014827898499120822,0.019749958759847027,45.766688230765574,0.022193449648212266,19940092.0,-0.11962404822335022,1635.894263382982,1,109076.65,110227.65000000001,114126.27933333332,0.017612843812126692,-0.02741243604547769,-1872.530642007565,-1582.2290096066681,-290.3016324008968,0.021880365265947832,-0.0190777256680722,0.04095809093402003
2025-10-26,bitcoin,111620.31,2224861052775.0,23214874411.0,1,126080.0,67.81,0.0055926413403890535,0.014825191168651455,0.01898730844405807,51.57826784081012,0.01043430302402247,19932403.0,-0.11468662753807109,1645.0744727916235,1,109714.40857142858,110282.44928571429,114214.83866666666,0.017371477943397034,-0.022716213558193928,-1648.783623721174,-1595.5399324295695,-53.24369129160459,0.009147030831335945,0.008234585421358576,0.0009124454099773693
2025-10-27,bitcoin,114476.01,2283691326423.0,42483268634.0,1,126080.0,67.81,0.025262258754842788,0.016415156574737192,0.017215952269701736,48.436824999583756,0.018602894420299155,19949082.0,-0.09203672271573608,1687.1877304232414,1,110550.81999999999,110231.48071428573,114373.69866666666,0.03550575201522705,0.0008945354965874608,-1226.8885680982785,-1521.8096595633112,294.92109146503276,0.05521361722838214,0.05921052570706009,-0.003996908478677952
2025-10-28,bitcoin,114182.79,2276235094682.0,63764801511.0,1,126080.0,67.81,-0.0025646960512802734,0.016040656599279227,0.0172235211821901,47.74851773284058,0.02801327580792274,19935010.0,-0.09436238895939092,1682.8635894410852,1,111061.42285714285,110157.23142857142,114524.63133333334,0.028104872624152507,-0.002984871720201285,-905.753141976631,-1398.5983560459754,492.84521406934437,0.06099661554252367,0.07270685389193399,-0.011710238349410318
2025-10-29,bitcoin,112950.35,2254003248725.0,66299512352.0,1,126080.0,67.81,-0.010852243714593167,0.014132415823766715,0.01676207365284982,49.5366113440563,0.029414115702585165,19955700.0,-0.10413745241116747,1664.6886889839257,1,111699.17285714287,110142.50142857143,114551.55733333335,0.011201310724631099,-0.013978049453085908,-742.1436412605253,-1267.3074130888854,525.16377182836,0.026368641759107803,0.054073966926723616,-0.027705325167615813
2025-10-30,bitcoin,110046.67,2194746293755.0,64235327509.0,1,126080.0,67.81,-0.026043793083992794,0.018135328277227542,0.017209592216078772,48.54230486702826,0.029267768986227346,19943777.0,-0.1271679092639594,1621.8678660964458,1,112046.06428571428,110095.21571428572,114409.47466666668,-0.017844395503405493,-0.038133246213897576,-837.1346747021744,-1181.272865411543,344.1381907093687,-0.008568908572962775,0.01312396584347808,-0.021692874416440855
2025-10-31,bitcoin,108240.77,2157803742876.0,72648897660.0,1,126080.0,67.81,-0.016546450883096933,0.01722620117883358,0.016519179451642513,50.37484507134946,0.03366798203953937,19935222.0,-0.14149135469543145,1595.2361008700782,1,111787.81428571428,110106.93285714286,114216.69266666667,-0.03173015152303202,-0.0523209219873576,-1046.0782516185718,-1154.2339426529488,108.15569103437701,-0.030277106379654306,-0.021407021173856622,-0.008870085205797684
2025-11-01,bitcoin,109573.91,2185193896779.0,58800487941.0,1,126080.0,67.81,0.012241201072501645,0.01766307679361667,0.01618559608467311,57.252424116331646,0.026908590595860885,19942648.0,-0.1309175920050761,1614.896033033476,1,111584.40142857144,110330.52571428572,113919.04833333332,-0.01801767453902067,-0.03814233349825054,-1091.5120141414518,-1141.6895569506496,50.1775428091978,-0.04282207250235215,0.010027183205959078,-0.05284925570831123
2025-11-02,bitcoin,110014.14,2194075979770.0,24938475578.0,1,126080.0,67.81,0.004009604254833339,0.017561830504917084,0.016142991752386125,56.70644660212399,0.0113662771061439,19943582.0,-0.12742592005076142,1621.38814334169,1,111354.94857142857,110534.67857142857,113565.79566666667,-0.012040853043621218,-0.031273990956672694,-1079.551320800223,-1129.2619097205643,49.71058892034125,-0.036508566658775776,0.022261149879253983,-0.05876971653802976
2025-11-03,bitcoin,110650.21,2201849942058.0,35098774844.0,1,126080.0,67.81,0.005765061385741137,0.013604621753288625,0.015839554662685152,54.953847295681996,0.01594058440294722,19899194.0,-0.12238094860406086,1630.768323256157,1,110808.4057142857,110679.61285714284,113179.13100000001,-0.0014276508471171342,-0.022344410826055927,-1007.1372012787324,-1104.836968032198,97.69976675346561,-0.020364168858263865,0.005467497427498413,-0.025831666285762278
2025-11-04,bitcoin,106521.09,2123664079962.0,75068433318.0,1,126080.0,67.81,-0.03803097065793972,0.01837641658273682,0.01819209456658933,40.965505412545205,0.03534854406886387,19936560.0,-0.15513094860406093,1569.875829523669,1,109713.87714285715,110387.65000000001,112650.46933333333,-0.029101032850200544,-0.05441059739570605,-1268.3136352573056,-1137.5323014772196,-130.78133378008602,-0.03203713479017589,-0.04033152008418195,0.008294385294006057
2025-11-05,bitcoin,101635.27,2026091188341.0,108965721651.0,1,126080.0,67.81,-0.04695237314094787,0.023131248931701882,0.021355655462994973,36.50607625723512,0.053781252432287166,19934922.0,-0.19388269352791876,1497.8242147175933,1,108097.43714285713,109898.30500000001,111921.43866666665,-0.05978094683518716,-0.09190525773441617,-1848.237352644981,-1279.673311710772,-568.5640409342091,-0.06102598863625974,-0.0894554046660504,0.028429416029790655
2025-11-06,bitcoin,103877.96,2073000557934.0,77083907217.0,1,126080.0,67.81,0.021826127985265717,0.026219563569801416,0.022455565830677326,43.01105124124205,0.03718470162585175,19956115.0,-0.17609486040609132,1530.8973602713465,1,107216.19285714287,109631.12857142858,111224.92033333334,-0.03113552876840906,-0.06605498400282066,-2102.6269619641535,-1444.2640417614484,-658.362920202705,-0.05198272106927637,-0.09257878572113043,0.04059606465185406
2025-11-07,bitcoin,101322.64,2019147576692.0,64118217250.0,1,126080.0,67.81,-0.02490686770379287,0.02684392103617483,0.021977156156864217,33.77191546848218,0.03175509209438066,19927901.0,-0.19636230964467005,1493.2138327680284,1,106227.88857142857,109007.85142857142,110551.71633333333,-0.04617665508931056,-0.08348198146020641,-2481.8166904966783,-1651.7745715084943,-830.042118988184,-0.07900348082528297,-0.1126277436380736,0.03362426281279063
2025-11-08,bitcoin,103396.08,2063021740892.0,93627003785.0,1,126080.0,67.81,0.020257169476513483,0.028065909895154652,0.02277566229617718,36.429997486547315,0.04538343049381437,19952611.0,-0.1799168781725888,1523.7910337708304,1,105345.34142857142,108464.87142857142,109886.50233333332,-0.018503537053825053,-0.05906478225728817,-2585.217227774352,-1838.463102761666,-746.754125012686,-0.06555911642643975,-0.08458822836759694,0.019029111941157195
2025-11-09,bitcoin,102290.14,2039995976869.0,51095924202.0,1,126080.0,67.81,-0.010753765204825422,0.027537294269851485,0.02260550159988719,33.62709268440945,0.02504707106355297,19943232.0,-0.18868861040609136,1507.4816398761245,1,104241.91285714286,107798.43071428571,109239.57266666667,-0.018723494261062193,-0.06361643951017781,-2724.9910136440303,-2015.768684938139,-709.2223287058914,-0.039719364493923215,-0.07048400465002713,0.030764640156103917
2025-11-10,bitcoin,104709.68,2086419359800.0,59952468438.0,1,126080.0,67.81,0.02337828310939051,0.029958690063860982,0.022408324184156846,32.59527632584904,0.02873462046659063,19925754.0,-0.16949809644670055,1543.1628078454505,1,103393.2657142857,107100.83571428571,108956.50399999999,0.012732108581926723,-0.038977241780811855,-2610.4346235004195,-2134.701872650595,-475.7327508498247,0.03024943998279328,-0.03262255063410957,0.06287199061690285
2025-11-11,bitcoin,105909.07,2112747067952.0,67546556820.0,1,126080.0,67.81,0.011389327541410551,0.027382389228306343,0.022895618579279468,35.71660396537345,0.031970962281574256,19948689.0,-0.15998516814720806,1560.8503170623803,1,103305.8342857143,106509.85571428573,108791.70233333335,0.025199309722294137,-0.026496803262633706,-2395.2560885046987,-2186.8127158214156,-208.4433726832831,0.01955284836167359,-0.03344628297009755,0.05299913133177114
2025-11-12,bitcoin,102960.78,2053215927641.0,71008299179.0,1,126080.0,67.81,-0.02823275675976726,0.022627757415211173,0.02367357558600005,33.71897712311885,0.0345839413298257,19941729.0,-0.18336944796954316,1517.3716266037457,1,103495.19285714287,105796.31500000002,108384.07599999999,-0.005163649077697142,-0.050037756468948334,-2434.563776602008,-2236.362927977534,-198.20084862447402,0.01616756136634412,-0.0641132130833364,0.08028077444968051
2025-11-13,bitcoin,101521.71,2025837265460.0,63332414143.0,1,126080.0,67.81,-0.014075471780845715,0.021379945406542658,0.023127786752688284,35.4094412397361,0.031262340377877944,19954720.0,-0.19478339149746188,1496.1495354667454,1,103158.58571428571,105187.3892857143,107927.39033333333,-0.01586756645558613,-0.05935175782115554,-2552.413688625791,-2299.5730801071854,-252.84060851860568,-0.018128056692284567,-0.08249871373944972,0.06437065704716516
2025-11-14,bitcoin,99730.45,1996168972712.0,100463341916.0,1,126080.0,67.81,-0.0178016206494149,0.02032455026382033,0.02317520357517597,35.42719487988077,0.050328075072477586,20015642.0,-0.20899072017766498,1469.733667600649,1,102931.12999999999,104579.50928571429,107479.85299999999,-0.03109535472893374,-0.07210098249762206,-2758.5514409108146,-2391.368752267911,-367.1826886429035,-0.025023819500100464,-0.06374925378626894,0.03872543428616848
2025-11-15,bitcoin,94456.39,1891799949910.0,113198323665.0,1,126080.0,67.81,-0.05433280008362496,0.02545540932374468,0.025853144262030656,27.191595474263323,0.05983630757067378,20028290.0,-0.25082177982233506,1391.9566435628963,1,101654.03142857143,103499.68642857143,106938.11033333333,-0.0708052728201827,-0.11671910317497629,-3309.341629271905,-2574.96332766871,-734.3783016031948,-0.09792112820896781,-0.07063374751697915,-0.02728738069198866
2025-11-16,bitcoin,95508.31,1905234340632.0,39062120798.0,1,126080.0,67.81,0.011075012904978228,0.027051785623583034,0.026226626874001423,28.511110327616848,0.020502528200831403,19948362.0,-0.24247850571065993,1407.4693997935408,1,100685.19857142857,102463.55571428571,106519.163,-0.05141658004235805,-0.10336969132962491,-3619.24526255457,-2783.8197146458824,-835.4255479086878,-0.09820462024640575,-0.08057195193282585,-0.017632668313579902
2025-11-17,bitcoin,94411.33,1883240679703.0,72645149973.0,1,126080.0,67.81,-0.011552172271914442,0.02279897939501747,0.025826144150959268,26.267857330756527,0.038574543740450974,19947189.0,-0.2511791719543147,1391.292139802389,1,99214.00571428573,101303.63571428573,106118.087,-0.04840723524576119,-0.11031820616969847,-3908.3106702540244,-3008.717905767511,-899.5927644865133,-0.08303598710110782,-0.06821091515183575,-0.014825071949272073
2025-11-18,bitcoin,92036.73,1835458818946.0,95794596045.0,1,126080.0,67.81,-0.02547335063119042,0.019804923871375113,0.025033610771798772,27.687754634250965,0.052191089800646906,19942677.0,-0.2700132455583757,1356.2737059430763,1,97232.24285714285,100269.03857142858,105614.11133333333,-0.05343405340115714,-0.12855650785604936,-4279.674044716507,-3262.9091335573107,-1016.7649111591959,-0.09342809533054564,-0.10986248221402595,0.016434386883480312
2025-11-19,bitcoin,92819.76,1851234710247.0,103837258806.0,1,126080.0,67.81,0.008471811655303486,0.022014912135959682,0.02312492860965217,34.45539547312288,0.056090812381184,19944403.0,-0.26380266497461935,1367.8211178292286,1,95783.5257142857,99639.3592857143,105087.399,-0.03094233264211189,-0.11673748819304215,-4459.393109668978,-3502.2059287796446,-957.1871808893329,-0.06929368111745215,-0.09258350804877191,0.023289826931319757
2025-11-20,bitcoin,91363.28,1820062799702.0,82897875507.0,1,126080.0,67.81,-0.01581590097035622,0.02201502695474811,0.021726559582910292,27.303248683681716,0.04554671164125376,19921163.0,-0.27535469543147206,1346.3422798997199,1,94332.32142857143,98745.45357142857,104445.88933333333,-0.03147427502692805,-0.1252572927171973,-4665.5657889375,-3734.8779008112156,-930.6878881262842,-0.032746434624486453,-0.12746099501020336,0.0947145603857169
2025-11-21,bitcoin,86649.97,1731258563683.0,99171039191.0,1,126080.0,67.81,-0.052966977248558,0.026333257845446892,0.02441764377140748,25.321228190509018,0.05728262737371134,19979910.0,-0.312738182106599,1276.8346851496829,1,92463.68142857144,97697.4057142857,103718.01833333334,-0.06287562141966573,-0.16456203664130303,-5149.9187907696905,-4017.886078802911,-1132.0327119667795,-0.09274941625498345,-0.18184561529999277,0.08909619904500932
2025-11-22,bitcoin,85051.8,1697723941246.0,135093457122.0,1,126080.0,67.81,-0.018616187302048077,0.021631930726466832,0.022719733988056528,18.644443259341926,0.07957327680897973,19961058.0,-0.3254140228426396,1253.266332399351,1,91120.16857142858,96387.1,102965.79733333334,-0.06659742476959557,-0.1739800768534815,-5598.1984498602105,-4333.948553014371,-1264.2498968458394,-0.09913566517916861,-0.1739398244651993,0.07480415928603068
2025-11-23,bitcoin,84682.62,1690556523056.0,42644968955.0,1,126080.0,67.81,-0.004350096841600626,0.019182043877924115,0.022853111596149313,19.126166742883115,0.02522540262535036,19963441.0,-0.3283421637055838,1247.8220026544757,1,89573.64142857143,95129.42,102120.26733333334,-0.05460335597131743,-0.17075598986060894,-5915.067830060929,-4650.172408423683,-1264.8954216372458,-0.07990407742647965,-0.16586688699392482,0.08596280956744518
2025-11-24,bitcoin,86783.85,1732233225777.0,60446592409.0,1,126080.0,67.81,0.02451015864969904,0.024929095940049214,0.022995147330249415,18.213198084758815,0.03489518126630232,19960318.0,-0.31167631662436546,1278.8090252175195,1,88484.00142857143,93849.00357142858,101313.13566666668,-0.019214224053190752,-0.14340969284052077,-5928.299648394124,-4905.797856417772,-1022.5017919763523,-0.06502828708025088,-0.12981591880915,0.06478763172889912
2025-11-25,bitcoin,88229.36,1761564072532.0,77606296173.0,1,126080.0,67.81,0.016519242991966658,0.02617743895631459,0.02345698906543143,18.920904866524694,0.04405533547323765,19965736.0,-0.30021129441624367,1300.1260875976996,1,87940.09142857142,92586.16714285713,100533.43733333334,0.003289382200194005,-0.12238791052709522,-5755.796148246125,-5075.797514783443,-679.9986334626819,-0.03430174573417244,-0.06592492048446907,0.031623174750296634
2025-11-26,bitcoin,87310.33,1742162762886.0,67956444142.0,1,126080.0,67.81,-0.010471003987791133,0.025395219305547112,0.023049187835981335,20.37451592593729,0.039006943317641554,19953684.0,-0.30750055520304564,1286.5730718183158,1,87153.03,91468.27785714286,99627.91466666666,0.0018048712706833362,-0.12363587763408099,-5628.363649289779,-5186.310741684711,-442.05290760506796,0.007621006677786424,-0.08583525349783694,0.09345626017562336
2025-11-27,bitcoin,90474.23,1806439309545.0,69690430588.0,1,126080.0,67.81,0.03559627532393846,0.030021371125423593,0.026266628694471224,30.36956983736964,0.03857889397100941,19966341.0,-0.28240617068527923,1333.2313818020941,1,87026.02285714285,90679.17214285713,98837.62933333333,0.03962271317991331,-0.084617563065252,-5211.99159285058,-5191.446911917885,-20.544680932694973,0.06375444141099895,-0.04170156272557546,0.10545600413657441
2025-11-28,bitcoin,91279.06,1821778517480.0,59295194348.0,1,126080.0,67.81,0.00885634874127858,0.019610116521741758,0.02648466153472914,34.43702414129521,0.03254797099595887,19958340.0,-0.2760226840101523,1345.1002801946615,1,87687.32142857143,90075.50142857143,98115.253,0.04096075137104434,-0.06967512992093085,-4762.175291163454,-5105.592587766999,343.41729660354486,0.07789603108642607,-0.008232256839198815,0.08612828792562488
2025-11-29,bitcoin,90950.38,1814919896425.0,62833195067.0,1,126080.0,67.81,-0.003607324441322153,0.01692349876398104,0.022595997161931933,42.1060168371471,0.03462036819959262,19955056.0,-0.27862960025380706,1340.2532074915205,1,88529.97571428571,89825.07214285714,97478.70999999999,0.02733994069450221,-0.06697185467472834,-4381.704795070531,-4960.815029227705,579.1102341571741,0.04801043051212872,-0.02013989262631133,0.06815032313844005
2025-11-30,bitcoin,90841.45,1812771321411.0,39253888202.0,1,126080.0,67.81,-0.0011984038340651184,0.016528470347995494,0.022255906417204905,39.02631036886059,0.021654076131040124,19955332.0,-0.2794935755076142,1338.646807255567,1,89409.80857142856,89491.72499999999,96898.73266666666,0.016012129445817105,-0.06251147460827815,-4042.3709899256937,-4777.1262213673035,734.7552314416098,0.029605677747180703,-0.005711594417363353,0.035317272164544056
2025-12-01,bitcoin,90406.28,1807818977105.0,40334819410.0,1,126080.0,67.81,-0.004801945229365605,0.015951339567039303,0.022142703490354753,40.27997213869494,0.022311315414218772,19996608.0,-0.28294511421319796,1332.229317209851,1,89927.29857142856,89205.65,96259.81166666668,0.0053263184392333,-0.06080971451447029,-3765.1586811663437,-4574.732713327112,809.5740321607682,0.03545914899187763,0.04335039008091979,-0.007891241089042156
2025-12-02,bitcoin,86281.5,1723547230445.0,92988982967.0,1,126080.0,67.81,-0.04669852738468276,0.024502495192528773,0.024403871675825844,37.126049615631196,0.053952094450577553,19975861.0,-0.3156606916243655,1271.4008258368972,1,89649.03285714285,88794.56214285713,95468.72366666667,-0.037563515743767935,-0.09623281126858127,-3834.104038335907,-4426.606978328871,592.5029399929645,-0.046341704151557805,0.014458247797224821,-0.06079995194878263
2025-12-03,bitcoin,91344.73,1824843161126.0,83138039129.0,1,126080.0,67.81,0.05702538433021863,0.03297520634877712,0.02935428101611651,47.2307633963555,0.04555900523401724,19977542.0,-0.2755018242385787,1346.068721427518,1,90225.37571428572,88689.20285714285,94825.20766666667,0.01240620254393735,-0.03670413967245277,-3440.5231752825784,-4229.390217719612,788.8670424370339,0.000719442115201474,0.07867151488699808,-0.07795207277179661
2025-12-04,bitcoin,93619.44,1868050658598.0,81429135005.0,1,126080.0,67.81,0.02459746326882304,0.03158796450609273,0.029784449875557666,54.109482249242824,0.04359043189230949,19953662.0,-0.25746002538071067,1379.6140687214274,1,90674.69142857143,88850.35714285714,94395.15266666668,0.03247597014155029,-0.008217717168231218,-2911.495511348694,-3965.811276445429,1054.315765096735,0.02934633148316701,0.07876569200375405,-0.04941936052058704
2025-12-05,bitcoin,92140.7,1839369557446.0,67878296355.0,1,126080.0,67.81,-0.015921297612469507,0.03244499731585904,0.025948667636787718,61.33694580751887,0.03690302260370685,19962618.0,-0.2691886104060914,1357.8069606252764,1,90797.78285714285,89242.55214285714,94078.667,0.014790197520241523,-0.020599430899674673,-2581.797877083125,-3689.008596572968,1107.210719489843,0.014302391694540395,0.04433150144124354,-0.030029109746703142
2025-12-06,bitcoin,89307.09,1782798987370.0,50193142877.0,1,126080.0,67.81,-0.031235876586141624,0.034746347187710046,0.02700689461482246,58.359595670672824,0.028154123506119635,19962569.0,-0.2916633090101523,1316.0194661554342,1,90563.02714285713,89546.50142857141,93592.97133333332,-0.013868100288608675,-0.045792769182090264,-2520.1085297003156,-3455.228583198438,935.1200534981226,-0.01215833678810807,0.022869687928106508,-0.03502802471621458
2025-12-07,bitcoin,89244.76,1781194798200.0,24818678152.0,1,126080.0,67.81,-0.000698172575998178,0.03475023580550159,0.026942934507892525,59.071779795964794,0.013933724810492768,19958536.0,-0.29215767766497464,1315.1002801946615,1,90334.92857142857,89872.36857142857,93190.37533333334,-0.012068073652890147,-0.04233930080461903,-2448.029428136011,-3253.788752185953,805.7593240499418,0.03434409462051535,-0.01358917340329946,0.04793326802381481
2025-12-08,bitcoin,90162.91,1799656690089.0,33912893267.0,1,126080.0,67.81,0.010235437712955512,0.035050115127241786,0.026360588002911318,57.05098991720085,0.018844090349989406,19960056.0,-0.28487539657360406,1328.640318537089,1,90300.16142857143,90113.73,92749.26966666666,-0.00151994665790266,-0.0278854990013595,-2290.4166912621586,-3061.1143400011943,770.6976487390357,-0.012938020617062285,-0.012227886658780163,-0.000710133958282122
2025-12-09,bitcoin,90618.05,1808394676577.0,45466493941.0,1,126080.0,67.81,0.0050352754143412415,0.028499028596662465,0.026075573620275613,55.19930800396844,0.025141908749178998,19956230.0,-0.2812654663705583,1335.352307919186,1,90919.66857142858,90284.35071428573,92360.2,-0.003317418289878868,-0.018862562012641748,-2104.521849651428,-2869.7958419312413,765.2739922798132,-0.03205947397249975,-0.0036539704397057227,-0.02840550353279403
2025-12-10,bitcoin,92723.21,1852116289106.0,54575121854.0,1,126080.0,67.81,0.02296539821574235,0.020249149905062103,0.02638395761387429,61.20337652789875,0.029466358119631313,19974678.0,-0.26456844860406087,1366.3972865359092,1,91116.5942857143,90670.985,91960.65100000001,0.017632525961712827,0.008292231424068472,-1766.961596541587,-2649.2289928533105,882.2673963117236,0.006321961956008648,0.02071477282672185,-0.014392810870713202
2025-12-11,bitcoin,92005.14,1837321739747.0,52189659396.0,1,126080.0,67.81,-0.007774373740995149,0.017815742438443482,0.024932428446005808,53.52556913308274,0.02840529139071012,19969773.0,-0.2702638007614213,1355.8078454505235,1,90885.98,90780.33571428571,91497.18666666668,0.012313890437226992,0.005551573243271929,-1539.6369355975185,-2427.3105814021524,887.6736458046339,0.030210927262326104,0.01768527584588142,0.012525651416444683
2025-12-12,bitcoin,92494.18,1848922166366.0,53232377699.0,1,126080.0,67.81,0.005301278566370696,0.016931947833066657,0.024866451659716814,52.839630692838846,0.028791032238867368,19989605.0,-0.2663849936548224,1363.0197610971832,1,90936.47714285714,90867.12999999999,91148.3,0.017129571169727315,0.014765826680256132,-1304.9761108054663,-2202.843687282815,897.8675764773488,0.036410204924076206,0.07200477506765646,-0.03559457014358025
2025-12-13,bitcoin,90307.26,1803244893515.0,67750393559.0,1,126080.0,67.81,-0.023927867757746184,0.014727432174102169,0.02573063158484791,48.617182951047496,0.03757137691206024,19967884.0,-0.2837304885786802,1330.7690606105293,1,91079.35857142857,90821.19285714286,90774.48500000002,-0.008477206949399662,-0.005147096125084271,-1280.7086713153258,-2018.4166840893174,737.7080127739916,0.0016009909174403703,-0.011357743353119565,0.012958734270559935
2025-12-14,bitcoin,90257.43,1801496999572.0,35222775785.0,1,126080.0,67.81,-0.0005519351681105148,0.014723747013267207,0.02572987516405281,48.74105837150266,0.019551948070614736,19959542.0,-0.28412571383248736,1330.0342132428843,1,91224.02571428572,90779.47714285715,90458.71766666666,-0.010595845850007835,-0.002225188150559464,-1251.075792269592,-1864.9485057253723,613.8727134557803,-0.003979560363525869,-0.03591145172412924,0.03193189136060337
2025-12-15,bitcoin,88230.77,1761380944797.0,33808538697.0,1,126080.0,67.81,-0.022710152307895828,0.01664767012066033,0.026398759573576343,45.61147921216379,0.019194336578278612,19963341.0,-0.3002001110406091,1300.1468809910043,1,90948.00571428573,90624.08357142858,90251.19699999999,-0.02987680370718574,-0.022386705851668447,-1375.2727583475062,-1767.0133562497992,391.7405979022931,-0.048450005128165885,-0.0424343422613459,-0.006015662866819982
2025-12-16,bitcoin,86413.92,1724624039059.0,50630498834.0,1,126080.0,67.81,-0.020806994442110056,0.017393001403854674,0.02378431687870852,50.29454890997773,0.02935741221699851,19957711.0,-0.3146104060913706,1273.3536351570565,1,90347.4157142857,90633.54214285714,89948.05066666665,-0.043537445793966845,-0.03929079774906499,-1601.8393527578737,-1733.9785555514143,132.13920279354056,-0.06077073520022902,-0.03239574819871527,-0.028374987001513752
2025-12-17,bitcoin,87821.89,1751373602588.0,48317754255.0,1,126080.0,67.81,0.016162012251426907,0.015545348278208462,0.01808742559734702,40.6422825473698,0.027588490647341597,19942336.0,-0.3034431313451777,1294.1170918743549,1,89647.22714285714,90381.91071428571,89728.40266666668,-0.020361334098469984,-0.021247593961403813,-1648.7775181476609,-1716.9383480706638,68.1608299230029,-0.05051442155603725,-0.015943457072437606,-0.03457096448359964
2025-12-18,bitcoin,86064.95,1718491930389.0,48886793508.0,1,126080.0,67.81,-0.020208542428500238,0.016242273549332453,0.016781907832890245,29.365417108931197,0.028447496693763306,19967384.0,-0.31737825190355334,1268.20734404955,1,88798.62857142856,89842.30428571427,89529.34333333334,-0.030785144043408583,-0.03869561871390926,-1806.9177044998214,-1734.9342193564955,-71.98348514332588,-0.04697640034699313,-0.04545061821984231,-0.001525782127150821
2025-12-19,bitcoin,85450.33,1704341132954.0,58649139179.0,1,126080.0,67.81,-0.0071669723053553675,0.014978667502822134,0.016545617508802065,30.820312029672138,0.03441161986001481,19945401.0,-0.32225309327411167,1259.1434891608908,1,87792.3642857143,89364.4207142857,89283.69566666667,-0.026676970198596144,-0.0429346661564976,-1959.2545718184556,-1779.7982898488876,-179.45628196956795,-0.053259881208671644,-0.05702749065997337,0.0037676094513017233
2025-12-20,bitcoin,88103.86,1759398134897.0,51932451057.0,1,126080.0,67.81,0.030581074368544302,0.02048570121462183,0.017345160983323612,46.514641789306786,0.02951716841511843,19969592.0,-0.30120669416243656,1298.2753281226958,1,87477.59285714287,89278.47571428573,89175.04833333334,0.007159172107991959,-0.012012197956195918,-1844.6015240274282,-1792.758936684596,-51.8425873428323,-0.0014383870842338276,-0.04981870235079222,0.048380315266558394
2025-12-21,bitcoin,88347.94,1762805314680.0,17103607835.0,1,126080.0,67.81,0.0027665363082351032,0.02060412578523162,0.017374013838284668,47.429278058311226,0.009702493912723879,19952987.0,-0.2992707804568528,1301.8747972275476,1,87204.80857142856,89214.41714285714,89231.64733333333,0.013108582511652669,-0.009903519208069214,-1714.2817683617905,-1777.0635030200351,62.78173465824466,0.02238088493150192,-0.03974995310044627,0.06213083803194819
2025-12-22,bitcoin,88577.42,1768920028842.0,22541294542.0,1,126080.0,67.81,0.0025940897188132233,0.018713991748125613,0.017121515578194847,45.26840588291117,0.012742969820267317,19970327.0,-0.29745066624365485,1305.258958855626,1,87254.33,89101.16785714285,89349.168,0.015163602769054516,-0.008637439130938599,-1574.337324254957,-1736.5182672670196,162.1809430120627,0.008602980418663364,-0.04234601571688068,0.050948996135544045
2025-12-23,bitcoin,88491.12,1767081210843.0,41948947368.0,1,126080.0,67.81,-0.0009747638607430993,0.016283391111457095,0.017026417946594517,43.509699153822424,0.023739116861520995,19969023.0,-0.298135152284264,1303.9862852086712,1,87551.07285714286,88949.24428571427,89476.118,0.01073712876586913,-0.011008501732272368,-1453.6374056612258,-1679.942094945861,226.3046892846353,0.0281899890722066,-0.02011067548722001,0.04830066455942661
2025-12-24,bitcoin,87406.44,1745209464474.0,46353794742.0,1,126080.0,67.81,-0.012333243839072437,0.016120291334524462,0.015651532852755,32.69840422727799,0.026560590969503407,19966600.0,-0.30673826142131977,1287.9904143931574,1,87491.72285714284,88569.47499999999,89496.871,-0.0009747534321856987,-0.023357587551859738,-1429.0334534221329,-1629.7603666411155,200.72691321898265,0.02289177818271737,-0.031587316412621025,0.054479094595338395
2025-12-25,bitcoin,87642.61,1749379166231.0,29100645180.0,1,126080.0,67.81,0.0026983310483083664,0.013626886675682187,0.01571859939257735,35.343984809585635,0.01663484151505972,19960373.0,-0.30486508565989845,1291.4732340362777,1,87717.10285714285,88257.86571428573,89477.31266666666,-0.0008492398257175265,-0.020504668859485688,-1374.6317990647658,-1578.7346531258459,204.10285406108005,-0.005235298430738444,-0.0066661551293273336,0.0014308566985888893
2025-12-26,bitcoin,87229.78,1741491085116.0,22773603342.0,1,126080.0,67.81,-0.004721508831925487,0.013363713790937613,0.015515318359034788,32.22310469606656,0.013077071445635944,19964410.0,-0.3081394352791878,1285.3851939242,1,87971.31000000001,87881.83714285716,89474.62766666667,-0.008429225391778448,-0.02508920936815449,-1349.2764083395887,-1532.8430041685945,183.5665958290058,-0.012656322263993935,0.009441302975261356,-0.022097625239255292
2025-12-27,bitcoin,87305.96,1743187621561.0,47130449136.0,1,126080.0,67.81,0.0008729444735804523,0.005567075252088938,0.01446834535573056,38.18024719363085,0.027036934265168396,19966422.0,-0.30753521573604053,1286.5086270461584,1,87857.32428571429,87667.45857142858,89369.01866666667,-0.00627567809738017,-0.02308471881471106,-1307.9576673630072,-1487.865936807477,179.90826944446985,-0.014354222554687102,-0.005874731231586994,-0.008479491323100108
2025-12-28,bitcoin,87807.0,1753375412209.0,15670944600.0,1,126080.0,67.81,0.0057224932671195725,0.006020553695558579,0.014626780578974057,40.68088349497581,0.008937586606314316,19968515.0,-0.303561230964467,1293.8975077422208,1,87780.04714285713,87492.42785714286,89253.28333333334,0.00030704992786120307,-0.016204259152371128,-1220.7109310723754,-1434.4349356604566,213.72400458808124,-0.007730945206705475,0.02024110860460615,-0.027972053811311626
2025-12-29,bitcoin,87822.91,1753595375313.0,17428479525.0,1,126080.0,67.81,0.0001811764299546258,0.005855483271890525,0.013353531730674242,48.168827413802084,0.009938712071414526,19967402.0,-0.3034350412436548,1294.1321339035542,1,87672.26,87463.295,89149.03433333334,0.0017183314311734264,-0.01487536397057186,-1137.1748165304452,-1374.9829118344544,237.80809530400916,0.004764751887847085,0.02776560371387693,-0.023000851826029844
2025-12-30,bitcoin,87156.56,1739794323452.0,53957962808.0,1,126080.0,67.81,-0.00761635889266357,0.006327771872851153,0.012214428348894744,53.71837597936327,0.03101398945878827,19961714.0,-0.3087201776649746,1284.3054121810942,1,87481.60857142857,87516.34071428572,89026.20466666666,-0.003715621794530373,-0.021001060009993838,-1111.9231619288767,-1322.370961853339,210.4477999244623,-0.005545818409561365,-0.010752082825883025,0.00520626441632166
2025-12-31,bitcoin,88414.63,1765833387996.0,39734225800.0,1,126080.0,67.81,0.01433141203607253,0.00716152045522423,0.012043755462861178,53.0130599480693,0.022501684513448562,19972185.0,-0.2987418305837563,1302.8582804896034,1,87625.63571428573,87558.67928571429,88959.81633333334,0.009004149063030915,-0.006128456148004089,-979.1087526321498,-1253.7185200091012,274.60976737695137,0.013583090545453702,0.0007548563101753558,0.012828234235278346
2026-01-01,bitcoin,87520.18,1747837206254.0,37245075349.0,1,126080.0,67.81,-0.010168058343597972,0.008389904403791776,0.01096789573795944,58.108314416923214,0.021309235903510942,19970677.0,-0.3058361357868021,1289.6677481197462,1,87608.14571428571,87662.62428571431,89001.10566666667,-0.001004081453482626,-0.016639407517173393,-935.2460815007362,-1190.0240323074281,254.77795080669193,0.0024536698296426795,-0.011935773247854886,0.014389443077497566
2026-01-02,bitcoin,88727.67,1771365149347.0,21163124465.0,1,126080.0,67.81,0.013702395719397874,0.009545269503953867,0.011160107052104648,67.12914569082297,0.011947352849750726,19964067.0,-0.2962589625634518,1307.4747087450228,1,87822.13,87896.72,88913.87033333333,0.010311068519973196,-0.0020941652031935152,-793.89867726386,-1110.7989612987144,316.9002840348544,0.010485154942088792,0.002673149577042233,0.007812005365046559
2026-01-03,bitcoin,89926.28,1795890115525.0,50705395176.0,1,126080.0,67.81,0.01341843250062832,0.010347726781835147,0.00848171695927575,61.233363413563666,0.028234130104990908,19970693.0,-0.28675222081218277,1325.1507152337413,1,88196.46142857142,88026.89285714286,88790.765,0.01961324233886101,0.01278866107302938,-578.4935180781322,-1004.337872654598,425.8443545764658,0.023950128730646725,0.02882899703957742,-0.004878868308930695
2026-01-04,bitcoin,90593.85,1809211438369.0,23480735293.0,1,126080.0,67.81,0.007396106385883354,0.010407270406674139,0.008625502379975518,63.15685877075097,0.012978436237484674,19970577.0,-0.2814574079949238,1334.9954284028904,1,88594.58285714287,88187.31499999999,88739.20333333334,0.02256647165528072,0.020899969765335966,-349.8828262023744,-873.4468633641533,523.5640371617789,0.03943810999424491,0.03367357498823931,0.0057645350060056
2026-01-05,bitcoin,91373.22,1824986876689.0,31050236623.0,1,126080.0,67.81,0.008566107765816835,0.01031435440043159,0.008813779840062458,65.38686761283955,0.01701395063143314,19972886.0,-0.27527585659898474,1346.488865948975,1,89101.77,88387.015,88808.07433333334,0.025492759571442824,0.02888414917137617,-104.61265078744327,-719.6800208488113,615.067370061368,0.03346267467273223,0.04750029175815884,-0.014037617085426612
2026-01-06,bitcoin,93926.8,1876558232963.0,59451605755.0,1,126080.0,67.81,0.027563317787134795,0.011290901935346093,0.011037690721036547,73.52639734078925,0.03168119417276416,19978944.0,-0.2550222081218274,1384.1467335201298,1,90068.94714285714,88775.27785714285,88964.14233333334,0.04283221886699722,0.05578267306925122,292.4471464839298,-517.2545873822631,809.701733866193,0.07320163189792361,0.07583491436323464,-0.0026332824653110265
2026-01-07,bitcoin,93666.86,1870043996457.0,57439451726.0,1,126080.0,67.81,-0.002771310782732468,0.012185842305929366,0.010195802241082672,79.1791423212733,0.030715561684551397,19964841.0,-0.2570839149746193,1380.3133756083173,1,90819.2657142857,89222.45071428572,89080.94066666668,0.031354517825245676,0.05148036492445051,579.4651968078542,-297.91063054423967,877.3758273520939,0.05566685116379144,0.06673568166547095,-0.011068830501679505
2026-01-08,bitcoin,91257.16,1822220317807.0,47910812257.0,1,126080.0,67.81,-0.026062989582696,0.01679700808961611,0.013151613500109264,64.0087000400741,0.026292546400020142,19967971.0,-0.2761963832487309,1344.7773189795016,1,91353.12000000001,89480.63285714285,89102.24433333334,-0.0010504293668350505,0.024184751829651827,605.5065160438826,-117.22720122661522,722.7337172704978,0.014799678136357963,0.03910426106354259,-0.024304582927184626
2026-01-09,bitcoin,90983.52,1817249307661.0,48319133568.0,1,126080.0,67.81,-0.0030030639223842946,0.016702298370727463,0.013082982623509255,64.70682265179948,0.026589160531964678,19973390.0,-0.2783667512690355,1340.741925969621,1,91675.38428571427,89748.75714285715,89044.25466666667,-0.007546892670316108,0.021778668827010628,597.180067969035,25.654252612514824,571.5258153565202,0.004301285352151352,0.04390902991123102,-0.03960774455907967
2026-01-10,bitcoin,90504.9,1807784901284.0,43664879516.0,1,126080.0,67.81,-0.0052743983287902125,0.016359185521753056,0.013262138498289658,62.15002043399053,0.024153802526498874,19974442.0,-0.2821629124365483,1333.6836749741924,1,91758.04428571428,89977.25285714286,88994.24666666666,-0.013657050948168298,0.016974730276571464,545.6705138594698,129.65750486190584,416.01300899756393,-0.00950300317751751,0.023641675591471456,-0.03314467876898897
2026-01-11,bitcoin,90442.02,1806483854866.0,13961660357.0,1,126080.0,67.81,-0.000695010476344333,0.016108967800177846,0.013255713694930197,60.35275314351988,0.0077286383265438244,19973944.0,-0.2826616434010152,1332.7563781153224,1,91736.35428571429,90165.46857142857,88925.84133333334,-0.01410928410870854,0.017049922091637592,494.0794898265158,202.54190185482784,291.5375879716879,-0.037101019091462684,0.03338475766388971,-0.07048577675535239
2026-01-12,bitcoin,90819.37,1814078415941.0,19870776214.0,1,126080.0,67.81,0.004163606437452658,0.01579067105343087,0.013253822670441562,61.447688731793804,0.010953647890514489,19974576.0,-0.27966870241116754,1338.321191564666,1,91657.23285714285,90379.50142857143,88942.91166666665,-0.009141262844458233,0.021097334213273658,478.1306306573679,257.65964761533587,220.470983042032,-0.030400186362604664,0.023574382151588136,-0.0539745685141928
2026-01-13,bitcoin,91134.97,1820530763451.0,46923085428.0,1,126080.0,67.81,0.003469005647176606,0.010194617436324903,0.012936966380187778,65.61769100257754,0.02577439852708259,19976204.0,-0.277165529822335,1342.975372363958,1,91258.4,90663.67357142856,88972.163,-0.0013525330270966072,0.02430880544064103,485.3623719846073,303.20019248919016,182.16217949541715,-0.0013389634303763165,0.013440898478175756,-0.014779861908552072
2026-01-14,bitcoin,95260.44,1902289955573.0,66844465447.0,1,126080.0,67.81,0.04427301980483167,0.021076893035627514,0.016814596696595886,71.9356945246397,0.035138946747403386,19969359.0,-0.24444447969543145,1403.8140392272526,1,91486.05428571429,91152.66,89206.48533333333,0.04125640507457204,0.06786451281030934,814.5943930018402,405.47903259172017,409.11536041012005,0.04700763390996521,0.051511112509292856,-0.004503478599327648
2026-01-15,bitcoin,97007.78,1938292963238.0,68433627981.0,1,126080.0,67.81,0.01817656717291433,0.01743412689704798,0.016509040795487054,78.82514358491989,0.03530613239532106,19980799.0,-0.23058550126903554,1429.582215012535,1,92307.57142857143,91830.34571428571,89559.61400000002,0.050918992870109626,0.08316433789006708,1202.6455274968175,564.9123315727396,637.7331959240779,0.0718511373417352,0.061665332577750975,0.01018580476398423
2026-01-16,bitcoin,95584.83,1909227332523.0,59629891835.0,1,126080.0,67.81,-0.014777056014940249,0.01923020547406571,0.017397032573115652,70.56413449115978,0.031232473377699067,19974167.0,-0.24187158946700507,1408.5978469252323,1,92964.90142857144,92320.14285714286,89818.37866666666,0.02818191092733593,0.06420124053601278,1379.4571510755195,727.8212954732957,651.6358556022238,0.05686305989185114,0.01765236332974185,0.03921069656210929
2026-01-17,bitcoin,95516.08,1907673016263.0,37208122952.0,1,126080.0,67.81,-0.0007195151814399709,0.01881636743780548,0.01730067908207092,67.98200576988901,0.01950445523671984,19972271.0,-0.2424168781725888,1407.583984663029,1,93680.78428571428,92719.41428571429,90133.41633333333,0.019590951637299542,0.05971884663464206,1496.7801364881743,881.6130636762714,615.1670728119029,0.051714848935860314,0.019742521527891466,0.03197232740796885
2026-01-18,bitcoin,95099.53,1899912876486.0,17839431205.0,1,126080.0,67.81,-0.004370582903234293,0.019138168854771678,0.017424462067553555,64.73239801356809,0.009389604873879834,19978152.0,-0.24572073286802032,1401.4410853856364,1,94346.14285714286,93041.24857142857,90455.05633333333,0.007985351812399033,0.05134565003808583,1538.4134710822545,1012.9731451574681,525.4403259247864,0.04350207170749054,0.04210486059395224,0.0013972111135382992
2026-01-19,bitcoin,93752.71,1874976961281.0,23132534226.0,1,126080.0,67.81,-0.014263456273593881,0.02081504045720505,0.01797026138676399,57.50192790426247,0.012337503182010118,19999176.0,-0.2564029980964467,1381.5794130659197,1,94765.19142857143,93211.21214285714,90643.35133333334,-0.010684106825601405,0.034303218282742666,1446.0617705952027,1099.5908702450151,346.47090035018755,-0.01582745156331422,0.030436171297835157,-0.04626362286114938
2026-01-20,bitcoin,92558.46,1849232162887.0,43338958369.0,1,126080.0,67.81,-0.01282012620891222,0.021840155835583963,0.016720640173995178,45.281540649358,0.023436191106118182,19979072.0,-0.26587515862944155,1363.9677038784841,1,94968.54714285715,93113.47357142858,90783.702,-0.025377740476873353,0.019549301922056467,1261.9593070159463,1132.0645575992014,129.89474941674484,-0.04586559964571901,0.022690042196610527,-0.06855564184232954
2026-01-21,bitcoin,88312.84,1764030499464.0,60578606229.0,1,126080.0,67.81,-0.04695493448853563,0.01967089789539567,0.020754149002432498,35.518356510007266,0.03434101975414075,19974791.0,-0.2995491751269036,1301.3571744580445,1,93976.03285714285,92731.04357142856,90774.88266666667,-0.06026209752599079,-0.027122510041764657,764.65624515737,1058.5828951108351,-293.92664995346513,-0.07607891335895045,-0.023541933273936277,-0.05253698008501417
2026-01-22,bitcoin,89354.34,1785123532735.0,62357735673.0,1,126080.0,67.81,0.011724303051276544,0.018180496582229096,0.020140794750474554,44.44183500473786,0.03493188820241549,19978028.0,-0.2912885469543148,1316.7162660374574,1,92882.68428571428,92595.12785714286,90803.65666666668,-0.03798710505459577,-0.015960994522357306,449.39992894159514,936.7463018769871,-487.34637293539197,-0.06450997570252048,-0.016131250414971987,-0.048378725287548496
2026-01-23,bitcoin,89443.4,1787014846081.0,39301750756.0,1,126080.0,67.81,0.000996209542307396,0.018711110571765374,0.020146275320813346,45.452247595784705,0.02199296264504485,19979281.0,-0.2905821700507615,1318.029641645775,1,92005.33714285714,92485.11928571427,90871.55533333334,-0.02784552747064243,-0.015716197748510085,204.387374311671,790.2745163639239,-585.8871420522529,-0.059475898566480834,-0.01856115166329686,-0.040914746903183974
2026-01-24,bitcoin,89412.4,1786292506432.0,43393369571.0,1,126080.0,67.81,-0.00034664797351187084,0.01874073656084288,0.020113000132184332,46.686409699887285,0.024292420986345264,19978130.0,-0.29082804568527926,1317.5724819348177,1,91133.38285714286,92407.08357142856,90930.54833333334,-0.018884220065007482,-0.01669569095490456,7.623835791804595,633.7443802495001,-626.1205444576955,-0.046295301757144025,-0.061390016674288006,0.015094714917143981
2026-01-25,bitcoin,89170.87,1781979789713.0,16537403155.0,1,126080.0,67.81,-0.0027049582782178554,0.018826113981165567,0.020118847100616764,46.185891684904796,0.00928035393581173,19983878.0,-0.2927437341370559,1314.010617902964,1,90286.43142857144,92316.28714285712,90995.25133333333,-0.012355803756115861,-0.02004919275018291,-165.88986345643934,473.8175315083122,-639.7073949647515,-0.03659946373351508,-0.0807864070283848,0.04418694329486972
2026-01-26,bitcoin,86548.32,1731460015137.0,39912523619.0,1,126080.0,67.81,-0.029851546055210294,0.020383023443443036,0.021455386388421867,38.70629790380133,0.023051368943014235,20005703.0,-0.31354441624365476,1275.3356437103673,1,89257.23285714285,92011.21214285714,90969.99666666666,-0.03034950524937837,-0.048605879176500486,-509.1494299505721,277.2241392165354,-786.3735691671075,-0.019980333550591145,-0.09453916484446323,0.07455883129387209
2026-01-27,bitcoin,88307.86,1764540020524.0,50644433647.0,1,126080.0,67.81,0.020126247682282328,0.02356236990838072,0.022312767689559133,43.054783758407254,0.02870120997990205,19981687.0,-0.299588673857868,1301.2837339625423,1,88650.00428571427,91809.27571428572,90986.692,-0.003859495422149732,-0.029442019938476224,-631.920549796967,95.39520141383493,-727.3157512108019,-0.011711574390231072,-0.07546603671339946,0.06375446232316839
2026-01-28,bitcoin,89204.22,1782508769730.0,43778458931.0,1,126080.0,67.81,0.010099229513073156,0.015966920986662966,0.01834877548863811,32.3163873481501,0.024560024429855234,19982337.0,-0.2924792195431472,1314.5024332694293,1,88777.3442857143,91376.68857142857,91032.73566666666,0.004808385717327634,-0.020086353038560878,-649.4028738954512,-53.564413648022295,-595.8384602474289,-0.002674093337238892,-0.061990947799636875,0.05931685446239798
2026-01-29,bitcoin,89162.1,1781310220302.0,45893249753.0,1,126080.0,67.81,-0.0004722864807988588,0.015308847509988387,0.017201981395396044,24.557741948036764,0.0257637604219322,19978334.0,-0.29281329314720805,1313.8812859460256,1,88749.88142857143,90816.28285714285,91099.58700000001,0.00464472250321077,-0.02126779125793411,-659.0592489139817,-174.66338070121418,-484.39586821276754,-0.0027993880043483133,-0.04896509124909565,0.046165703244747336
2026-01-30,bitcoin,84570.41,1689639802554.0,70962598615.0,1,126080.0,67.81,-0.05287161956590519,0.025009657779515953,0.021233568395051156,20.37117737126451,0.04199865468825689,19979090.0,-0.3292321541878172,1246.1672319716856,1,88053.74,90029.53857142858,90971.44633333333,-0.03955913740858709,-0.07036313691088239,-1025.4027991545445,-344.8112643918803,-680.5915347626642,-0.05159151189171973,-0.08630275395679665,0.03471124206507692
2026-01-31,bitcoin,84141.78,1680807873674.0,79515463846.0,1,126080.0,67.81,-0.005081208681143901,0.024831471799861116,0.021138542672352795,19.98425098774382,0.0473078839595098,19975901.0,-0.3326318210659899,1239.8461878778942,1,87300.79428571428,89217.08857142857,90858.83300000001,-0.03618540142230084,-0.07392845338438381,-1334.9313037686225,-542.8352722672287,-792.0960315013938,-0.027805739036875665,-0.04723050464688938,0.019424765610013717
2026-02-01,bitcoin,78725.86,1573735495563.0,78488542273.0,1,126080.0,67.81,-0.06653154212579039,0.0327332807086877,0.026038897240511102,15.812105189089536,0.04987403696128803,19990071.0,-0.37558803934010154,1159.977142014452,1,85808.65000000001,88047.5407142857,90525.43933333334,-0.08254167849045531,-0.1303454522864546,-1994.2657013577846,-833.1213580853398,-1161.1443432724448,-0.10850676259168779,-0.11894755195998308,0.010440789368295289
2026-02-02,bitcoin,76937.06,1537520318474.0,58330740752.0,1,126080.0,67.81,-0.02298400602969258,0.032413136921445804,0.026162664367244428,15.525551518600693,0.0379381918086739,19984131.0,-0.3897758565989848,1133.5975519834833,1,84435.61285714286,86846.42285714285,90092.46533333333,-0.08880794019733956,-0.14602114932319382,-2630.8078567184275,-1192.6586578119573,-1438.1491989064702,-0.13751770936397412,-0.1398240675108504,0.0023063581468762973
2026-02-03,bitcoin,78767.66,1573216672022.0,84675130405.0,1,126080.0,67.81,0.023514821532215843,0.03307536069067428,0.028036591820057116,22.445865960810252,0.05382292974061229,19972876.0,-0.37525650380710657,1160.5935702698716,1,83072.72714285714,85861.36571428571,89698.259,-0.0518228700431836,-0.12185965616121938,-2953.511735058317,-1544.8292732612292,-1408.6824617970876,-0.11657912947317306,-0.11905216726091672,0.0024730377877436593
2026-02-04,bitcoin,75638.96,1512165605444.0,73734215653.0,1,126080.0,67.81,-0.040531012176074195,0.03184498487463308,0.02745873272889035,23.494478835536228,0.04876067501307191,19991888.0,-0.40007170050761415,1114.4543577643417,1,81134.83285714287,84956.08857142857,89173.78366666667,-0.06773752608598645,-0.15178030033199102,-3422.2670615632815,-1920.3168309216398,-1501.9502306416416,-0.10560963344034868,-0.15175258467255048,0.0461429512322018
2026-02-05,bitcoin,73172.29,1463518712915.0,74109194166.0,1,126080.0,67.81,-0.033154696970925,0.03025089119948035,0.027212096609863942,18.061537502018098,0.05063768130329619,20000996.0,-0.41963602474619294,1078.0781595634862,1,78850.57428571429,83800.22785714285,88481.96666666666,-0.07201322675392431,-0.17302595368773827,-3947.296709832837,-2325.7128067038793,-1621.583903128958,-0.13036912221253227,-0.1545498514586997,0.02418072924616743
2026-02-06,bitcoin,62853.69,1262033077145.0,142403234254.0,1,126080.0,67.81,-0.15200715285583052,0.055975388401742265,0.04531302523363128,12.615742726018354,0.1128363723842705,20078902.0,-0.5014777125634517,925.9088629995576,1,75748.18571428572,81900.96285714288,87454.861,-0.17022844300089793,-0.2813013561361672,-5136.797468906312,-2887.929739144366,-2248.867729761946,-0.2016131675157311,-0.28824353800443125,0.08663037048870015
2026-02-07,bitcoin,70523.95,1410203662656.0,128662818794.0,1,126080.0,67.81,0.11514272390975433,0.08181359799089016,0.05871583784452731,28.1393649409969,0.09123704766989074,19996096.0,-0.4406412595177665,1039.0228579855477,1,73802.78142857143,80551.78785714286,86763.75399999999,-0.04442693574827911,-0.18717267581575586,-5398.330912979189,-3390.009973911331,-2008.3209390678576,-0.08335527767762374,-0.209410160191973,0.12605488251434926
2026-02-08,bitcoin,69296.81,1385532837702.0,68978204828.0,1,126080.0,67.81,-0.01755349504942611,0.07976045385256426,0.0585726535077213,27.511712567196483,0.049784604847334414,19994179.0,-0.4503742861675127,1020.9261170918743,1,72455.77428571429,79132.21214285714,86040.86366666666,-0.04359851670699937,-0.1946058297547462,-5639.6081023470615,-3839.9295995984776,-1799.678502748584,-0.12023779810140356,-0.22279970974214391,0.10256191164074036
2026-02-09,bitcoin,70542.37,1411671712614.0,42782981464.0,1,126080.0,67.81,0.017814648811779608,0.08083808164844616,0.05921331922632432,31.306085713838556,0.030306608173637287,20011685.0,-0.4404951618020305,1039.294499336381,1,71542.24714285714,77988.93000000001,85375.446,-0.013976037695049922,-0.173739367639731,-5665.0129874376,-4204.946277166302,-1460.0667102712978,-0.06738048751595749,-0.16587409236871398,0.09849360485275649
2026-02-10,bitcoin,70096.41,1400898153464.0,56115089203.0,1,126080.0,67.81,-0.006341942026470284,0.07940242661496809,0.05843650617358574,28.056913016142616,0.040056508793479564,19985305.0,-0.44403228109137055,1032.7178882170772,1,70303.49714285714,76688.11214285715,84697.259,-0.0029456165236892624,-0.17238868379435987,-5655.933703819799,-4495.143762497002,-1160.789941322797,-0.04203613143718732,-0.16692504009304288,0.12488890865585556
2026-02-11,bitcoin,68779.91,1374149240710.0,43014177104.0,1,126080.0,67.81,-0.018959883692296297,0.07873746495867305,0.05793306483295253,25.63728688615518,0.03130240575745273,19978933.0,-0.45447406408629437,1013.3033475888512,1,69323.63285714286,75229.23285714285,83962.61033333333,-0.00784325394866887,-0.18082692132912123,-5689.385163050058,-4733.992042607613,-955.3931204424443,0.09428595202604662,-0.12633650492989212,0.22062245695593874
2025-02-12,ethereum,2603.03,313943237177.0,21212910085.0,2,4946.05,0.43,,0.0,0.0,50.0,0.06756925320560495,120606846.0,-0.473715389047826,6052.5581395348845,0,2603.03,2603.03,2603.03,0.0,0.0,0.0,0.0,0.0,0.0,0.0,0.0
2025-02-13,ethereum,2736.27,329492522913.0,26503660439.0,2,4946.05,0.43,0.049919527992576686,0.0,0.0,50.0,0.08043782057536429,120416670.0,-0.44677672081762215,6362.418604651163,0,2736.27,2736.27,2736.27,0.0,0.0,10.628831908832126,2.125766381766425,8.5030655270657,0.0,0.0,0.0
2025-02-14,ethereum,2675.71,322584072350.0,18938191215.0,2,4946.05,0.43,-0.022380913410951907,0.0,0.0,50.0,0.05870776903843002,120560177.0,-0.4590208348075737,6221.581395348838,0,2675.71,2675.71,2675.71,0.0,0.0,14.004140875480061,4.501441280509153,9.50269959497091,0.0,0.0,0.0
2025-02-15,ethereum,2724.67,328399065363.0,17416785873.0,2,4946.05,0.43,0.01813255417355592,0.0,0.0,50.0,0.05303543069998734,120528015.0,-0.449122026667745,6335.441860465117,0,2724.67,2724.67,2724.67,0.0,0.0,20.394663389230118,7.680085702253346,12.71457768697677,0.0,0.0,0.0
2025-02-16,ethereum,2692.82,324625278432.0,8896321415.0,2,4946.05,0.43,-0.011758348224335595,0.0,0.0,50.0,0.02740489421517287,120552164.0,-0.45556150867864253,6261.372093023257,0,2692.82,2692.82,2692.82,0.0,0.0,22.628324465368223,10.669733454876322,11.9585910104919,0.0,0.0,0.0
2025-02-17,ethereum,2659.9,320529173059.0,8757895115.0,2,4946.05,0.43,-0.012300443538158711,0.0,0.0,50.0,0.027323238728687978,120504219.0,-0.4622173249360601,6184.813953488373,0,2659.9,2659.9,2659.9,0.0,0.0,21.494374317437632,12.834661627388584,8.659712690049048,0.021847616047452334,0.0,0.0
2025-02-18,ethereum,2741.91,330464530099.0,24666373348.0,2,4946.05,0.43,0.030366229742358773,0.0,0.0,50.0,0.07464151550730873,120523478.0,-0.4456364169387694,6375.53488372093,0,2690.6157142857146,2741.91,2741.91,0.01906414410721692,0.0,26.90310996430162,15.648351294771192,11.254758669530428,0.0020612001008672998,0.0,0.0
2025-02-19,ethereum,2669.49,321688672384.0,24353300612.0,2,4946.05,0.43,-0.026767314913099003,0.029322941764248236,0.0,50.0,0.07570456376819339,120505667.0,-0.46027840397893277,6207.116279069767,0,2700.11,2669.49,2669.49,-0.011340278729385226,0.0,25.057041198006573,17.53008927541827,7.526951922588303,-0.0023246166438067872,0.0,0.0
2025-02-20,ethereum,2714.8,327248168187.0,13398586821.0,2,4946.05,0.43,0.01683084291623273,0.022480599188406246,0.0,50.0,0.04094319884273156,120542275.0,-0.45111755845573737,6312.488372093024,0,2697.042857142857,2714.8,2714.8,0.006583930548272577,0.0,26.93961363241351,19.41199414681732,7.52761948559619,-0.0036224570314936644,0.0,0.0
2025-02-21,ethereum,2741.59,330517520397.0,14550027649.0,2,4946.05,0.43,0.009819758219037009,0.020624151522334582,0.0,50.0,0.04402195572423297,120556874.0,-0.4457011150311865,6374.79069767442,0,2706.4542857142856,2741.59,2741.59,0.0129821938878386,0.0,30.244653418545568,21.57852600116297,8.666127417382597,0.018111125140187534,0.0,0.0
2025-02-22,ethereum,2658.35,320508273452.0,31770375573.0,2,4946.05,0.43,-0.030832414490882202,0.02299186351976885,0.0,50.0,0.09912497805694866,120566620.0,-0.46253070632120585,6181.209302325582,0,2696.98,2658.35,2658.35,-0.014323428427352116,0.0,25.84917571914957,22.432655944760292,3.416519774389279,-0.0005827286740103244,0.02125215614111231,-0.021834884815122635
2025-02-23,ethereum,2764.36,333381856894.0,17576653979.0,2,4946.05,0.43,0.03910351386878631,0.027541216255514908,0.0,50.0,0.05272228711770768,120600015.0,-0.4410974413926264,6427.744186046512,0,2707.2000000000003,2764.36,2764.36,0.02111406619385337,0.0,30.56748606042993,24.05962196789422,6.5078640925357085,0.008187723156485971,0.01026579979314901,-0.00207807663666304
2025-02-24,ethereum,2827.18,340712999974.0,21394599890.0,2,4946.05,0.43,0.02247060497691025,0.02729937187047357,0.0,50.0,0.06279361190102119,120513374.0,-0.42839639712497857,6573.837209302325,0,2731.097142857143,2827.18,2827.18,0.035181047072657276,0.0,38.92710258353691,27.03311809102276,11.893984492514146,0.05907120835815083,0.056609273800224846,0.002461934557925982
2025-02-25,ethereum,2503.1,301769340440.0,31014455209.0,2,4946.05,0.43,-0.12174978471221179,0.05434091145386067,0.0,50.0,0.10277536864341101,120558244.0,-0.493919390220479,5820.162790697675,0,2696.9814285714283,2693.7985714285714,2503.1,-0.07188830687429909,0.0,19.1805103713441,25.462596547087028,-6.282086175742929,-0.07797996169146904,-0.0813199396624179,0.003339977970948871
2025-02-26,ethereum,2495.32,301064649481.0,42875934003.0,2,4946.05,0.43,-0.003112986216761164,0.05407823494255115,0.04235319197454221,45.182872834282946,0.1424143753739041,120651720.0,-0.49549236259237167,5802.069767441862,0,2672.1,2686.105,2495.32,-0.06615770367875444,0.0,2.8703254715196636,20.944142331973556,-18.073816860453892,-0.08982743590398268,-0.07334318669647433,-0.01648424920750835
2025-02-27,ethereum,2325.85,280668025121.0,28109120497.0,2,4946.05,0.43,-0.07033141386742728,0.05692742439300641,0.04298033549612446,32.22089376375388,0.10015077593851938,120673313.0,-0.5297560679734333,5407.9534883720935,0,2616.535714285714,2656.7892857142856,2325.85,-0.11109564172911293,0.0,-23.459994042263588,12.063315057126127,-35.523309099389714,-0.12507758572046568,-0.12558742809880075,0.0005098423783350681
2025-02-28,ethereum,2305.32,277936135131.0,89259450650.0,2,4946.05,0.43,-0.008866068178702814,0.055604458817722906,0.042871393095213504,33.37850815390554,0.3211509385345998,120562931.0,-0.5339068549650732,5360.209302325582,0,2554.2114285714283,2630.332857142857,2305.32,-0.09744354981241049,0.0,-45.45953219075773,0.5587456075493566,-46.01827779830708,-0.16605651941136468,-0.15922842106414858,-0.006828098347216094
2025-03-01,ethereum,2235.2,269516471615.0,32905594283.0,2,4946.05,0.43,-0.030888785925654447,0.05560548895426589,0.04233900687613715,28.444092130180124,0.12209121797203222,120578235.0,-0.548083824465988,5197.139534883721,0,2493.7614285714285,2595.3707142857143,2235.2,-0.10368330571202543,0.0,-67.77119846446931,-13.107243206854378,-54.66395525761493,-0.2093888609851513,-0.16268650566213017,-0.04670235532302114
2025-03-02,ethereum,2212.82,266823935338.0,16103021679.0,2,4946.05,0.43,-0.010062989310561538,0.04889302886943591,0.04234877865919731,28.683341031015743,0.06035073899424147,120580949.0,-0.5526086473044146,5145.093023255815,0,2414.9700000000003,2561.085,2212.82,-0.08370704397984242,0.0,-86.26482647419243,-27.738759860321988,-58.52606661387044,-0.11596819943270331,-0.18490496537498158,0.06893676594227827
2025-03-03,ethereum,2517.34,303306117780.0,37907412347.0,2,4946.05,0.43,0.1289350682666692,0.07704177562432872,0.057058441975164007,44.89939033116753,0.1249807047231924,120486751.0,-0.4910403251079144,5853.279069767443,0,2370.707142857143,2550.9021428571427,2517.34,0.061851948936272765,0.0,-75.47886749065174,-37.28678138638794,-38.192086104263794,0.008824519500505001,-0.08179560036329281,0.09062011986379781
2025-03-04,ethereum,2148.2,259111889994.0,33501080617.0,2,4946.05,0.43,-0.15857250629485847,0.08613934361609067,0.0693431313503971,32.37841399493058,0.12929194649375508,120618141.0,-0.5656736183419092,4994.813953488372,0,2320.0071428571428,2508.494285714286,2148.2,-0.0740545749551264,0.0,-95.61523731846773,-48.952472572803906,-46.66276474566383,-0.07638067803168735,-0.19190475294825737,0.11552407491657002
2025-03-05,ethereum,2171.5,261805780843.0,35524086283.0,2,4946.05,0.43,0.01078789081092999,0.08680079740625993,0.06967973647840484,34.77551070321434,0.1356887008706012,120564486.0,-0.5609627884877832,5049.000000000001,0,2273.747142857143,2472.9235714285714,2171.5,-0.0449685635354604,0.0,-108.44327365287154,-60.850632788817435,-47.592640864054104,-0.05804834036055739,-0.21446555441404158,0.1564172140534842
2025-03-06,ethereum,2241.38,270490243838.0,22236307932.0,2,4946.05,0.43,0.03167357460868408,0.08546692094255941,0.07030726577662455,35.740876835777016,0.082207430539778,120680226.0,-0.5468343425561812,5211.511627906977,0,2261.68,2439.1078571428566,2241.38,-0.00897562873616061,0.0,-111.68343575358176,-71.01719338177031,-40.66624237181145,0.0027648532569792827,-0.20720293720244187,0.20996779045942116
2025-03-07,ethereum,2202.32,265270135615.0,19895800679.0,2,4946.05,0.43,-0.01758039742506647,0.08559115476490244,0.06998317500519345,33.876687017514485,0.07500203757529564,120450314.0,-0.5547315534618534,5120.674418604652,0,2246.9657142857145,2400.588571428572,2202.32,-0.019869334899890418,0.0,-116.0651760233286,-80.02678991008197,-36.03838611324663,-0.004745076418325889,-0.12016299788262541,0.11541792146429952
2025-03-08,ethereum,2140.75,257899503840.0,21716710066.0,2,4946.05,0.43,-0.028355115252192642,0.08547625541215462,0.06994494105657821,34.321422945973126,0.08420609478749899,120471565.0,-0.5671798708059967,4977.488372093024,0,2233.4728571428573,2363.617142857143,2140.75,-0.04151510364064681,0.0,-123.08705029708108,-88.6388419874818,-34.44820830959928,-0.14959838559749583,-0.14209399996794003,-0.007504385629555799
2025-03-09,ethereum,2200.0,265129957013.0,11257666716.0,2,4946.05,0.43,0.027301125440105805,0.0863545955018477,0.06930480877374387,32.40663383003927,0.04246093818605345,120513617.0,-0.555200614631878,5115.279069767443,0,2231.6414285714286,2323.305714285714,2200.0,-0.014178545068364173,0.0,-122.45932159079484,-95.40293790814441,-27.056383682650434,0.024113211060422746,-0.054109250381580876,0.07822246144200362
2025-03-10,ethereum,2017.27,243298514477.0,17577023964.0,2,4946.05,0.43,-0.08671224817939456,0.06908457065021333,0.07073346485660055,26.508141848579612,0.07224468263517338,120607809.0,-0.5921452472174766,4690.325581395348,0,2160.2028571428573,2265.455,2017.27,-0.06616640500693725,0.0,-135.14871566318288,-103.35209345915212,-31.79662220403077,-0.07102463734745568,-0.12495011538528278,0.0539254780378271
2025-03-11,ethereum,1879.12,226713493940.0,36577317615.0,2,4946.05,0.43,-0.07094153003543258,0.04649593303919308,0.06651612530584718,29.71298150700966,0.16133718809291622,120648758.0,-0.6200766268032066,4369.0465116279065,0,2121.7628571428572,2220.8849999999998,1879.12,-0.11435908415778263,0.0,-154.57090514253923,-113.59585579582955,-40.97504934670968,-0.16162364257734085,-0.1593056549749463,-0.0023179876023945445
2025-03-12,ethereum,1921.31,232024934656.0,30046602112.0,2,4946.05,0.43,0.022203662901774477,0.0478987359199378,0.06736334207193555,31.746051936983633,0.12949729802336576,120763924.0,-0.6115465876810788,4467.162790697675,0,2086.0214285714287,2179.884285714286,1921.31,-0.07895960526360853,0.0,-164.6606444196118,-123.808813520586,-40.8518308990258,-0.12759726107014435,-0.13173687873392337,0.004139617663779016
2025-03-13,ethereum,1910.66,230443739230.0,24499314731.0,2,4946.05,0.43,-0.005558512943019908,0.04338434240319681,0.0657473380728843,35.31309472433091,0.1063136486713048,120609496.0,-0.6136998210693382,4442.395348837209,0,2038.7757142857142,2150.227857142857,2421.251333333333,-0.0628395332492959,-0.21087911292150027,-171.53880887407558,-133.35481259128392,-38.18399628279167,-0.10748102300595586,-0.24100042107939335,0.1335193980734375
2025-03-14,ethereum,1862.79,224658866952.0,19212414462.0,2,4946.05,0.43,-0.025373368259351804,0.04332784597377525,0.06579530780009818,34.64301330501593,0.08551816682181021,120603432.0,-0.6233782513318709,4331.069767441861,0,1990.2714285714285,2118.6185714285716,2396.576666666667,-0.06405228289034516,-0.2227288090095178,-178.7915153968138,-142.4421531523899,-36.3493622444239,-0.15327727272727276,-0.13286006889488866,-0.0204172038323841
2025-03-15,ethereum,1910.67,230476916425.0,12949972214.0,2,4946.05,0.43,0.025378602039213743,0.04701411227836338,0.06647984066772339,38.56136813833651,0.0561877189909996,120626229.0,-0.6136977992539501,4442.418604651163,0,1957.402857142857,2095.4378571428574,2369.0566666666664,-0.02387493048368751,-0.193489110292845,-178.61683799557613,-149.67709012102713,-28.939747874549,-0.05284369469629746,-0.12011512779184896,0.0672714330955515
2025-03-16,ethereum,1939.79,233970291611.0,6944891086.0,2,4946.05,0.43,0.015125753905321681,0.045329693856226726,0.06685294366229887,40.422083616897375,0.029682790230251135,120616300.0,-0.6078102728439866,4510.13953488372,0,1920.23,2075.9357142857143,2344.526,0.010186279768569362,-0.17263020329055848,-174.12149999750636,-154.56597209632298,-19.555527901183382,0.0322863893737495,-0.13455549705984715,0.16684188643359665
2025-03-17,ethereum,1887.76,227688957214.0,9486242392.0,2,4946.05,0.43,-0.027188778794399734,0.03460134267011428,0.05373578451845161,23.159564127487613,0.041663164116844204,120613297.0,-0.6183297783079427,4389.13953488372,0,1901.7285714285715,2030.9657142857143,2316.629,-0.007345197226583383,-0.18512631932001195,-172.7657622497593,-158.20593012701025,-14.559832122749043,-0.01746204412614305,-0.14283119619310547,0.12536915206696242
2025-03-18,ethereum,1929.18,232725366276.0,11251166846.0,2,4946.05,0.43,0.021704101168461474,0.02292058174818694,0.037163487424493775,37.04177020470953,0.048345253575223554,120634345.0,-0.6099554189706937,4485.46511627907,0,1908.8799999999999,2015.3214285714287,2291.1743333333334,0.01063450819328621,-0.15799510673056597,-166.43057441605697,-159.85085898481958,-6.579715431237389,0.00969298566987331,-0.09882984935186268,0.10852283502173599
2025-03-19,ethereum,1932.8,233152161416.0,10887619567.0,2,4946.05,0.43,0.0018746865909156148,0.02143323027739051,0.036898152288371865,35.54069443434858,0.04669748502813082,120629223.0,-0.6092235218002244,4493.883720930233,0,1910.5214285714285,1998.2714285714287,2266.9376666666667,0.011660990081241865,-0.14739605397178251,-159.28168851311602,-159.7370248904789,0.4553363773628689,0.037583409831489334,-0.12145454545454548,0.15903795528603482
2025-03-20,ethereum,2060.73,248434080718.0,20374739989.0,2,4946.05,0.43,0.06409056020132947,0.031678994352245256,0.04044726189940831,39.7761101112658,0.08201266078355639,120556347.0,-0.5833584375410681,4791.39534883721,0,1931.9599999999998,1985.3678571428572,2244.2316666666666,0.0666525186856872,-0.08176591988794972,-141.6602914266166,-156.12167819770644,14.461386771089849,0.0785378950839235,0.02154396783772139,0.056993927246202114
2025-03-21,ethereum,1980.83,238984217654.0,14303790086.0,2,4946.05,0.43,-0.03954434017043893,0.03468609433999413,0.04134685662260129,38.01863011327367,0.059852446435224214,120648525.0,-0.5995127424914831,4605.581395348837,0,1948.8228571428572,1969.547142857143,2221.2763333333332,0.016423833874807888,-0.10824692530375554,-132.61378041666285,-151.42009864149773,18.806318224834882,0.021156929358332688,0.05412639959129817,-0.03296947023296548
2025-03-22,ethereum,1964.53,236980043536.0,9890112887.0,2,4946.05,0.43,-0.008262917828134514,0.03433130944665243,0.040916407328133675,39.976565344011654,0.04173394830817295,120629384.0,-0.6028083015739834,4567.674418604651,0,1956.517142857143,1956.9599999999998,2196.2673333333337,0.004095469938564227,-0.10551417389686335,-125.3150748628052,-146.19909388575923,20.88401902295402,0.040667245836335075,0.02249506846890914,0.018172177367425935
2025-03-23,ethereum,1979.54,238753335161.0,6195605845.0,2,4946.05,0.43,0.007611463521783315,0.034040650595463115,0.040006963874020925,36.79563967417346,0.02594981904994994,120610513.0,-0.5997735566765399,4602.581395348837,0,1962.195714285714,1941.212857142857,2170.8656666666666,0.008839223115212859,-0.08813335141111908,-116.97124487203041,-140.35352408301347,23.382279210983057,0.02610435521827914,0.036050370029204526,-0.009946014810925385
2025-03-24,ethereum,2001.05,241404254258.0,7991413703.0,2,4946.05,0.43,0.010807548312762792,0.031368002585059215,0.033046348515224394,48.79598562902699,0.033103864418475425,120638792.0,-0.5954246317768724,4652.60465116279,0,1978.3799999999999,1940.0542857142857,2148.9556666666667,0.01145887038890409,-0.06882676500073606,-107.38515305735473,-133.75984987788172,26.374696820526992,0.035311465231788075,0.07422200033283399,-0.03891053510104592
2025-03-25,ethereum,2077.74,250648654236.0,15676451248.0,2,4946.05,0.43,0.03760872174518776,0.03303049372077686,0.02754303858400828,66.22394301770893,0.06254352849323391,120635236.0,-0.5799193295660174,4830.953488372093,0,1999.6028571428571,1954.2414285714287,2126.068333333333,0.039076330871415786,-0.02273131703982549,-92.53319903665624,-125.51451970963663,32.98132067298039,0.008254356465912549,0.08744053133194107,-0.07918617486602852
2025-03-26,ethereum,2068.6,249404519198.0,12563169733.0,2,4946.05,0.43,-0.0044087145792822595,0.033390481973118405,0.027343800729488717,62.71780613742726,0.050372662746444516,120566818.0,-0.5817672688306831,4809.697674418605,0,2019.0028571428572,1964.7621428571426,2100.7823333333336,0.024565167246632262,-0.01531921361994205,-80.57166014252857,-116.52594779621502,35.95428765368645,0.04430970855651428,0.06640409528866531,-0.022094386732151028
2025-03-27,ethereum,2009.88,242347645800.0,14024859855.0,2,4946.05,0.43,-0.02879703116532412,0.025757553310787336,0.02872267754807583,57.91051439869886,0.05787083183211182,120578167.0,-0.5936393687892358,4673.139534883721,0,2011.7385714285715,1971.8492857142858,2084.3416666666667,-0.0009238632966367941,-0.03572430943423379,-74.96610505291255,-108.21397924755453,33.24787419464198,0.023084401867113247,0.06469042674916303,-0.041606024882049786
2025-03-28,ethereum,2003.3,241580699763.0,12136188059.0,2,4946.05,0.43,-0.0032791979907723754,0.020407154160750833,0.02759206088708343,61.99197746863532,0.05023657962290062,120591374.0,-0.5949697233145641,4657.837209302325,0,2014.9485714285713,1981.8857142857141,2067.9410000000003,-0.005781076298296129,-0.03125862875198098,-70.24487408466189,-100.62015821497602,30.375284130314128,0.012002788526627395,0.03842046880021566,-0.026417680273588262
2025-03-29,ethereum,1896.92,228784244898.0,18419487648.0,2,4946.05,0.43,-0.05456430259213998,0.029582258929406587,0.031137882703041023,48.93303328936137,0.08051029762216384,120608273.0,-0.6164777954125009,4410.441860465116,0,2005.2899999999997,1980.9035714285715,2053.6433333333334,-0.05404205875459394,-0.07631477715215074,-74.23154641341489,-95.3424358546638,21.110889441248915,-0.052037680217885574,-0.018563741721854266,-0.03347393849603131
2025-03-30,ethereum,1829.27,220262156019.0,12924117065.0,2,4946.05,0.43,-0.036314538048429344,0.031081343828824565,0.03216813458638911,41.90780224929709,0.05867606718552757,120409866.0,-0.6301553765125707,4253.116279069767,0,1983.8228571428572,1973.0092857142859,2037.775,-0.07790658152081553,-0.10231993227907894,-81.90564528735604,-92.65507774120226,10.749432453846225,-0.11958666628163284,-0.11231942078777912,-0.0072672454938537134
2025-03-31,ethereum,1805.34,217784813539.0,10056531345.0,2,4946.05,0.43,-0.013168040467668363,0.029523921466045145,0.03161046667042911,43.70628302635999,0.04617645822764918,120633683.0,-0.634993580736143,4197.46511627907,0,1955.8642857142856,1967.1221428571428,2023.4463333333333,-0.0769604960905117,-0.10778953201789887,-88.89366411694141,-91.9027950163501,3.0091308994086887,-0.12726481678429857,-0.08859417516899482,-0.03867064161530376
2025-04-01,ethereum,1824.21,219908040559.0,17022367814.0,2,4946.05,0.43,0.01039807690672351,0.02242665431093933,0.031065314605992923,41.69843253246444,0.07740675498144417,120549740.0,-0.6311784150989174,4241.3488372093025,0,1919.6457142857143,1959.6242857142859,2010.4926666666665,-0.04971527484238164,-0.0926552330954369,-91.85027528978549,-91.89229107103718,0.04201578125169192,-0.09237864947161023,-0.07142675347284078,-0.020951895998769454
2025-04-02,ethereum,1907.17,230031614722.0,15899367804.0,2,4946.05,0.43,0.044473451295450744,0.03279308619647968,0.03366226839928762,48.19905279874082,0.06911818544253083,120614111.0,-0.614405434639763,4434.279069767442,0,1896.5842857142857,1957.7935714285716,1990.1536666666666,0.005581462614369202,-0.04169711518088797,-86.50209002304155,-90.81425086143807,4.312160838396522,-0.047985823391404114,-0.036558998555219824,-0.01142682483618429
2025-04-03,ethereum,1795.76,216667567217.0,23450470661.0,2,4946.05,0.43,-0.060192137238253174,0.037364213527299864,0.0315083757072277,30.938781382634346,0.10823249165627798,120655080.0,-0.6369304798778823,4175.186046511628,0,1865.9957142857143,1938.8671428571429,1978.4056666666665,-0.03763980471552146,-0.09231962369699367,-90.21354498473215,-90.6941096860969,0.4805647013647416,-0.05332855365539935,-0.10259113965168287,0.049262585996283526
2025-04-04,ethereum,1818.28,219762279056.0,16999031833.0,2,4946.05,0.43,0.01246266863651991,0.03871330327287126,0.03079338789958764,37.2543792243637,0.07735190909932406,120862727.0,-0.6323773516240233,4227.558139534884,0,1839.564285714286,1927.2564285714286,1966.6316666666667,-0.01157028644205356,-0.075434393323949,-90.29683824548965,-90.61465539797545,0.31781715248580156,-0.006007861059329711,-0.12487606726539402,0.11886820620606431
2025-04-05,ethereum,1814.48,218925876284.0,19459233591.0,2,4946.05,0.43,-0.0020920740076295105,0.0343484658366993,0.030804456731305906,37.999264200137574,0.08888503232827832,120654885.0,-0.6331456414714772,4218.720930232558,0,1827.787142857143,1916.5385714285715,1952.4016666666669,-0.007280466387536572,-0.07064205538307103,-89.63620660368451,-90.41896563911726,0.7827590354327469,0.005062758261601852,-0.12284636952528272,0.12790912778688457
2025-04-06,ethereum,1809.94,217957146410.0,6780827628.0,2,4946.05,0.43,-0.0025052297330256075,0.03170790538294641,0.03058668648426275,36.20465267610217,0.031110829535474647,120422305.0,-0.634063545657646,4208.162790697675,0,1825.0257142857142,1904.4242857142858,1939.3223333333333,-0.008266028345588807,-0.06671522887634113,-88.45928772074649,-90.0270300554431,1.567742334696618,-0.007822564288102796,-0.09947857583537323,0.09165601154727043
2025-04-07,ethereum,1574.63,190295586491.0,23485484227.0,2,4946.05,0.43,-0.13927337151251665,0.0613751725775846,0.046337451179069636,24.26554013277007,0.123415811475537,120850985.0,-0.6816388835535427,3660.93023255814,0,1792.067142857143,1873.9657142857143,1920.4516666666668,-0.12133314520262711,-0.18007309044486933,-105.30028531706876,-93.08168110776823,-12.218604209300523,-0.1743630614994992,-0.21398192981580388,0.03961886831630468
2025-04-08,ethereum,1555.91,188565143893.0,49416724297.0,2,4946.05,0.43,-0.011959740578100826,0.06012703314931527,0.04364997594813933,16.138242508403323,0.26206712055458764,121192835.0,-0.6854237219599478,3617.3953488372094,0,1753.7385714285717,1836.6921428571427,1898.982,-0.11280391196928695,-0.18066100679206012,-118.78812918521794,-98.22297072325819,-20.565158461959754,-0.13356461888002846,-0.17977036459102125,0.046205745710992785
2025-04-09,ethereum,1471.36,177496121146.0,22451028357.0,2,4946.05,0.43,-0.055873440313775447,0.052971565215974556,0.04433786887735761,14.69962408681468,0.1264874308917029,120634054.0,-0.7025181710658001,3420.7674418604647,0,1691.4799999999998,1794.0321428571428,1880.785,-0.13013455671955915,-0.21768835885016105,-134.74654669803908,-105.52768591821437,-29.21886077982471,-0.19079569703236032,-0.1956572840532016,0.004861587020841274
2025-04-10,ethereum,1662.53,200623016237.0,41589589715.0,2,4946.05,0.43,0.12215339534521803,0.07842240248017394,0.05907443985299069,32.24889870092703,0.20730218543753415,120673321.0,-0.6638671262926983,3865.348837209302,0,1672.447142857143,1769.2214285714285,1873.5653333333332,-0.005929719751980326,-0.1126383636474913,-130.46397869015755,-110.51494447260302,-19.949034217554527,-0.08374300074952601,-0.07910421305682025,-0.004638787692705759
2025-04-11,ethereum,1523.93,183947227079.0,20486375929.0,2,4946.05,0.43,-0.08704801404681414,0.0823773043920946,0.06211780943133717,28.4147296944372,0.11137094184193218,120705824.0,-0.6918894875708899,3543.0232558139537,0,1630.3971428571429,1734.9807142857142,1860.3193333333334,-0.06530135514747498,-0.1808234356897149,-136.6783316333824,-115.74762190475892,-20.930709728623498,-0.15802181287777495,-0.16460824137571883,0.006586428497943886
2025-04-12,ethereum,1568.13,189185664204.0,14195085225.0,2,4946.05,0.43,0.028591302203760792,0.0845999349232732,0.062485332384012014,34.31689610104654,0.07503256277226882,120644120.0,-0.6829530635557667,3645.813953488372,0,1595.2042857142858,1711.4957142857143,1848.9016666666669,-0.016972300009940485,-0.15185862597704405,-136.463612923563,-119.89082010851975,-16.572792815043258,-0.004127953868527823,-0.1777712526937819,0.1736432988252541
2025-04-13,ethereum,1645.86,198696438259.0,11756571644.0,2,4946.05,0.43,0.04837921730472676,0.08853309258106552,0.06419315727476944,41.33476958547118,0.0591685072314953,120724994.0,-0.6672374925445559,3826.581395348837,0,1571.7642857142857,1698.395,1841.6706666666664,0.04714174699041561,-0.10632230301038254,-128.53956136545867,-121.62056835990754,-6.91899300555113,0.057811827162239426,-0.08347440637947168,0.1412862335417111
2025-04-14,ethereum,1595.42,192382635780.0,13775001677.0,2,4946.05,0.43,-0.031126019502081662,0.07055251888774272,0.06449284294966294,40.324662155933716,0.07160210494648,120584320.0,-0.677435529361814,3709.279069767442,0,1574.734285714286,1683.4007142857142,1831.1623333333334,0.013136002990073479,-0.1287391778664444,-124.89012426021486,-122.27447953996901,-2.6156447202458537,0.08431655067420629,-0.12256638141540355,0.20688293208960984
2025-04-15,ethereum,1621.54,195686083639.0,15415724740.0,2,4946.05,0.43,0.016239290520343397,0.07043596297884193,0.06464551552348213,40.72083291364106,0.07877782851660926,120679159.0,-0.6721545475682615,3770.0232558139533,0,1584.11,1668.9242857142856,1820.554,0.023628409643269763,-0.10931507661953456,-118.52398266197315,-121.52438016436983,3.0003975023966802,-0.024655194191984475,-0.10633349499581146,0.08167830080382699
2025-04-16,ethereum,1587.82,191837036865.0,11786525215.0,2,4946.05,0.43,-0.02101430870338981,0.06646054034340629,0.06286930573583625,34.68830010644112,0.06144030061981431,120817874.0,-0.6789721090567221,3691.6046511627906,0,1600.7471428571428,1646.1135714285715,1810.556,-0.008075693225395622,-0.12302077372917496,-114.87547875837072,-120.19459988317001,5.319121124799295,0.04192449784438912,-0.12272230018674657,0.1646467980311357
2025-04-17,ethereum,1577.71,190419833063.0,13120084886.0,2,4946.05,0.43,-0.006387577672581986,0.044830364959281305,0.06139572986718726,38.420443320977554,0.06890083178289128,120693811.0,-0.6810161644140273,3668.093023255814,0,1588.6299999999999,1630.5385714285715,1798.8403333333333,-0.006873847277213603,-0.12292938357879082,-111.51433776542467,-118.45854745962096,6.944209694196289,0.006109187376046599,0.0019560150638562313,0.004153172312190367
2025-04-18,ethereum,1583.48,191135638825.0,9437178721.0,2,4946.05,0.43,0.003650528065541268,0.027917655058149637,0.06120090394768984,37.30508877787149,0.04937424950686718,120706064.0,-0.67984957693513,3681.5116279069766,0,1597.1371428571426,1613.767142857143,1787.1963333333333,-0.008551014493790527,-0.11398654391449996,-107.1498616283252,-116.1968102933618,9.04694866503661,-0.03790115805718586,0.017719533906202845,-0.0556206919633887
2025-04-19,ethereum,1589.15,191865697061.0,5254078677.0,2,4946.05,0.43,0.0035743254250040516,0.0260008590405674,0.06127503465861238,37.841687800140285,0.027384148169693756,120734793.0,-0.6787032076101132,3694.697674418605,0,1600.1399999999999,1597.672142857143,1771.4769999999999,-0.00686814903695913,-0.10292371845640659,-102.05701153084487,-113.36885054085843,11.311839010013557,-0.003929999623923486,0.08005518703784276,-0.08398518666176624
2025-04-20,ethereum,1615.05,194945047366.0,5148626529.0,2,4946.05,0.43,0.016166633855346668,0.018034197517607823,0.061640438124980004,39.72109998839674,0.026410655713318534,120705271.0,-0.6734667057550975,3754.9302325581393,0,1595.7385714285715,1583.7514285714285,1759.2843333333333,0.012101874904320986,-0.08198466308174934,-94.8377470780515,-109.66262984829706,14.824882770245551,-0.004002368119195299,-0.02855888314797328,0.02455651502877798
2025-04-21,ethereum,1585.46,191374869502.0,6695768150.0,2,4946.05,0.43,-0.018491329904181127,0.01511018295692067,0.04903897851188448,50.72949925231378,0.034987708508561643,120706211.0,-0.6794492574882988,3686.1162790697676,0,1594.3157142857142,1584.525,1746.6486666666667,-0.0055545549770120006,-0.09228453881013278,-90.46131199876277,-105.8223662783902,15.361054279627439,-0.0014863145696615288,0.04037587028275569,-0.04186218485241722
2025-04-22,ethereum,1577.45,190376888818.0,15275062279.0,2,4946.05,0.43,-0.0050649668336839515,0.01309508374119024,0.0489388551613312,51.47215615517099,0.08023590664727658,120686481.0,-0.6810687316141164,3667.4883720930234,0,1588.017142857143,1586.0635714285713,1733.2456666666665,-0.006654300241451197,-0.08988666157538339,-86.64055731272424,-101.98600448525703,15.345447172532786,-0.00016479581165107504,0.005943384795903395,-0.00610818060755447
2025-04-23,ethereum,1759.71,212582611840.0,24271980431.0,2,4946.05,0.43,0.10933940353643701,0.04309222974158301,0.05384753998688844,67.38535373632868,0.1141766968658202,120805480.0,-0.6442191243517554,4091.3488372093025,0,1612.572857142857,1606.66,1725.201,0.09124371789181634,0.020002886620167745,-68.12047250385967,-95.21289808897755,27.09242558511788,0.1112928486624396,0.06917356275746434,0.04211928590497527
2025-04-24,ethereum,1793.97,216572719915.0,22099177231.0,2,4946.05,0.43,0.019282018342486162,0.04208057071621031,0.04386930423763109,59.77423480769804,0.10204044738263175,120722598.0,-0.637292384832341,4171.023255813953,0,1643.467142857143,1616.0485714285714,1715.742,0.0915764320552281,0.045594267669614705,-50.10114141424947,-86.19054675403194,36.08940533978247,0.12888651165717513,0.12444998809091024,0.004436523566264894
2025-04-25,ethereum,1769.39,213593284214.0,12923295610.0,2,4946.05,0.43,-0.013796186670900644,0.043586118615152616,0.03557457812422286,71.98044272512361,0.06050422258151195,120715774.0,-0.6422620070561357,4113.86046511628,0,1670.0257142857142,1633.581428571429,1705.7683333333332,0.05949865613703135,0.03729795273097865,-37.37327641339539,-76.42709268590464,39.05381627250925,0.09556360484195547,0.09117875599738534,0.004384848844570133
2025-04-26,ethereum,1788.8,215954892518.0,15656748329.0,2,4946.05,0.43,0.01091014956078688,0.04332896461880725,0.035201198774250084,70.67863635511745,0.07250008622840068,120726125.0,-0.6383376633879561,4159.0,0,1698.547142857143,1649.3435714285715,1698.3990000000001,0.05313532657741944,0.053227186308988546,-25.427020057587697,-66.22707816024126,40.800058102653566,0.1282529991295902,0.1265760602587196,0.0016769388708706146
2025-04-27,ethereum,1821.27,219830529459.0,10293614896.0,2,4946.05,0.43,0.017989055957110093,0.043329253011581664,0.033509248468707696,67.96092646065003,0.046825229058640984,120701779.0,-0.6317728288230002,4234.511627906976,0,1728.0071428571428,1661.8728571428571,1692.331333333333,0.0539713377507534,0.07618996595229396,-13.187451459076556,-55.619152820008324,42.43170136093177,0.15456591334115188,0.15437564571435813,0.00019026762679374976
2025-04-28,ethereum,1793.69,216533502206.0,9632458065.0,2,4946.05,0.43,-0.015259109446757057,0.042901028363572576,0.032360688316297,71.29874315178861,0.04448483937527655,120719579.0,-0.637348995663206,4170.372093023256,0,1757.7542857142857,1676.035,1688.8903333333333,0.020444105628285456,0.06205238113941094,-5.647875474954162,-45.62489735099749,39.97702187604333,0.019309999943172507,0.13275191350695947,-0.11344191356378697
2025-04-29,ethereum,1799.5,217264115050.0,16777384306.0,2,4946.05,0.43,0.0032338980479522145,0.042279545388885564,0.032303938939279644,69.98921687558973,0.0772211476439123,120735824.0,-0.6361743209227566,4183.883720930233,0,1789.4757142857143,1688.7464285714286,1687.8980000000001,0.005601800367705471,0.06611892424779214,0.7870387630327969,-36.342510128191435,37.12954889122423,0.003082548760570125,0.13236635937450836,-0.12928381061393823
2025-04-30,ethereum,1796.97,216596941730.0,13994558644.0,2,4946.05,0.43,-0.0014069353656988822,0.014067271832795433,0.0313875465140348,75.26271288803001,0.06461106298280511,120534534.0,-0.6366858402159299,4178.0,0,1794.7985714285714,1703.6857142857145,1687.619,0.0012098452751164313,0.06479602327302555,5.617845772703049,-27.95043894801254,33.56828472071559,0.015587292795822272,0.11264047552707357,-0.0970531827312513
2025-05-01,ethereum,1794.05,216623334477.0,13644627083.0,2,4946.05,0.43,-0.0016262792429806707,0.01211675664278407,0.031235302086459873,76.59307699872163,0.06298779914888956,120745428.0,-0.6372762103092366,4171.209302325581,0,1794.81,1719.1385714285714,1686.6136666666666,-0.0004234431499713011,0.06369943245252173,9.10571057204379,-20.539209044001275,29.644919616045065,0.0029349284436492873,0.13156434094836822,-0.12862941250471893
2025-05-02,ethereum,1838.85,221969602980.0,14310565589.0,2,4946.05,0.43,0.024664742298707035,0.013460429878378052,0.03145337110813473,78.64241010341195,0.06447083473086816,120711098.0,-0.6282184773708313,4275.395348837209,0,1804.7328571428573,1737.3792857142855,1684.3363333333334,0.018904262047489306,0.09173563712235609,15.308388570706029,-13.369689521059813,28.67807809176584,0.00965260505032206,0.1657104821071982,-0.15605787705687613
2025-05-03,ethereum,1841.43,222269022299.0,11686301446.0,2,4946.05,0.43,0.0014020674636960838,0.013302396806527126,0.031496446871762514,78.49333634515475,0.052577283712884615,120704573.0,-0.6276968490007176,4281.395348837209,0,1812.2514285714283,1755.3992857142857,1685.8586666666667,0.016100730267638873,0.09228017532509643,20.199393970561687,-6.655872822735513,26.8552667932972,0.02661552442172277,0.04643947013996619,-0.01982394571824342
2025-05-04,ethereum,1834.5,221494950784.0,6704990479.0,2,4946.05,0.43,-0.003770478877472229,0.012006739014015354,0.03167194988759076,75.89502749392304,0.030271527433321267,120738594.0,-0.6290979670646274,4265.279069767442,0,1814.1414285714288,1771.0742857142857,1686.3993333333335,0.01122215231290033,0.08782063876527453,23.248365221496442,-0.6750252138891222,23.923390435385564,0.01944984717977216,0.022592351042659553,-0.0031425038628873914
2025-05-05,ethereum,1808.16,218216268631.0,7479845749.0,2,4946.05,0.43,-0.014462211183496073,0.011828969642253629,0.03141924275296693,76.48164003044141,0.03427721404973839,120684159.0,-0.6344234287967166,4204.023255813953,0,1816.2085714285715,1786.9814285714285,1686.1886666666664,-0.004431523755138266,0.07233551959191616,23.271025144918212,4.114184857872345,19.156840287045867,0.006227149034207624,0.02191150622530924,-0.015684357191101617
2025-05-06,ethereum,1820.0,219769896301.0,10545233503.0,2,4946.05,0.43,0.0065267474590003345,0.011990129529195082,0.03116073733297191,78.58169734392308,0.0479830662911043,120752690.0,-0.6320295993772809,4231.558139534884,0,1819.137142857143,1804.3064285714286,1686.5240000000001,0.0004743222061321357,0.07914266266000358,23.968083202927573,8.08496452688339,15.883118676044184,0.01446447980825516,0.01744186046511631,-0.0029773806568611505
2025-05-07,ethereum,1816.17,219305875805.0,11950393737.0,2,4946.05,0.43,-0.0021066129561618176,0.01202242445940771,0.012594796004116346,61.48121034651052,0.05449189946750866,120751844.0,-0.632803954670899,4222.6511627906975,0,1821.8800000000003,1808.3392857142858,1694.5753333333332,-0.003134125189364976,0.07175524408671918,23.935543696206423,11.255080360747996,12.680463335458427,-0.012333795578758355,-0.0028002437859295792,-0.009533551792828776
2025-05-08,ethereum,1810.32,218569578701.0,47111217119.0,2,4946.05,0.43,-0.003226262901194127,0.012107083834308202,0.011655794241518955,53.75913919161262,0.2155433404730466,120735328.0,-0.6339867166729006,4209.0465116279065,0,1824.2042857142858,1809.507142857143,1703.0556666666666,-0.007611146308018522,0.06298345699015122,23.170613385285606,13.63818696565552,9.532426419630086,-0.016894478747495167,0.009271390262531432,-0.0261658690100266
2025-05-09,ethereum,2197.56,264994998216.0,35992825075.0,2,4946.05,0.43,0.1938440287273725,0.07452231986384818,0.05247900492606756,86.90293554892868,0.13582454505674066,120586013.0,-0.555693937586559,5109.604651162791,0,1875.4485714285713,1840.090714285714,1727.2623333333333,0.17175167236181216,0.2722792349434664,53.19819660738153,21.550188894000726,31.648007713380807,0.19790678659035166,0.22120589052514594,-0.023299103934794285
2025-05-10,ethereum,2341.41,282636716534.0,44566779462.0,2,4946.05,0.43,0.06340565804459887,0.07487051568011736,0.05398133246005423,89.21611763203089,0.15768220070105013,120712185.0,-0.526610123229648,5444.139534883721,0,1946.8742857142856,1879.562857142857,1749.8916666666667,0.20265084252266635,0.3380314019439298,87.59304731862608,34.7587605789258,52.834286739700275,0.2949130607910804,0.3029766774069682,-0.008063616615887836
2025-05-11,ethereum,2583.68,312095621694.0,29947910159.0,2,4946.05,0.43,0.09846142723906479,0.07616276640983433,0.05797575853594769,91.69045353631462,0.09595748250631657,120794998.0,-0.47762760182367753,6007.558139534884,0,2053.9,1934.0207142857141,1785.2166666666667,0.2579385559180095,0.4472641042637214,132.86875032807825,54.380758528756296,78.48799179932195,0.41960439560439555,0.44013823472032554,-0.020533839115929986
2025-05-12,ethereum,2507.47,302727255564.0,26138286410.0,2,4946.05,0.43,-0.02994046256767823,0.07849846800388958,0.0588851845387525,87.0602284527518,0.08634269273608258,120730161.0,-0.4930358568959069,5830.325581395349,0,2153.8014285714285,1985.0049999999999,1816.5279999999998,0.16420667510799838,0.3803640791664098,160.74756322348276,75.65411946770159,85.09344375578117,0.38063617392644944,0.36360768958860157,0.01702848433784787
2025-05-13,ethereum,2492.43,300976824863.0,31524626115.0,2,4946.05,0.43,-0.006016138467977948,0.07970248248299602,0.05918637320739076,85.6361149110807,0.10474104153816335,120756380.0,-0.49607666723951443,5795.3488372093025,0,2249.862857142857,2034.5,1844.747,0.10781419057923523,0.3510958413267509,179.55828485693678,96.43495254554864,83.12333231138814,0.376789738830704,0.353529593848259,0.023260144982444997
2025-05-14,ethereum,2676.64,322977150438.0,32279895882.0,2,4946.05,0.43,0.07130413839410553,0.07727660593866771,0.06003867896380694,88.1169241968611,0.09994482841347806,120665144.0,-0.45883280597648635,6223.7441860465115,0,2372.7871428571425,2097.3335714285713,1880.7876666666666,0.12805735991007572,0.42314842203523595,206.9445962807888,118.53688129259668,88.40771498819213,0.2180054241977465,0.45905696375034055,-0.24105153955259406
2025-05-15,ethereum,2603.72,314022060127.0,28150234191.0,2,4946.05,0.43,-0.027621084917660778,0.08082977504511561,0.06142667405857768,83.07718704806726,0.08964412939528897,120605157.0,-0.47357588378605153,6054.162790697675,0,2486.13,2155.167142857143,1913.5269999999998,0.04729841158748725,0.36069153975878054,220.22578504556395,138.87466204319014,81.35112300237381,0.11203078486894658,0.4399831873285549,-0.3279524024596083
2025-05-16,ethereum,2542.3,306933361056.0,26211434558.0,2,4946.05,0.43,-0.02387200857019976,0.054819544722454004,0.06289669926802505,78.3528008190048,0.08539780253218458,120730583.0,-0.4859938738993742,5911.32558139535,0,2535.378571428571,2205.4135714285717,1945.3429999999998,0.0027299388933185423,0.3068646506040325,223.22197812286004,155.74412525912413,67.4778528637359,-0.016015915283626336,0.39686813186813197,-0.4128840471517583
2025-05-17,ethereum,2544.39,307619694636.0,21130441535.0,2,4946.05,0.43,0.0008217525021616666,0.051732680226888934,0.06291231501330409,78.3442469597755,0.06869014534327268,120901157.0,-0.48557131448327456,5916.186046511628,0,2564.375714285714,2255.625,1977.5656666666666,-0.007793598330532036,0.286627313007895,223.192306281735,169.23376146364632,53.95854481808868,0.014724004674034008,0.4009646674044829,-0.3862406627304489
2025-05-18,ethereum,2475.05,298789831687.0,17185510891.0,2,4946.05,0.43,-0.027630337778337025,0.03617142884722202,0.06400972109838955,74.59019540097512,0.05751705402412368,120720726.0,-0.4995905823839225,5754.93023255814,0,2548.8571428571427,2301.3785714285714,2007.2846666666667,-0.028956955498262382,0.23303387959920657,215.09416103547755,178.40584137801255,36.688319657465,-0.006973114590981377,0.36718922621415007,-0.37416234080513144
2025-05-19,ethereum,2465.34,296863390804.0,24797434472.0,2,4946.05,0.43,-0.0039308688192719295,0.03462132521624712,0.06361662659168763,75.55489881943042,0.0835314667963628,120414787.0,-0.5015537651257064,5732.348837209303,0,2542.8385714285714,2348.32,2036.4910000000002,-0.030477188878345676,0.21058232027541487,205.52365793900253,183.82940469021054,21.694253248791995,-0.07894225596269944,0.12185332823677175,-0.2007955841994712
2025-05-20,ethereum,2526.99,305077067863.0,25363871275.0,2,4946.05,0.43,0.02469914211912644,0.036008325496959016,0.06345865334653294,76.4665363910664,0.08313922594270531,120727454.0,-0.48908927325845886,5875.720930232558,0,2547.7757142857145,2398.819285714286,2066.889,-0.008158376802622944,0.2226055680784017,200.6011992971603,187.1837636116005,13.41743568555978,-0.02946937458712917,0.07925993311722412,-0.1087293077043533
2025-05-21,ethereum,2524.27,304737250158.0,22871462735.0,2,4946.05,0.43,-0.0010769591202578986,0.01929087823202664,0.06342735412151457,76.53013817702248,0.07505305873548973,120722922.0,-0.4896392070440048,5869.39534883721,0,2526.0085714285715,2449.397857142857,2098.1826666666666,-0.0006882682221415676,0.20307447016052627,194.24153854589167,188.59531859845873,5.6462199474329395,-0.007092003304094763,-0.022994333663611588,0.015902330359516825
2025-05-22,ethereum,2558.95,308934701950.0,32697477528.0,2,4946.05,0.43,0.013645106087995176,0.018725461327459083,0.06303926694230545,77.45553232845567,0.10583944542847755,120727135.0,-0.4826275512782928,5950.046511627907,0,2519.612857142857,2502.871428571428,2130.8993333333333,0.015612375824177,0.20087793917372596,189.81181529579908,188.8386179379268,0.9731973578722659,0.005722393186579078,0.02053065440463886,-0.014808261218059782
2025-05-23,ethereum,2657.17,320733890913.0,29592612077.0,2,4946.05,0.43,0.03766462856104305,0.02127826331273414,0.04065235195265087,71.39054108141822,0.09226531063730674,120705070.0,-0.4627692805369942,6178.465116279071,0,2536.022857142857,2535.700714285714,2160.8146666666667,0.04777052482627475,0.22970749920863184,192.013350466857,189.47356444371286,2.5397860231441314,0.07358235187167939,0.06609613910922274,0.0074862127624566455
2025-05-24,ethereum,2519.81,304038733414.0,30047329192.0,2,4946.05,0.43,-0.05307814480998085,0.03108787368211363,0.04157669971250503,58.35331135750676,0.09882730681911339,120659388.0,-0.49054093670706933,5859.023255813954,0,2532.511428571429,2548.4435714285714,2185.0093333333334,-0.005015348964720679,0.15322619521991357,180.59252075225186,187.69735570542068,-7.104834953168819,0.022094315591358438,-0.058592115488074525,0.08068643107943296
2025-05-25,ethereum,2529.44,305369227833.0,10744994421.0,2,4946.05,0.43,0.0038144325102890575,0.028855415502859628,0.03179861061028528,46.7528735632184,0.03518689324805252,120726022.0,-0.48859392848838973,5881.418604651163,0,2540.281428571429,2544.5692857142853,2210.3443333333335,-0.004267806097974641,0.14436468646740255,170.35474794733636,184.2288341538038,-13.874086206467439,0.0009695329225680727,-0.0285284131934308,0.029497946115998874
2025-05-26,ethereum,2546.62,307423642894.0,13814697850.0,2,4946.05,0.43,0.006769055369351298,0.02870356902660717,0.03077132691181279,52.52199904660063,0.044937005234705785,120718302.0,-0.48512044965174234,5921.372093023256,0,2551.8928571428573,2547.3657142857146,2235.605,-0.0020662533413573748,0.13911894095781674,161.76282055946967,179.73563143493698,-17.972810875467303,0.008854044931801974,0.0016992487117963861,0.007154796220005588
2025-05-27,ethereum,2562.17,309319360638.0,13350148034.0,2,4946.05,0.43,0.006087565948710909,0.027365988161495304,0.030725811117279653,54.48962249575116,0.0431597556857226,120725541.0,-0.4819765267233449,5957.534883720931,0,2556.9185714285713,2552.347142857143,2260.3016666666667,0.002053811423683593,0.13355223233476948,154.4282584116031,174.67415683027022,-20.24589841866711,0.0012583286113445613,0.006987922448995709,-0.005729593837651148
2025-05-28,ethereum,2662.09,321357595435.0,26434151855.0,2,4946.05,0.43,0.03825697288364085,0.030494318203235445,0.02587629154148252,48.949291584222784,0.08225774722771957,120716278.0,-0.46177454736608,6189.906976744187,0,2576.6071428571427,2551.3078571428573,2289.2483333333334,0.03317651950932164,0.16286641393936438,154.89276660445285,170.71787878510676,-15.825112180653917,0.001851593989093736,0.07557019050120206,-0.07371859651210833
2025-05-29,ethereum,2676.27,323119009777.0,18008588586.0,2,4946.05,0.43,0.00531250546977907,0.03038117549470241,0.024679549506552323,55.724769194350216,0.05573360910714784,120734832.0,-0.45890761314584366,6222.883720930233,0,2593.367142857143,2556.4900000000002,2318.474,0.03196726594273191,0.15432392168296896,154.6227058825607,167.49884420459756,-12.876138322036866,0.06209198312571185,0.08555817858794312,-0.023466195462231276
2025-05-30,ethereum,2633.14,317891224563.0,27021441336.0,2,4946.05,0.43,-0.01624698364908841,0.027864885619959513,0.02414387025278218,57.38104524180965,0.08500216189718966,120727050.0,-0.46762770291444694,6122.581395348838,0,2589.934285714286,2562.9785714285713,2346.3463333333334,0.01668216623256833,0.12222989530246947,149.20846792800057,163.84076894927819,-14.632301021277613,0.040997216775254586,0.04200649784921984,-0.0010092810739652514
2025-05-31,ethereum,2524.48,304659964725.0,22927149330.0,2,4946.05,0.43,-0.04214194946354655,0.024592226962524,0.026942880838349607,48.62105744324243,0.07525488080028858,120682265.0,-0.48959674892085603,5869.883720930233,0,2590.6014285714286,2561.5564285714286,2370.694,-0.025523582223874124,0.06486961202078381,134.59812801570388,157.99224076256334,-23.394112746859463,-0.008693876589361493,8.319236848675082e-05,-0.008777068957848244
2025-06-01,ethereum,2532.36,305718505779.0,13006751258.0,2,4946.05,0.43,0.0031165733454971228,0.02457684720308857,0.02579535096562954,54.33857707390191,0.04254486075305632,120724741.0,-0.4880035583950829,5888.209302325582,0,2591.0185714285717,2565.65,2393.811,-0.022639193742339664,0.057878002899978305,122.24600269392522,150.84299314883572,-28.596990454910497,-0.011634669050063051,-0.010390980675667683,-0.0012436883743953686
2025-06-02,ethereum,2538.33,306561765778.0,11338340571.0,2,4946.05,0.43,0.0023547102104320467,0.024435371995209614,0.025745675952463028,55.55707825133615,0.03698550124874601,120773014.0,-0.4867965346084249,5902.093023255814,0,2589.8342857142857,2570.8635714285715,2417.0409999999997,-0.019887097023306523,0.050180778894524436,111.65153410627636,143.00470134032386,-31.353167234047504,-0.04648978809882465,-0.04472427432192905,-0.0017655137768955997
2025-06-03,ethereum,2609.74,314999579354.0,15623967732.0,2,4946.05,0.43,0.02774421503375866,0.026672024388633333,0.025963372382882606,56.207895092199436,0.04959996379690911,120701518.0,-0.47235875092245333,6068.162790697675,0,2596.63,2576.774285714286,2442.8823333333335,0.0050488517809621205,0.06830360365289785,107.77516659052526,135.95879439036415,-28.183627799838888,-0.024859225713399713,0.035689198788797505,-0.06054842450219722
2025-06-04,ethereum,2595.47,313315832347.0,15955008730.0,2,4946.05,0.43,-0.00548298176250542,0.02156940049622104,0.02603408291917466,55.25042770338032,0.05092308489642391,120716415.0,-0.475243881481182,6034.976744186047,0,2587.112857142857,2581.86,2469.1259999999997,0.00323029698301298,0.051169523143006906,102.37157190906191,129.2413498941037,-26.869777985041793,-0.014306113613404503,0.026104592320829845,-0.04041070593423435
2025-06-05,ethereum,2610.34,315159803383.0,16809606446.0,2,4946.05,0.43,0.005712863297900597,0.02159754792896001,0.025846482955218266,53.9036506996035,0.053336771585594675,120735155.0,-0.47223744199917106,6069.5581395348845,0,2577.694285714286,2585.530714285714,2495.4706666666666,0.012664695913180464,0.046031129464956064,98.1575695585243,123.02459382698783,-24.867024268463524,0.03401096463430098,0.02502140091572369,0.008989563718577287
2025-06-06,ethereum,2421.6,292341916401.0,25849573160.0,2,4946.05,0.43,-0.07505200232429901,0.0347718067313696,0.03077383488965276,34.26911519198664,0.08842239757552461,120722628.0,-0.5103971856329799,5630.627906976744,0,2547.4742857142855,2568.7042857142856,2515.651666666666,-0.049411405806984145,-0.03738660161614835,78.68121364789204,114.15591779116868,-35.47470414327664,-0.043737857176704864,-0.05486365073355792,0.011125793556853059
2025-06-07,ethereum,2481.4,299560106674.0,18395107930.0,2,4946.05,0.43,0.024394438301262263,0.03423757188848795,0.028673081539803136,47.13866416364965,0.06140706829837894,120722216.0,-0.4983067296125191,5769.697674418605,0,2541.32,2565.960714285714,2538.021,-0.023578297892433882,-0.022309114069584173,67.29567880454306,104.78386999384355,-37.488191189300494,-0.022428131881985336,-0.06787524088216401,0.045447109000178676
2025-06-08,ethereum,2526.29,304953508465.0,9535426815.0,2,4946.05,0.43,0.017928906329377613,0.0350867986196509,0.02910396633750444,49.777054285512065,0.03126846076635448,120711996.0,-0.4892308003356214,5874.093023255814,0,2540.452857142857,2565.7357142857145,2548.978666666667,-0.0055749340528149964,-0.008901081426600236,61.189454311268946,96.06498685732863,-34.87553254605969,-0.03197636546169347,-0.05604068348858671,0.02406431802689324
2025-06-09,ethereum,2508.78,302870081038.0,10206893116.0,2,4946.05,0.43,-0.006955244152611609,0.03514390804145502,0.029086329428038807,47.323070828263404,0.033700565869757795,120724050.0,-0.492770999080074,5833.372093023257,0,2536.2314285714283,2563.032857142857,2554.5576666666666,-0.010823708066298406,-0.017919997369407487,54.31125045686622,87.71423957723616,-33.40298912036994,-0.03340050164324748,-0.047228783885399084,0.013828282242151602
2025-06-10,ethereum,2685.0,324315565109.0,19485734665.0,2,4946.05,0.43,0.06788414875742775,0.043114581576806664,0.03445038328425863,57.07994697100697,0.06008263790376818,120787920.0,-0.45714256831208744,6243.186046511629,0,2546.9828571428575,2571.8064285714286,2557.9349999999995,0.054188485199294485,0.049674835365246,62.360848571430324,82.643561376075,-20.282712804644675,0.028601638100783644,0.06358537203701364,-0.03498373393623
2025-06-11,ethereum,2808.5,339012253954.0,38281210144.0,2,4946.05,0.43,0.04496980502952233,0.045409176722399976,0.035015753928001464,58.21577275737068,0.11291984197478099,120709366.0,-0.4321731482698315,6530.39534883721,0,2577.4157142857143,2582.2642857142855,2567.969333333333,0.08965735889381998,0.09366570836515715,77.80870067177011,81.67658923521402,-3.8678885634439126,0.15977039973571205,0.1090445276343015,0.05072587210141055
2025-06-12,ethereum,2776.14,334990282503.0,27369030838.0,2,4946.05,0.43,-0.011589059340799788,0.04622556033238833,0.03525106524572477,55.49213053090045,0.08170096945350915,120667647.0,-0.438715742865519,6455.139534883721,0,2601.1014285714286,2589.397857142857,2577.4263333333333,0.06729401995088886,0.07709770948513364,86.44358535811307,82.62998845979384,3.8135968983192328,0.1187797211251711,0.09368758199288507,0.02509213913228603
2025-06-13,ethereum,2653.16,320595535563.0,26068993570.0,2,4946.05,0.43,-0.04531009122841198,0.037840346660945004,0.037246692699411915,51.01207206842861,0.08131427508564666,120835357.0,-0.463580028507597,6169.139534883721,0,2634.1814285714286,2590.8278571428573,2576.6436666666664,0.00720473207453435,0.029696125359980632,82.41332594874484,82.58665595758404,-0.17333000883920135,0.0502198876613531,0.016637672718355034,0.03358221494299807
2025-06-14,ethereum,2577.05,311111352118.0,38576471746.0,2,4946.05,0.43,-0.029106048533236485,0.04047730366342136,0.03624710494675717,52.748010998316815,0.12399570598558071,120723832.0,-0.47896806542594594,5992.139534883722,0,2647.845714285714,2594.582857142857,2575.7546666666667,-0.02673709948572737,0.0005028946856222878,72.2450791072315,80.51834058751353,-8.27326148028203,0.02721242994602946,-0.007096980508347062,0.03430941045437652
2025-06-15,ethereum,2534.07,306048481935.0,12077031034.0,2,4946.05,0.43,-0.016818628061106736,0.040814427008982274,0.03656768881048931,50.08622341444722,0.03946116954295162,120773492.0,-0.48765782796372864,5892.186046511629,0,2648.957142857143,2594.7049999999995,2575.480333333333,-0.043370706531411285,-0.01607868357501189,60.0265942130859,76.41999131262801,-16.393397099542113,-0.056212290502793194,-0.02921841599178654,-0.026993874511006655
2025-06-16,ethereum,2547.85,307537228689.0,11678912430.0,2,4946.05,0.43,0.005423160448505731,0.04070867186896771,0.03659176433777496,50.47627624021933,0.03797560535934468,120704605.0,-0.4848717663590138,5924.232558139535,0,2654.5385714285717,2595.3849999999998,2575.5956666666666,-0.04019100440916029,-0.010772524207021636,50.868902695301585,71.30977358916273,-20.440870893861145,-0.09280754851344142,0.05213495209778651,-0.14494250061122793
2025-06-17,ethereum,2561.33,309982828016.0,24222149649.0,2,4946.05,0.43,0.00527678855653447,0.02909534242198301,0.03577763156586602,47.42907518932757,0.07814029507386053,121024166.0,-0.48214635921594,5955.581395348838,0,2636.871428571428,2591.9271428571424,2578.4716666666664,-0.028648127380391145,-0.006647994968595645,44.18969819908534,65.88575851114726,-21.696060312061917,-0.07737722160986116,0.03221165471105025,-0.10958887632091141
2025-06-18,ethereum,2514.99,303697873490.0,25926506708.0,2,4946.05,0.43,-0.01825782743117932,0.018107796201768892,0.036053340235136205,45.866715970253495,0.08536940483007266,120755102.0,-0.49151545172410316,5847.813953488372,0,2594.941428571429,2586.1785714285716,2580.1266666666666,-0.030810494484048524,-0.025245530581185976,34.75647874251581,59.65990255742097,-24.90342381490516,-0.05207752265223364,-0.004472962328157193,-0.04760456032407645
2025-06-19,ethereum,2521.33,304290652058.0,17800721253.0,2,4946.05,0.43,0.0025177126747466436,0.019390082183266485,0.03600914272625284,45.388226272758345,0.0584990736081076,120686563.0,-0.4902336207680877,5862.558139534884,0,2558.54,2579.820714285714,2579.938,-0.014543450561648455,-0.022716824977964654,27.475449496001147,53.22301194513701,-25.747562449135863,-0.021621621621621734,0.0050024314607097775,-0.02662405308233151
2025-06-20,ethereum,2522.18,304481216643.0,10392473841.0,2,4946.05,0.43,0.0003370668475118926,0.01390992962259892,0.029340905084640528,56.47116349692462,0.034131740392987955,120721446.0,-0.4900617664601046,5864.53488372093,0,2539.828571428571,2587.005,2579.8683333333333,-0.006948725448286696,-0.022360960281564823,21.525635134817094,46.88353658307303,-25.357901448255937,-0.004692056651947385,-0.06064059590316584,0.055948539251218454
2025-06-21,ethereum,2405.7,290401843920.0,20482816663.0,2,4946.05,0.43,-0.047282685423959386,0.01931873899927077,0.031478742778638116,45.460650979827754,0.07053266737742414,120714072.0,-0.5136118720999586,5593.6511627906975,0,2515.35,2581.5978571428573,2574.76,-0.043592343013894724,-0.06566048874458216,7.326941431498199,38.97221755275807,-31.64527612125987,-0.05579213846969022,-0.1434217553854371,0.08762961691574689
2025-06-22,ethereum,2270.58,273839538572.0,16155611765.0,2,4946.05,0.43,-0.05780561603396904,0.026621344350496814,0.03414560979912004,36.16362750933391,0.05899663667725704,120603343.0,-0.5409306416231134,5279.418604651163,0,2477.7085714285713,2563.332857142857,2561.873666666667,-0.0835968256384355,-0.11370336892750771,-14.659692568896844,28.245835528427087,-42.90552809732393,-0.11351524403337332,-0.18210897144956661,0.0685937274161933
2025-06-23,ethereum,2227.43,268777741291.0,28181442532.0,2,4946.05,0.43,-0.01918685096070513,0.024941223822597936,0.03428342774754566,35.18727163600752,0.10485035850304489,120667200.0,-0.5496547750224927,5179.069767441861,0,2431.934285714286,2543.2364285714284,2552.1276666666663,-0.08409120547195255,-0.1272262633674412,-35.16079108693975,15.56451020535372,-50.72530129229347,-0.11433842679294948,-0.16046148743385247,0.04612306064090299
2025-06-24,ethereum,2423.9,292612668627.0,25494295400.0,2,4946.05,0.43,0.08452935872639926,0.04653995615724557,0.03729261039428801,36.540404561106875,0.08712642388186602,120719777.0,-0.5099321680937313,5635.976744186047,0,2412.301428571428,2524.5864285714283,2548.6096666666667,0.0048080937527947305,-0.04893243100257669,-35.14939202173764,5.421729759935449,-40.571121781673085,-0.038642303863437144,-0.059428416212335855,0.02078611234889871
2025-06-25,ethereum,2446.54,295402538890.0,19669025069.0,2,4946.05,0.43,0.009296968270296982,0.04668083033175071,0.03456488894624477,29.17568002945643,0.06658380507800651,120742984.0,-0.5053547780552158,5688.627906976744,0,2402.522857142857,2498.7321428571427,2545.2736666666665,0.018321217101546876,-0.038790982659232004,-32.93385837211463,-2.2493878664745672,-30.68447050564006,-0.029989929346834865,-0.034541271551298935,0.0045513422044640706
2025-06-26,ethereum,2417.23,291827501115.0,15513055665.0,2,4946.05,0.43,-0.012052525018615621,0.04666962726826601,0.03456689896527326,29.278431463113293,0.053158306210787154,120728065.0,-0.511280718957552,5620.465116279071,0,2387.6514285714284,2473.0957142857146,2540.4423333333334,0.01238814471602708,-0.048500346461974424,-33.16084644295552,-8.431679581770759,-24.72916686118476,0.004792783805129597,-0.05126675432227168,0.056059538127401276
2025-06-27,ethereum,2415.03,291547094716.0,16271811389.0,2,4946.05,0.43,-0.0009105470947344976,0.04664366310505673,0.03307151215001513,34.02348205300237,0.05581194834011498,120721935.0,-0.5117255183429201,5615.348837209303,0,2372.344285714286,2456.0864285714283,2532.2070000000003,0.01799305208049182,-0.04627465290159932,-33.136283291130894,-13.372600323642786,-19.76368296748811,0.06361810638691456,-0.05711876251791048,0.12073686890482505
2025-06-28,ethereum,2423.03,292419308272.0,13100825618.0,2,4946.05,0.43,0.0033071137155524593,0.04299406884005909,0.03251343062499802,38.627167203237136,0.04480150676580491,120683321.0,-0.5101080660324906,5633.953488372094,0,2374.8199999999997,2445.085,2523.7656666666667,0.02030048593156555,-0.03991482568970672,-32.1012405563265,-17.11832837017953,-14.982912186146972,0.08781420740494661,-0.03656475771275414,0.12437896511770075
2025-06-29,ethereum,2437.13,294208600645.0,5787313891.0,2,4946.05,0.43,0.0058022943928827675,0.03433820267380372,0.03241082552315028,42.52306173448924,0.01967078419295814,120719289.0,-0.5072573063353585,5666.744186046512,0,2398.612857142857,2438.160714285714,2517.2319999999995,0.016058090717909028,-0.03182146103338883,-29.799697210752583,-19.65460213829414,-10.145095072458442,0.0054581459631173335,-0.03339507323515756,0.03885321919827489
2025-06-30,ethereum,2502.67,302158279316.0,10236257919.0,2,4946.05,0.43,0.026537044471829536,0.03211266863517484,0.033301205543423994,46.772949344304465,0.033877138637974646,120734367.0,-0.49400632828216456,5819.162790697675,0,2437.932857142857,2434.933571428571,2516.505,0.026554112295369827,-0.00549770415715448,-22.428633937601717,-20.209408498155657,-2.2192254394460598,0.022942604658006793,-0.007735371781553924,0.030677976439560717
2025-07-01,ethereum,2488.19,300388851494.0,16306915985.0,2,4946.05,0.43,-0.005802623447250974,0.012363377895803312,0.033265081152233165,44.78331573992183,0.05428602261334494,120725850.0,-0.49693391696404204,5785.488372093024,0,2447.117142857143,2429.7092857142857,2515.0326666666665,0.016784181036344818,-0.010672889868362127,-17.55308711177031,-19.67814422087859,2.1250571091082797,0.02935591565552298,0.03428939601779124,-0.004933480362268261
2025-07-02,ethereum,2405.1,290294455719.0,12933967032.0,2,4946.05,0.43,-0.033964055785762726,0.01844110910773852,0.034107226487225514,42.552557029968696,0.044554647108106867,120699537.0,-0.5137331810232408,5592.2558139534885,0,2441.197142857143,2421.86,2510.5916666666667,-0.014786656195613646,-0.042018647662735595,-20.16144117003023,-19.77480361070892,-0.3866375593213114,-0.004111750164594308,0.05924477446291254,-0.06335652462750685
2025-07-03,ethereum,2574.07,310930535640.0,21862573614.0,2,4946.05,0.43,0.06789682109647345,0.03157599792654797,0.03906458316915693,52.928698356286105,0.07031336941223687,120793349.0,-0.47957056641158097,5985.209302325582,0,2463.6028571428574,2425.6271428571426,2509.402666666667,0.04483967151477334,0.025770010605445537,-8.496175076985764,-17.519077903964288,9.022902826978523,0.06233517537958666,0.15562329680394016,-0.0932881214243535
2025-07-04,ethereum,2590.13,312621047413.0,19823369643.0,2,4946.05,0.43,0.0062197636706586195,0.0313176800063507,0.039082992641322936,53.71064099343608,0.06341022079940631,120697049.0,-0.4763235308983937,6022.5581395348845,0,2488.617142857143,2430.480714285714,2509.2246666666665,0.04079086951330404,0.03224316037065378,2.02124052385534,-13.611014218400364,15.632254742255704,0.06277876026309626,0.06857956186311309,-0.005800801600016836
2025-07-05,ethereum,2509.24,302827514360.0,16377116416.0,2,4946.05,0.43,-0.03172814905273718,0.03513269351464313,0.03777658288346778,55.88282084498079,0.054080675101836874,120684954.0,-0.49267799557222436,5834.441860465116,0,2500.932857142857,2437.8764285714287,2505.8546666666666,0.003321617704936418,0.0013509695427933164,3.785583339056757,-10.13169470690894,13.917278045965697,0.002625196290361842,0.025628029789008133,-0.02300283349864629
2025-07-06,ethereum,2517.38,304028836773.0,6801276942.0,2,4946.05,0.43,0.0032387596895806703,0.035136229881458446,0.033497717664523065,66.38691171783702,0.022370499503236607,120771928.0,-0.49103223784636224,5853.372093023257,0,2512.3971428571426,2455.505,2509.047333333334,0.0019833079165146993,0.0033210480153023124,5.774107386988817,-6.950534288129389,12.724641675118207,0.011731419224416229,0.04143172143321072,-0.029700302208794493
2025-07-07,ethereum,2571.36,310345645223.0,9051659016.0,2,4946.05,0.43,0.021216263679768952,0.03463728759004105,0.03276618160196706,72.51233848691531,0.029166379987371493,120693192.0,-0.48011847838173893,5978.906976744187,0,2522.21,2480.0714285714284,2512.0460000000003,0.01948687857077725,0.02361182876428212,11.572362895916285,-3.2459548513202545,14.81831774723654,0.06912810278158932,0.06473211512900456,0.004395987652584754
2025-07-08,ethereum,2543.63,307013209349.0,15947822897.0,2,4946.05,0.43,-0.01084274716977842,0.03492302826420767,0.025170267848548533,60.05914674104817,0.05194507080270663,120698847.0,-0.48572497245276536,5914.418604651163,0,2530.13,2488.6235714285717,2512.6240000000003,0.005335694213340817,0.012340087494189285,13.771197122045123,0.1574755433528212,13.613721578692303,-0.01182563022761618,0.049772392417757993,-0.06159802264537417
2025-07-09,ethereum,2615.78,315738597830.0,14750377129.0,2,4946.05,0.43,0.02797013755035754,0.03164530475581624,0.025985829359414615,63.12670637875404,0.04671705401359228,120705334.0,-0.47113757442807896,6082.209302325582,0,2560.227142857143,2500.712142857143,2516.190666666667,0.02169840957191858,0.03957940654205855,21.0925493263112,4.344490299944497,16.748059026366704,0.009902977842811023,0.07330343477779189,-0.06340045693498086
2025-07-10,ethereum,2772.58,335050165488.0,26626246774.0,2,4946.05,0.43,0.05821596245105663,0.028886396434702557,0.02908624728681137,73.0110214601168,0.07946943328685994,120844183.0,-0.43943550914366014,6446.86046511628,0,2588.5857142857144,2526.094285714286,2519.11,0.07107907793003342,0.10061886936259226,39.09654265641893,11.294900771239385,27.80164188517955,0.10494811177886532,0.1078488174629495,-0.0029007056840841816
2025-07-11,ethereum,2948.45,355346738000.0,39308824585.0,2,4946.05,0.43,0.061501313889238685,0.034497103155195476,0.03195982779037626,78.19940790864872,0.1106210368110935,120519845.0,-0.40387784191425485,6855.86046511628,0,2639.7742857142853,2564.1957142857145,2523.775,0.11693261653323185,0.1682697546334359,66.78620646027593,22.393161909046697,44.39304455122924,0.171237556507162,0.18497783529392842,-0.013740278786766424
2025-07-12,ethereum,2958.85,357144054435.0,42455550665.0,2,4946.05,0.43,0.0035210707920298205,0.027879444469810666,0.031954240741318016,78.25458763973842,0.11887514334282971,120703670.0,-0.40177515391069646,6880.046511627907,0,2704.0042857142857,2602.468571428572,2529.8653333333336,0.09424752602357452,0.16956818254884695,88.54892076289616,35.624313679816595,52.924607083079565,0.15069457407753095,0.2302399068645795,-0.07954533278704856
2025-07-13,ethereum,2942.96,355216449019.0,17472135947.0,2,4946.05,0.43,-0.005384801745782068,0.029090551398077393,0.032320067964333475,76.6229118201244,0.049187294099844577,120700400.0,-0.4049878185622871,6843.093023255815,0,2764.8014285714285,2638.5992857142855,2539.5253333333335,0.06443810741251896,0.15886223357225807,103.32279754400406,49.16401045265409,54.15878709134997,0.15699217260371978,0.143310010994262,0.013682161609457788
2025-07-14,ethereum,2974.27,359110100026.0,18605172049.0,2,4946.05,0.43,0.010582753150443413,0.029433038979065483,0.03210447980891926,75.74910456888266,0.05180910268926706,120738904.0,-0.3986575145823435,6915.906976744186,0,2822.3599999999997,2672.285,2552.766,0.05382375033659786,0.16511658334528112,116.21796826944183,62.574802016011645,53.64316625343018,0.13704898730015502,0.14830915822757929,-0.011260170927424262
2025-07-15,ethereum,3012.18,363606274490.0,41336421998.0,2,4946.05,0.43,0.012665438372019241,0.026407153092835416,0.0316786430109721,77.89584642085198,0.11368456734136156,120712001.0,-0.3909928124462956,7004.069767441861,0,2889.2957142857144,2709.712857142857,2568.7030000000004,0.04253087875592014,0.172646273235948,128.0207605099481,75.66399371479895,52.356766795149156,0.08641770480923894,0.20043519153209743,-0.1140174867228585
2025-07-16,ethereum,3133.07,378233206916.0,43416230284.0,2,4946.05,0.43,0.039349285414676215,0.02702431700367441,0.029161778919425445,87.25575492072589,0.1147869343308138,120722871.0,-0.36655108622031723,7285.209302325582,0,2963.1942857142853,2761.710714285714,2588.2103333333334,0.05732857784745824,0.21051599232468357,145.45268308572986,89.62173158898514,55.83095149674472,0.06261595075378601,0.2445757096663992,-0.18195975891261318
2025-07-17,ethereum,3368.13,406599729411.0,54882159731.0,2,4946.05,0.43,0.0723443396871125,0.030192572773581988,0.029754935986086285,88.06323580166429,0.13497834789635066,120719726.0,-0.31902629370912144,7831.86046511628,0,3048.272857142857,2818.429285714286,2615.103666666667,0.10493061410419305,0.2879527656711123,176.20381692047977,106.93814865528407,69.2656682651957,0.13832401101779412,0.3098632630203473,-0.17153925200255316
2025-07-18,ethereum,3481.88,420347293649.0,45678965281.0,2,4946.05,0.43,0.03321468358981362,0.026610203791538913,0.0297233865304022,89.08544228898023,0.10866958339249598,120724233.0,-0.29602814367020147,8096.39534883721,0,3124.477142857143,2882.1257142857144,2647.3333333333335,0.11438805304110308,0.3152404935784437,207.36263896285664,127.02304671679859,80.33959224605805,0.1831217549677875,0.36886260973490637,-0.18574085476711888
2025-07-19,ethereum,3547.32,427841866747.0,72535524454.0,2,4946.05,0.43,0.018620011007218995,0.02527506048189634,0.02559472100309877,96.12376923897203,0.16953816372742492,120609888.0,-0.28279738377088787,8248.581395348838,0,3208.5442857142857,2956.2742857142853,2681.5330000000004,0.10558548803395938,0.32287016419339226,234.63199937824766,148.5448372490884,86.08716212915925,0.19266912553332416,0.35612322137182795,-0.1634540958385038
2025-07-20,ethereum,3594.32,433877664506.0,27017909119.0,2,4946.05,0.43,0.013162432875117645,0.022236794050350124,0.02508612595504127,96.25315672834098,0.0622707996498547,120712030.0,-0.27329485144711435,8357.883720930233,0,3301.595714285714,3033.1985714285715,2717.271,0.0886614567760958,0.3227683215991338,257.0723017050841,170.25033014028753,86.82197156479657,0.19326202285387994,0.29638098810494196,-0.10311896525106201
2025-07-21,ethereum,3758.61,453825859015.0,55175056732.0,2,4946.05,0.43,0.04469438651978177,0.021360295618426256,0.02556240741843203,96.57745451121626,0.12157759553797558,120743003.0,-0.24007844643705584,8739.953488372093,0,3413.644285714286,3118.0021428571426,2762.3680000000004,0.1010549680672226,0.3606478209999535,284.82989125796075,193.1662423638222,91.66364889413856,0.19965720523320574,0.27477488171751263,-0.0751176764843069
2025-07-22,ethereum,3765.45,454513156114.0,47245582311.0,2,4946.05,0.43,0.0018181678201045234,0.023413069734415395,0.02430947626057655,98.73245054243779,0.10394766724673195,120706199.0,-0.23869552471163866,8755.860465116279,0,3521.254285714286,3205.2750000000005,2812.197,0.06934907123192284,0.3389709184669494,303.8770068192398,215.30839525490575,88.56861156433405,0.1179645678759429,0.2726059110803183,-0.1546413432043754
2025-07-23,ethereum,3746.94,452355960898.0,52357062545.0,2,4946.05,0.43,-0.004927869148937004,0.02679720520638072,0.025855500212457666,97.13323777459252,0.11574305872097437,120726769.0,-0.24243790499489493,8712.813953488372,0,3608.9500000000003,3286.0721428571424,2862.8473333333336,0.038235497859488154,0.3088158618773709,313.86039357728805,235.01879491938223,78.84159865790582,0.07612554137420013,0.2731875390763041,-0.19706199770210397
2025-07-24,ethereum,3630.05,438111570683.0,47655045408.0,2,4946.05,0.43,-0.03169308458651521,0.025336437139823424,0.028208610898020955,86.95832076203615,0.10877376585536766,120690230.0,-0.26607090506565845,8440.976744186048,0,3646.367142857143,3347.32,2903.052333333333,-0.0044749039846704135,0.25042527078108723,308.7808203127697,249.77119999805976,59.00962031470996,0.023321831692658224,0.22048435414404222,-0.197162522451384
2025-07-25,ethereum,3708.43,447620332488.0,47332291813.0,2,4946.05,0.43,0.021362184173594725,0.023938373949015584,0.025492770296099046,85.76174521909354,0.10574205052284774,120703460.0,-0.25022391605422517,8623.255813953489,0,3678.7314285714283,3401.6042857142857,2945.1153333333336,0.00807304691990099,0.2591798895029123,307.5347635350099,261.3239127054498,46.210850829560115,0.03174731242627238,0.2311448850998281,-0.19939757267355573
2025-07-26,ethereum,3723.05,449379722345.0,48622472830.0,2,4946.05,0.43,0.003934618369768698,0.023596367279841098,0.025476958069147848,85.81806933013371,0.10819908067118195,120702038.0,-0.2472680219569151,8657.255813953489,0,3703.835714285714,3456.19,2988.6426666666666,0.005187672239396751,0.24573273396797304,304.22010636115283,269.9031514365904,34.316954924562424,-0.00946094433846556,0.18830731518925536,-0.19776825952772092
2025-07-27,ethereum,3742.43,451746443518.0,25352434515.0,2,4946.05,0.43,0.0051919082319627505,0.023435980045995713,0.02493193498969616,87.34898670428959,0.05612093881153006,120709390.0,-0.24334974373489962,8702.32558139535,0,3724.9942857142855,3513.2949999999996,3032.889333333333,0.004680735847725181,0.23394874942134392,299.70223984190625,275.8629691176536,23.83927072425263,-0.006113479132640154,0.1111299148192022,-0.11724339395184236
2025-07-28,ethereum,3864.12,466077664312.0,26045280361.0,2,4946.05,0.43,0.03199883870676157,0.020187680477669993,0.02515298701944872,88.33412312066517,0.05588184621429287,120616768.0,-0.21874627227787835,8985.32558139535,0,3740.067142857143,3576.8557142857144,3080.925666666667,0.03316861767569479,0.2542074746583195,302.4546550779164,281.1813063097062,21.273348768210212,0.03127351919166044,0.10977977414500195,-0.07850625495334151
2025-07-29,ethereum,3786.3,457680388921.0,38743589826.0,2,4946.05,0.43,-0.020344682818110554,0.02221482769161669,0.027223687084555227,82.2399546878124,0.08465206454954205,120878005.0,-0.2344800396275816,8804.348837209303,0,3743.0457142857144,3632.1500000000005,3125.898,0.011555906343649868,0.2112679300476215,294.95646581749315,283.9363382112636,11.02012760622955,0.0430434842495282,0.06736916883731947,-0.024325684587791274
2025-07-30,ethereum,3788.6,457213828532.0,34923369444.0,2,4946.05,0.43,0.0006072687614838426,0.022075502059543294,0.026667998177706098,80.29335378984634,0.07638301220269357,120681473.0,-0.23401502208833316,8809.697674418605,0,3748.997142857143,3678.9735714285716,3168.762333333333,0.010563586909718273,0.1956087587088419,285.90396464972537,284.32986349895594,1.5741011507694225,0.02161831287094551,0.0540519486300608,-0.03243363575911529
2025-07-31,ethereum,3807.42,459449027043.0,28710848450.0,2,4946.05,0.43,0.004955236692221021,0.01651474261613501,0.02064500625740783,75.37107412241696,0.06248973609712953,120672011.0,-0.23020996552804765,8853.46511627907,0,3774.3357142857144,3710.3514285714286,3212.7366666666667,0.008765591674599303,0.18510179794795922,277.0546949068903,282.8748297805428,-5.820134873652535,0.022661527511045998,0.01298618372217386,0.009675343788872137
2025-08-01,ethereum,3696.66,446264222707.0,31312115687.0,2,4946.05,0.43,-0.02952208513823298,0.019896825377105267,0.021709180859613222,62.447550826436704,0.07016496975057383,120720927.0,-0.2526035927659446,8595.883720930233,0,3772.654285714286,3725.6928571428575,3255.788666666667,-0.02014345337765233,0.13541153264861777,258.12863234590077,277.92559029361445,-19.79695794771368,-0.012230021670411984,-0.018268732820778344,0.00603871115036636
2025-08-02,ethereum,3483.18,420327732498.0,42431734230.0,2,4946.05,0.43,-0.05948403963094576,0.02962546885174292,0.027104551008399057,46.82720275430854,0.10094916644645116,120673561.0,-0.2957653076697567,8099.418604651163,0,3738.387142857143,3721.111428571429,3286.092333333333,-0.06826664363661797,0.05997630214691679,223.32914022722343,267.00630028033623,-43.6771600531128,-0.098583894910096,-0.07039344104789513,-0.02819045386220087
2025-08-03,ethereum,3397.49,410229849340.0,28164675445.0,2,4946.05,0.43,-0.024908745936945184,0.02931812037274138,0.02744920360075023,40.62240940665286,0.06865584132971517,120744976.0,-0.3130902437298451,7900.139534883721,0,3689.11,3707.0521428571433,3313.0043333333333,-0.07904887628723468,0.02550122431674045,186.68384993222298,250.9418102107136,-64.25796027849063,-0.10268864062541272,-0.06406523326124991,-0.03862340736416281
2025-08-04,ethereum,3497.57,422223994717.0,18338718249.0,2,4946.05,0.43,0.0290315179550033,0.028556894316553495,0.025565402489646193,36.7527353185961,0.043433624044251,120719241.0,-0.29285591532637156,8132.883720930234,0,3636.745714285714,3688.406428571429,3345.948666666666,-0.038269300418505854,0.04531490122482472,163.82929086996137,233.5193063425632,-69.69001547260183,-0.07681729398722481,-0.05685964141159461,-0.019957652575630203
2025-08-05,ethereum,3715.71,448517239894.0,28536476595.0,2,4946.05,0.43,0.060501335348902625,0.03980769937184635,0.031022610581889768,47.921541753025345,0.06362403505770291,120708354.0,-0.24875203445173424,8640.186046511628,0,3626.661428571428,3684.8535714285713,3385.8929999999996,0.0245538694974482,0.09740916207334387,161.45777831838905,219.10700073772836,-57.64922241933931,-0.024087177143577554,-0.0019715018600341416,-0.022115675283543412
2025-08-06,ethereum,3612.44,436373875222.0,29411744198.0,2,4946.05,0.43,-0.02818633269796441,0.040883484999794266,0.03186340245150358,44.75150625917022,0.06740033230228809,120797543.0,-0.2696313219639915,8400.023255813954,0,3601.4957142857143,3675.246428571429,3420.5956666666666,0.0030388168090480097,0.05608506588569811,149.52171830426914,205.18994425103654,-55.66822594676739,-0.022782728192476398,-0.034734116603383325,0.011951388410906927
2025-08-07,ethereum,3684.05,444737780082.0,23256150905.0,2,4946.05,0.43,0.019629246201004955,0.04194911517130226,0.03120567981971755,52.184395327012076,0.05229182665954772,120719800.0,-0.2551531019702591,8566.558139534885,0,3583.871428571428,3679.1035714285713,3458.6096666666667,0.027952613095973793,0.06518235795906047,144.1786317598253,192.98768175279432,-48.80904999296902,0.057668567228796874,-0.046600519652598704,0.10426908688139558
2025-08-08,ethereum,3911.26,471838906505.0,31981627911.0,2,4946.05,0.43,0.05984688221999055,0.04649114425478364,0.03463841934982778,57.323070035454606,0.06778081983084855,120636037.0,-0.20921543453867225,9094.953488372093,0,3614.5285714285715,3693.5914285714284,3501.7923333333333,0.0820940885395053,0.1169308821568232,156.47440575765586,185.68502655376665,-29.21062079611079,0.1512204598100364,0.03300319573198118,0.11821726407805522
2025-08-09,ethereum,4012.98,484483868122.0,37861934037.0,2,4946.05,0.43,0.025674534744643675,0.03577800995933859,0.03512857837592915,59.84836647486022,0.07814900872502492,120729201.0,-0.18864952841156077,9331.511627906977,0,3690.214285714286,3714.300714285714,3543.139,0.08746530398931536,0.13260586163850752,172.43907876726507,183.03583699646634,-10.59675822920127,0.1473623115477316,0.05922504355170788,0.08813726799602373
2025-08-10,ethereum,4265.56,514414914903.0,37686735735.0,2,4946.05,0.43,0.061039366144229855,0.032283965578593164,0.03814949878268783,65.33952626424346,0.07326135895983178,120597276.0,-0.1375825153405242,9918.906976744187,0,3814.2242857142855,3751.667142857143,3587.0426666666667,0.11832962103884086,0.18915786523494574,203.13072766348614,187.0548151298703,16.07591253361585,0.1479797939021077,0.12032820124914001,0.027651592652967683
2025-08-11,ethereum,4253.59,513073639262.0,26481154882.0,2,4946.05,0.43,-0.0028101413585043646,0.03498521883925228,0.037691092977202585,62.2056473095365,0.05161277613110318,120621320.0,-0.14000262836000446,9891.06976744186,0,3922.2271428571435,3779.4864285714284,3630.2006666666666,0.08448334200794798,0.17172310584851055,223.9071394464113,194.42527999317852,29.481859453232772,0.17748391668788965,0.15065762066297683,0.02682629602491282
2025-08-12,ethereum,4228.82,510225780029.0,43010572111.0,2,4946.05,0.43,-0.005840337924658292,0.03366030363539839,0.037080203479177905,64.34517634854768,0.08429713627671927,120654410.0,-0.145010665076172,9833.465116279069,0,3995.528571428572,3811.0950000000003,3673.0626666666662,0.058388126727377185,0.151306248699995,235.65735221712066,202.67169443796695,32.98565777915371,0.14787258587695584,0.21406875326569397,-0.06619616738873813
2025-08-13,ethereum,4606.81,556502855392.0,52840297701.0,2,4946.05,0.43,0.08561264918364955,0.03482655357085183,0.04237649890944115,71.32876976575655,0.09495063176949803,120800045.0,-0.06858806522376437,10712.511627906977,0,4137.581428571429,3869.5385714285717,3727.480666666667,0.11340648625991658,0.23590446523219175,272.330853935287,216.60352633743096,55.72732759785603,0.1778327188680886,0.3559451241946263,-0.17811240532653771
2025-08-14,ethereum,4763.65,575091067506.0,58870844449.0,2,4946.05,0.43,0.03347853760551256,0.03421329908204122,0.04259500748209014,73.25337652168412,0.10236786445719885,120724879.0,-0.0368779126777935,11077.255813953487,0,4291.81,3937.8407142857145,3785.863,0.1099396292007333,0.2582732127390769,310.471621903248,235.37714545059438,75.0944764526536,0.1870604887141225,0.36198846627801573,-0.17492797756389322
2025-08-15,ethereum,4554.29,551514703070.0,66924319529.0,2,4946.05,0.43,-0.04494453522483208,0.04394625678326132,0.04403798602805815,69.90128601992843,0.1213463923200353,121097845.0,-0.07920663964173436,10590.372093023256,0,4383.671428571428,3999.0999999999995,3833.237,0.03892138683491023,0.18810550978194143,320.1147692068853,252.3246702018526,67.79009900503269,0.06768865049372175,0.225684996945402,-0.15799634645168026
2025-08-16,ethereum,4430.53,534578587192.0,50038927771.0,2,4946.05,0.43,-0.02755043016804068,0.04760508485627553,0.04057993686054526,72.9383677402796,0.09360443715832552,120657932.0,-0.1042286268840793,10302.558139534882,0,4443.321428571428,4066.7678571428573,3868.650333333333,-0.002878798839349614,0.1452391966845285,314.14931744526893,264.6895996505359,49.459717794733024,0.041597803267357625,0.22646466100475027,-0.18486685773739264
2025-08-17,ethereum,4426.83,534150282400.0,21104759591.0,2,4946.05,0.43,-0.0008354634372355193,0.042963824125833064,0.039143741349618705,75.95410993444276,0.0395109022430426,120662027.0,-0.10497669857765292,10293.953488372092,0,4466.36,4140.292142857143,3900.1486666666665,-0.008850607653659748,0.13504134799647813,305.6003245557372,272.8717446315762,32.72857992416101,0.046823936701018365,0.2016204991788928,-0.15479656247787443
2025-08-18,ethereum,4487.12,541923097742.0,28100356151.0,2,4946.05,0.43,0.013527318273293662,0.04289342825603391,0.03905437440976548,75.46173599353645,0.05185303277916027,120773034.0,-0.09278717360317836,10434.162790697674,0,4499.721428571429,4210.9742857142855,3931.4753333333338,-0.002800490824035255,0.14133235479200074,300.22922956187904,278.34324161763675,21.885987944242288,-0.02598110189046232,0.14723132698925667,-0.173212428879719
2025-08-19,ethereum,4317.28,520793172158.0,43935703176.0,2,4946.05,0.43,-0.038585496236721153,0.04626134882598638,0.03969303573448962,65.87331324442849,0.0843630552872737,120629927.0,-0.1271256861535974,10039.186046511626,0,4512.358571428572,4253.943571428571,3955.574,-0.04323206330803893,0.0914421017025594,279.05120095345046,278.4848334847995,0.5663674686509808,-0.09370335771939586,0.0758289351055823,-0.16953229282497817
2025-08-20,ethereum,4074.5,491872355111.0,41626342123.0,2,4946.05,0.43,-0.05787753454827515,0.0335865991280695,0.042617105066164535,61.35606217005338,0.08462834247638547,120719685.0,-0.17621132014435764,9474.581395348838,0,4436.314285714286,4286.947857142857,3966.103666666667,-0.08155740608355713,0.02733068584272166,239.91159220378722,270.77018522859703,-30.858593024809807,-0.10534902256992862,-0.04479130524479791,-0.06055771732513071
2025-08-21,ethereum,4330.49,523004794309.0,39857177023.0,2,4946.05,0.43,0.06093265980598812,0.04126299613654955,0.044812640857703825,64.56733369388859,0.07620805288345352,120772660.0,-0.12445486802600063,10069.906976744185,0,4374.434285714286,4333.1221428571425,3984.938333333333,-0.010045707134702172,0.08671443263655693,226.93347603577467,262.0028433900326,-35.069367354257906,-0.022579691368752708,0.018078846339209864,-0.04065853770796257
2025-08-22,ethereum,4224.44,509951239221.0,21703206732.0,2,4946.05,0.43,-0.024793991938469075,0.039372995862080096,0.04348513133973251,57.46505596765888,0.042559376392836606,120714518.0,-0.1458962202161322,9823.27906976744,0,4327.312857142858,4355.492142857142,4000.855,-0.023772918792560074,0.05588430472986389,205.71947076413244,250.74616886485256,-45.026698100720125,-0.04571894561119361,-0.0010357499255111424,-0.044683195685682464
2025-08-23,ethereum,4829.23,582817007170.0,61856673933.0,2,4946.05,0.43,0.13380032702020458,0.06607028509988576,0.05533179261187671,65.69283003487507,0.10613395486408177,120685287.0,-0.023618847363047403,11229.767441860464,0,4384.2699999999995,4413.795714285714,4040.8276666666666,0.10149009983417993,0.1951091207964572,234.99978605541855,247.59689230296578,-12.59710624754723,0.07624266790279721,0.04828069748915165,0.027961970413645565
2025-08-24,ethereum,4773.88,576242312916.0,27814037595.0,2,4946.05,0.43,-0.011527643219309543,0.06654670914216465,0.053888248943453926,60.5746667332368,0.04826795424697406,120707331.0,-0.034809595535831635,11101.046511627907,0,4433.848571428572,4450.104285714286,4076.3426666666664,0.07668990564147107,0.17111842412986553,250.84675916334436,248.2468656750415,2.599893488302854,0.10576103472556797,0.002147512936508944,0.10361352178905903
2025-08-25,ethereum,4778.11,577227233252.0,41157770218.0,2,4946.05,0.43,0.0008856793770744191,0.06663127787572738,0.05384002890848546,60.94693080217385,0.07130254403646918,120806602.0,-0.03395436762669211,11110.883720930231,0,4475.418571428571,4487.57,4111.511333333333,0.0676342164962702,0.16212983806279188,260.7412622061538,250.74574498126398,9.995517224889824,0.1726862191679961,0.049144872197422584,0.1235413469705735
2025-08-26,ethereum,4381.63,529509245850.0,48217069691.0,2,4946.05,0.43,-0.0866242695457415,0.07437072833134933,0.05950384499302991,52.76084482104465,0.09105992023538526,120847549.0,-0.11411530413157976,10188.837209302324,0,4484.611428571428,4498.485,4132.818,-0.022963289063425724,0.06020395768698256,233.8939211461775,247.3753802142467,-13.4814590680692,0.011809287170736038,-0.011037054257616918,0.022846341428352956
2025-08-27,ethereum,4602.37,555061696727.0,35263906282.0,2,4946.05,0.43,0.04915058692955938,0.07090268122666053,0.0562996059651547,49.914949046050104,0.06353150738005996,120603449.0,-0.06948575125605287,10702.186046511628,0,4560.021428571428,4498.167857142857,4157.426333333333,0.009286923776987309,0.10702382459532866,227.80311067301955,243.46092630600126,-15.657815632981709,0.08946274535796461,0.03965365735752213,0.04980908800044248
2025-08-28,ethereum,4500.15,543608856125.0,35898825608.0,2,4946.05,0.43,-0.022460658653379786,0.06935895155041424,0.05571758624452424,44.844614529774056,0.06603797050676682,120797941.0,-0.0901527481525663,10464.465116279069,0,4584.2585714285715,4479.346428571428,4181.221333333333,-0.018347257275752114,0.07627643725150803,212.2807593259813,237.22489290999727,-24.944133584015958,-0.06814336861155923,0.0029038670684091716,-0.0710472356799684
2025-08-29,ethereum,4507.56,543249516158.0,29189873860.0,2,4946.05,0.43,0.0016452576007651718,0.06814419102535466,0.05446539197005247,49.00727811933058,0.0537319831712659,120519642.0,-0.08865458295003079,10481.697674418605,0,4624.704285714285,4476.0085714285715,4205.1866666666665,-0.025330113770980663,0.07190485400568836,198.29133010165333,229.4381803483285,-31.14685024667517,-0.055786907086059934,0.04407404662194736,-0.0998609537080073
2025-08-30,ethereum,4364.36,526830870964.0,38006835596.0,2,4946.05,0.43,-0.032284429460802906,0.041107941861198774,0.05465901884072601,48.60581440918304,0.07214238513862094,120712057.0,-0.11760697930671961,10148.67441860465,0,4558.294285714285,4471.282142857142,4223.751333333333,-0.04254536314649023,0.033289996396568246,173.6478589988119,218.28011607842518,-44.63225707961328,-0.08659281598791158,0.07114001718002205,-0.15773283316793363
2025-08-31,ethereum,4373.36,527539496668.0,19199178188.0,2,4946.05,0.43,0.0020600346961923153,0.04158745318893527,0.05466547192738671,48.87591081286763,0.03639382133331099,120625674.0,-0.11578734545748638,10169.60465116279,0,4501.077142857143,4467.4628571428575,4246.308,-0.028374795366442628,0.029920580419507882,153.07935190685657,205.23996324411146,-52.16061133725489,-0.0018874254558236547,0.009899572565691184,-0.011786998021514838
2025-09-01,ethereum,4388.93,529740073153.0,22269795531.0,2,4946.05,0.43,0.0035538692253748077,0.041742720470423156,0.05452825816981434,47.8962140852313,0.04203909928590208,120699139.0,-0.11263937889831277,10205.813953488372,0,4445.4800000000005,4460.449285714286,4276.499666666667,-0.012720786056848794,0.026290270570970938,136.46198194128556,191.4843669835463,-55.02238504226074,-0.04637610622353261,0.03893770535266228,-0.08531381157619489
2025-09-02,ethereum,4303.2,519534784997.0,31725195639.0,2,4946.05,0.43,-0.0197265296386979,0.026847277626607907,0.053771455663934785,49.687047129635395,0.06106462272623996,120732196.0,-0.12997240221995338,10006.441860465115,0,4434.2757142857145,4459.443571428571,4306.69,-0.029559667177084564,-0.0008103671264938461,115.04869228801817,176.19723204444068,-61.14853975642251,-0.043765207826405694,-0.10892626774868863,0.06516105992228294
2025-09-03,ethereum,4325.86,521450862215.0,32990260980.0,2,4946.05,0.43,0.0052520325707486335,0.015462987950570991,0.05114862999724869,56.19290240561341,0.0632662890609964,120542704.0,-0.12539096855066173,10059.13953488372,0,4394.774285714286,4477.397857142857,4334.299666666667,-0.01568096134955094,-0.0019471811632160892,98.76843751935576,160.7114731394237,-61.943035620067946,-0.04031005688221578,-0.09384819057035376,0.05353813368813798
2025-09-04,ethereum,4449.87,537549763927.0,30818352471.0,2,4946.05,0.43,0.02826391772063634,0.01940532124333694,0.04906790955718975,53.145817522556705,0.05733116176232788,120801229.0,-0.10031843592361588,10347.53488372093,0,4387.591428571429,4485.925,4358.7716666666665,0.014194250408782595,0.020900001261823387,94.78022153228994,147.52522281799696,-52.74500128570702,0.019592792528572378,-0.06869661853745512,0.0882894110660275
2025-09-05,ethereum,4298.09,519319443328.0,29893273380.0,2,4946.05,0.43,-0.034704144295120004,0.022933327963765165,0.049552378680695855,51.895099245048044,0.05756239972151309,120825633.0,-0.13100554988324017,9994.558139534884,0,4357.667142857143,4491.185714285714,4381.626666666666,-0.013671797524691201,-0.01906521778821852,78.4676281346492,133.71370388132743,-55.24607574667823,-0.01721102310351752,-0.019065964036214855,0.0018549409326973354
2025-09-06,ethereum,4306.61,519830732357.0,37950930495.0,2,4946.05,0.43,0.001980313731882698,0.02006403865524241,0.031751916317247955,30.599153611997934,0.0730063232755095,120705319.0,-0.1292829631726328,10014.372093023254,0,4349.417142857143,4453.855714285714,4402.3786666666665,-0.009842041232454154,-0.021753845799725276,65.47254637712831,120.06547238048762,-54.59292600335931,-0.01875628000446594,-0.06426254299415302,0.045506262989687074
2025-09-07,ethereum,4273.11,515852185189.0,14497961323.0,2,4946.05,0.43,-0.0078091523368234135,0.020085889988769527,0.031737318624963776,31.103731934643974,0.028104875270981315,120720549.0,-0.13605604472255647,9936.465116279069,0,4335.095714285714,4418.086428571429,4414.440333333333,-0.014298580324639446,-0.03201545896229503,51.872723958818824,106.42692269615387,-54.55419873733504,-0.006992470719464627,-0.05045165161161291,0.043459180892148286
2025-09-08,ethereum,4304.03,519663340480.0,14920604280.0,2,4946.05,0.43,0.007209893727194273,0.020340126154454293,0.0319167263868431,32.46408332963442,0.02871205859204579,120738782.0,-0.12980459154274632,10008.372093023254,0,4322.967142857143,4384.223571428572,4424.142000000001,-0.004380589125788977,-0.027149218989806604,43.09300298767812,93.76013875445872,-50.6671357667806,-0.005046395398834003,-0.04515303179547259,0.040106636396638584
2025-09-09,ethereum,4309.69,519912892077.0,26393884730.0,2,4946.05,0.43,0.0013141826794006905,0.018925732985534304,0.022362590904840978,46.256712317362506,0.050765974708876845,120638118.0,-0.12866024403311746,10021.53488372093,0,4323.894285714286,4379.085,4425.613,-0.003285067759684957,-0.026193659499825373,36.17472583948802,82.24305617146459,-46.06833033197657,-0.031502043879933606,-0.012526464361326761,-0.018975579518606844
2025-09-10,ethereum,4309.34,520461727067.0,28408982228.0,2,4946.05,0.43,-8.121563567870537e-05,0.01879608120852222,0.017087510270925282,30.214846123722268,0.05458419082627926,120775276.0,-0.12873100757169864,10020.720930232557,0,4321.534285714285,4358.154285714286,4427.471333333333,-0.0028217491539048044,-0.026681445104782795,30.314255414673426,71.85729602010636,-41.543040605432935,0.002617441700848433,-0.014638630252254425,0.01725607195310286
2025-09-11,ethereum,4347.48,524803924739.0,34848418446.0,2,4946.05,0.43,0.008811606751557215,0.014850533285162846,0.01662479144598251,38.715352206371506,0.0664027397724419,120714512.0,-0.12101980368172595,10109.41860465116,0,4306.907142857142,4347.249285714285,4431.426666666666,0.00942041604266901,-0.018943485468938533,28.419764279395167,63.169789671964125,-34.75002539256896,0.009490062949744749,-0.009444215332666706,0.018934278282411454
2025-09-12,ethereum,4459.32,538261336998.0,33593064569.0,2,4946.05,0.43,0.025399921149388074,0.010389815198732649,0.01821296324711363,46.91117713349038,0.0624103242420416,120704802.0,-0.09840782038192102,10369.511627906975,0,4329.9400000000005,4343.803571428572,4426.510333333334,0.029880321667274647,0.007412084056281676,35.533313797004666,57.64249449697223,-22.109180699967567,0.04357716042882109,0.03627997769102054,0.007297182737800556
2025-09-13,ethereum,4708.84,567724477218.0,39138140053.0,2,4946.05,0.43,0.05444530515417523,0.021066637203428388,0.021177430771523627,69.41388638412988,0.06893861657117063,120565676.0,-0.04795948281962375,10949.790697674418,0,4387.401428571428,4368.409285714285,4424.683333333333,0.07326399844229313,0.06422079169507425,60.6063988743681,58.23527537245141,2.371123501916685,0.09405371245088912,0.08853268483029986,0.005521027620589258
2025-09-14,ethereum,4667.7,563397805740.0,30452117452.0,2,4946.05,0.43,-0.00877514818736698,0.021226360814613047,0.02150537123172558,66.00822329062154,0.05405082721613086,120701374.0,-0.0562772313260077,10854.116279069767,0,4443.771428571428,4389.433571428571,4428.4636666666665,0.05039155929326444,0.054022422072485476,76.2780592754425,61.84383215304963,14.434227122392869,0.0830709401372256,0.04895199185594179,0.03411894828128381
2025-09-15,ethereum,4609.79,556354045428.0,23827529567.0,2,4946.05,0.43,-0.012484142181244735,0.02326945150974553,0.021990098070360984,61.48302969802844,0.04282799732078809,120689673.0,-0.06798556423812946,10719.441860465116,0,4487.451428571429,4405.209285714285,4434.439,0.027262372278760834,0.03954299517932249,83.06755891417106,66.08857750527392,16.97898140889714,0.06972065327869226,0.07252058472484291,-0.0027999314461506497
2025-09-16,ethereum,4524.24,545926863107.0,33863743707.0,2,4946.05,0.43,-0.018732695581015486,0.025604926498650517,0.02191078790322203,61.49453978159127,0.06202981753686448,120667087.0,-0.08528219488278534,10520.488372093023,0,4518.101428571428,4420.997857142857,4437.686,0.001358661713469443,0.019504309227827317,80.61582719050693,68.99402744232052,11.621799748186419,0.04065803637969578,0.05053394665409683,-0.009875910274401045
2025-09-17,ethereum,4504.27,543407922913.0,28053763147.0,2,4946.05,0.43,-0.004423771489940444,0.025854793027478812,0.02200631211613071,59.30372023654327,0.051625605671361235,120642840.0,-0.08931976021269493,10474.046511627908,0,4545.948571428571,4433.7414285714285,4438.257666666667,-0.009168289252219387,0.014873479254959835,76.18320743902586,70.43186344166159,5.751343997364273,0.010080012199169541,0.054096430936718454,-0.04401641873754891
2025-09-18,ethereum,4591.77,554600592896.0,41727122822.0,2,4946.05,0.43,0.01923973490016153,0.026318545595283724,0.021327508694172378,57.69272470996426,0.0752381504031763,120781440.0,-0.0716288755673719,10677.534883720931,0,4580.847142857143,4443.877142857143,4447.407333333334,0.0023844622625946842,0.032459960567287865,78.82222948628169,72.10993665058561,6.712292835696076,-0.024861749390508003,0.06685362323218014,-0.09171537262268814
2025-09-19,ethereum,4590.64,554210013388.0,29381752919.0,2,4946.05,0.43,-0.0002461227511523217,0.02522407933115063,0.01854218269010327,68.95613296183507,0.05301555765725576,120726089.0,-0.07185734070622009,10674.906976744187,0,4599.607142857143,4464.773571428572,4464.611999999999,-0.001949545380428438,0.02822820885667135,79.90143787673878,73.66823689581625,6.233200980922533,-0.016509201533945972,0.06519030371094003,-0.081699505244886
2025-09-20,ethereum,4470.48,539242810184.0,28156319659.0,2,4946.05,0.43,-0.02652366249297849,0.014671925145155296,0.020341786683939406,59.276115432077795,0.05221454811681684,120623023.0,-0.09615147440887185,10395.465116279069,0,4565.555714285715,4476.478571428571,4469.278333333334,-0.020824565559066935,0.00026887264051189057,70.25100071397083,72.98478965944717,-2.7337889454763484,-0.03022046557435376,0.0373931971021082,-0.06761366267646196
2025-09-21,ethereum,4481.8,540941822331.0,14314030981.0,2,4946.05,0.43,0.002528966036193699,0.015113470079075503,0.020118634689103534,62.117499506451,0.02646131319504689,120697448.0,-0.09386277938961393,10421.790697674418,0,4538.998571428571,4491.385,4477.857,-0.01260158392395546,0.0008805551405505381,62.79255563528932,70.94634285461561,-8.15378721932629,-0.009380581047866543,0.030896059326322556,-0.0402766403741891
2025-09-22,ethereum,4452.87,537406899904.0,15910684641.0,2,4946.05,0.43,-0.006475919335426525,0.014839112657403817,0.020251637737489777,58.6623521743179,0.029606401860196092,120687759.0,-0.0997118913072048,10354.511627906975,0,4516.581428571429,4502.016428571428,4465.3116666666665,-0.014106117553510015,-0.002786293006049956,53.925653586347835,67.54220500096206,-13.616551414614221,-0.01141139407717573,-0.001446408869513749,-0.00996498520766198
2025-09-23,ethereum,4199.95,507148578276.0,52988093950.0,2,4946.05,0.43,-0.058476211654931096,0.02506932500363333,0.025994749288283006,45.040582801569094,0.10448238685816223,120751099.0,-0.15084764610143456,9766.325581395347,0,4470.254285714286,4494.177857142857,4446.180666666666,-0.06046731761504154,-0.055380265699204546,26.188158777787976,59.271395756327244,-33.08323697853927,-0.08533092903172423,-0.10807120224938638,0.022740273217662144
2025-09-24,ethereum,4166.19,503209949445.0,29902684712.0,2,4946.05,0.43,-0.008070671360589022,0.02495660782153673,0.02604076887146206,43.72033444757366,0.05942387416023918,120784206.0,-0.15767329485144724,9687.81395348837,0,4421.957142857143,4483.952857142857,4425.783333333334,-0.057840258192074,-0.058654776743853436,1.4649573320193667,47.710108071465676,-46.24515073944631,-0.09245987487583451,-0.10744263770165186,0.014982762825817342
2025-09-25,ethereum,4148.66,500734284408.0,29988924905.0,2,4946.05,0.43,-0.004216558560330662,0.021537198831871524,0.025840810134723034,41.1176039600422,0.05988989737432263,120697836.0,-0.1612175372266759,9647.046511627907,0,4358.655714285715,4469.751428571429,4418.017666666667,-0.048179009321026006,-0.06096799220585585,-19.320171519590076,34.304052153254524,-53.6242236728446,-0.07198779549399614,-0.10003275637285003,0.028044960878853886
2025-09-26,ethereum,3863.06,466825639887.0,63461265827.0,2,4946.05,0.43,-0.07132577500213991,0.029119707628747382,0.030137913127593893,26.94169876405715,0.13594211715183738,120843487.0,-0.21896058470901025,8982.860465116279,0,4254.715714285714,4427.161428571429,4393.374,-0.09205214650903314,-0.12070768388942073,-58.167549719344606,15.809731778734697,-73.97728149807931,-0.1380561381587755,-0.1461416724134882,0.0080855342547127
2025-09-27,ethereum,4037.1,486889364203.0,43443403794.0,2,4946.05,0.43,0.044066996899972365,0.038932836537600976,0.02850765788045649,22.412235309578975,0.08922643825895328,120603741.0,-0.18377290969561574,9387.60465116279,0,4192.8042857142855,4379.179999999999,4377.939,-0.037136072924939735,-0.07785375721315449,-74.05711896736466,-2.163638370485174,-71.89348059687948,-0.09337124146898512,-0.10371713951428319,0.010345898045298063
2025-09-28,ethereum,4018.17,485207355886.0,17011629273.0,2,4946.05,0.43,-0.0047000373289822475,0.038497215498932806,0.02855282437942542,22.828696925329453,0.03506053456658003,120753317.0,-0.1876002062251696,9343.581395348838,0,4126.571428571428,4332.785000000001,4361.626,-0.02626912691269122,-0.07874494511909093,-87.17234138142794,-19.16537897267373,-68.00696240875422,-0.04328146763651941,-0.12491914882496302,0.08163768118844361
2025-09-29,ethereum,4141.84,499628731251.0,21656522952.0,2,4946.05,0.43,0.03031355844100346,0.042276171774615116,0.030567416111438823,31.445428664324652,0.04334523136364699,120629655.0,-0.16259641532131702,9631.186046511628,0,4082.1385714285716,4299.36,4354.208666666667,0.014625037226635752,-0.048773194608802355,-86.58897043653269,-32.650097265445524,-53.93887317108717,-0.005844668630091143,-0.09776414617569662,0.09191947754560548
2025-09-30,ethereum,4215.61,508909498092.0,34604598515.0,2,4946.05,0.43,0.01765416867091088,0.037333797563985936,0.031094610655491448,37.64719066945238,0.06799754896448057,120720251.0,-0.14768148320376875,9802.74418604651,0,4084.375714285714,4277.3150000000005,4348.950333333333,0.0321308064914974,-0.03066034861592277,-79.26035820977359,-41.972149454311136,-37.28820875546245,0.01613774086090447,-0.05701177502192156,0.07314951588282603
2025-10-01,ethereum,4144.23,500218841768.0,34013325290.0,2,4946.05,0.43,-0.01707729686889179,0.03783155998970816,0.03125857482826781,36.15912166318119,0.06799688946098371,120702481.0,-0.1621132014435763,9636.74418604651,0,4081.238571428571,4251.597857142857,4340.7936666666665,0.015434390190372868,-0.0452828864398915,-78.30944711234406,-49.23960898591772,-29.06983812642634,0.07278426946513883,-0.0753201838547014,0.14810445331984023
2025-10-02,ethereum,4343.95,524308225825.0,42741046619.0,2,4946.05,0.43,0.04706706708897021,0.04180632473065505,0.03376763449002488,41.229845844598884,0.08151893202084877,120698495.0,-0.12173350451370292,10101.20930232558,0,4109.137142857143,4233.896428571428,4342.152,0.05714407890985799,0.00041408039147403737,-60.73993617148244,-51.53967442303067,-9.200261748451773,0.0760075301577865,-0.024460628763022463,0.10046815892080896
2025-10-03,ethereum,4484.01,540553843152.0,41104321433.0,2,4946.05,0.43,0.031733662922598264,0.0242710188755718,0.035094021630482794,46.56429027123515,0.07604112329184153,120551436.0,-0.09341595818885777,10426.93023255814,0,4197.844285714285,4226.28,4347.423666666667,0.06816968301076994,0.03141776459023133,-35.10957932412384,-48.253655403249304,13.144076079125462,0.11593337265471604,0.06763413850164901,0.04829923415306703
2025-10-04,ethereum,4515.76,545075315730.0,45970576945.0,2,4946.05,0.43,0.0070557651405725435,0.02244594682206163,0.0344061171017202,51.54710328144435,0.0843380274585233,120705112.0,-0.08699669433184055,10500.767441860466,0,4266.2242857142855,4229.5142857142855,4349.62,0.05849099755990335,0.03819644014879468,-12.095942713524892,-41.02211286530443,28.926170151779537,0.09027871670561871,0.08390639889203344,0.006372317813585271
2025-10-05,ethereum,4487.71,541611848323.0,20597928708.0,2,4946.05,0.43,-0.006230951122800258,0.02268748741045558,0.034450310898191235,50.19964732350973,0.03803079414118735,120687800.0,-0.09266788649528414,10435.53488372093,0,4333.301428571429,4229.936428571428,4355.940666666666,0.035633009605675045,0.030250488566495697,3.8349229239929628,-32.050705707444955,35.88562863143792,0.0645458189917949,0.08172518355324376,-0.017179364561448862
2025-10-06,ethereum,4515.32,545075062110.0,40355486904.0,2,4946.05,0.43,0.006133509842167373,0.02193560537923178,0.03443015515756275,52.1115236105194,0.07403656800548321,120716818.0,-0.08708565420891427,10499.74418604651,0,4386.655714285714,4234.397142857143,4362.897666666667,0.029330837452156117,0.03493603219206065,18.475174657957723,-21.94552963436442,40.42070429232214,0.08954377532135038,0.16884542305840444,-0.07930164773705406
2025-10-07,ethereum,4689.13,566339901683.0,41164885083.0,2,4946.05,0.43,0.03777100496562221,0.023972071271856684,0.031088793141418398,67.4747085048011,0.07268582870581738,120777181.0,-0.05194448094944452,10903.953488372093,0,4454.301428571428,4269.338571428571,4376.765,0.05271950612104977,0.0713689220234579,43.60009923974849,-8.836403859541837,52.43650309929033,0.07946224058748386,0.16150949939312875,-0.0820472588056449
2025-10-08,ethereum,4454.33,537522914210.0,49804861779.0,2,4946.05,0.43,-0.05137040738905973,0.03334234276590152,0.034736410934930795,59.00032485381579,0.09265625792381045,120674246.0,-0.0994167062605514,10357.906976744185,0,4498.601428571428,4289.92,4381.775,-0.009841153806214625,0.016558358199588133,44.05751765294917,1.7423804429563647,42.315137209992805,-0.006619075336584901,0.10854692559050516,-0.11516600092709006
2025-10-09,ethereum,4527.58,546454608030.0,36623453163.0,2,4946.05,0.43,0.016310923619435865,0.0294956910839778,0.03476082646938508,61.437782231774165,0.06702011955765115,120694633.0,-0.08460690854318097,10528.255813953489,0,4524.834285714286,4316.985714285714,4389.0380000000005,0.0006068099100076472,0.0315654592190816,49.75711877265894,11.34532810889688,38.41179066376206,0.0026174996013959007,0.09313252081200618,-0.09051502121061028
2025-10-10,ethereum,4368.65,527213250875.0,42731695439.0,2,4946.05,0.43,-0.03573354351964087,0.030653121790493034,0.02956443278121833,66.5250331749217,0.08105201333251676,120681046.0,-0.11673962050525177,10158.651162790697,0,4508.354285714286,4353.0992857142855,4391.015,-0.030987867603255993,-0.005093355408715454,40.97740889468059,17.271744266053624,23.70566462862697,-0.026530234796811825,0.03630316846197812,-0.06283340325878994
2025-10-11,ethereum,3835.63,463578765353.0,90784076986.0,2,4946.05,0.43,-0.1301203391664809,0.055990326086544084,0.04577997320253547,44.66657842488419,0.19583312215966345,120861179.0,-0.2245064243183955,8919.06976744186,0,4411.192857142857,4338.708571428571,4373.953333333334,-0.13047782669734617,-0.12307477750867643,-8.888374159515479,12.039720580939804,-20.928094740455283,-0.15052975204415187,-0.0744649790190215,-0.07606477302513037
2025-10-12,ethereum,3749.22,453043143809.0,54140013164.0,2,4946.05,0.43,-0.02278587938157431,0.055495642595009935,0.04606596643083414,43.12580831497319,0.11950299635662309,120836639.0,-0.24197693108642257,8718.116279069767,0,4305.694285714286,4319.497857142856,4350.283333333334,-0.12924147623777954,-0.13816647957795866,-54.748821006426624,-1.3179877365334818,-53.43083326989314,-0.20044443212280327,-0.1369099552250832,-0.06353447689772007
2025-10-13,ethereum,4159.73,501175375997.0,57642806542.0,2,4946.05,0.43,0.10390234997335299,0.07404223920180251,0.053926757141051336,50.398783809689384,0.11501524077740213,120482670.0,-0.15897938759211908,9672.790697674418,0,4254.895714285714,4320.7757142857145,4331.979666666667,-0.022366168450662163,-0.0397623442215297,-57.308215875015776,-12.51603336422994,-44.792182510785835,-0.06613789279195759,-0.07231919643354956,0.006181303641591973
2025-10-14,ethereum,4246.22,512317800005.0,46426992105.0,2,4946.05,0.43,0.020579007089623333,0.07239386618227381,0.05400473675678077,50.678476276603774,0.09062146992461885,120652675.0,-0.14149270630098765,9873.93023255814,0,4191.622857142857,4322.962142857143,4317.930333333333,0.013025299440789393,-0.016607570710381048,-51.76086751422372,-20.3650001942287,-31.39586731999502,-0.062143573387990814,-0.05968873456516732,-0.0024548388228234908
2025-10-15,ethereum,4128.89,498801738231.0,62876294834.0,2,4946.05,0.43,-0.028020569694347002,0.07091720212890687,0.05435702874898949,49.666773831970616,0.12605468268212283,120807708.0,-0.16521466624882478,9601.06976744186,0,4145.131428571428,4321.8664285714285,4301.900333333333,-0.003918193874259139,-0.040217187737419155,-56.18444509463643,-27.528889174310248,-28.655555920326183,-0.05488194293431592,-0.07995614689897512,0.025074203964659203
2025-10-16,ethereum,3983.15,480502921991.0,44806571765.0,2,4946.05,0.43,-0.035935642170328554,0.070330572602401,0.05331395475325336,41.97423212442611,0.09324932214634742,120633901.0,-0.1946806037140749,9262.139534883721,0,4067.3557142857144,4296.095,4283.864,-0.020702815342646275,-0.07019690634436562,-70.63591533462295,-36.150294406372794,-34.48562092825016,0.03846043544346034,-0.11785875641150567,0.156319191854966
2025-10-17,ethereum,3890.2,469582926617.0,44673230679.0,2,4946.05,0.43,-0.02361239335516529,0.06997820072780091,0.052328138861166794,36.50830436461955,0.09513384781861174,120709199.0,-0.2134733777458781,9045.976744186046,0,3999.005714285714,4253.679999999999,4263.3949999999995,-0.027208191750520826,-0.08753469945899917,-88.56813942196732,-46.633863409491696,-41.93427601247562,0.03760248798416743,-0.17037915348902677,0.2079816414731942
2025-10-18,ethereum,3831.24,462727285554.0,52519500425.0,2,4946.05,0.43,-0.015272059605669078,0.04933813001490462,0.05210327604923068,34.63727523273455,0.1134998995404411,120777421.0,-0.22539400127374376,8908.860465116279,0,3998.378571428571,4204.785714285715,4238.044,-0.041801587429189976,-0.09598862116580198,-106.3116410354487,-58.5694189346831,-47.7422221007656,-0.07896906770391343,-0.1398841127621887,0.060915045058275274
2025-10-19,ethereum,3889.5,469204461223.0,19845543405.0,2,4946.05,0.43,0.015092104079906203,0.0485137647021837,0.052586178038058234,36.75395359754127,0.04229615241353803,120633619.0,-0.21361490482304063,9044.348837209303,0,4018.4185714285713,4162.056428571428,4214.672666666667,-0.03208191708678572,-0.0771525317347699,-114.3541948233842,-69.72637411242331,-44.62782071096089,-0.08400883609422027,-0.14093180021115026,0.056922964116929986
2025-10-20,ethereum,3985.08,480734836102.0,29233928200.0,2,4946.05,0.43,0.02427677265828942,0.025315032491965445,0.053239668605245476,38.60208766831182,0.060810921124503835,120633673.0,-0.1942903933441838,9266.627906976744,0,3993.468571428571,4124.182142857143,4198.492666666666,-0.0021005727924309978,-0.050830782285515366,-111.72754386152883,-78.12660806224442,-33.600935799284414,-0.03483018438369645,-0.0878005791262747,0.05297039474257825
2025-10-21,ethereum,3978.79,480395580827.0,35767064768.0,2,4946.05,0.43,-0.0015796343506170015,0.022665706016040975,0.05159831429778103,33.54567018142062,0.07445335926368654,120739114.0,-0.195562115223259,9252.0,0,3955.2642857142855,4073.4435714285714,4181.725666666667,0.0059479500195941835,-0.048529167822821594,-108.89814445994443,-84.28091534178442,-24.61722911816001,-0.0010946110490441807,0.037323725176828804,-0.038418336225872984
2025-10-22,ethereum,3877.49,467810730089.0,46069514674.0,2,4946.05,0.43,-0.025789715888435424,0.022372283650948108,0.05052856889736562,35.75717770688685,0.09847896106452149,120647824.0,-0.216043105104073,9016.418604651162,0,3919.35,4032.240714285714,4162.546333333334,-0.010680342403714934,-0.06848123972834269,-113.52128573266327,-90.12898941996019,-23.39229631270308,-0.003267184206467544,0.034212449522833976,-0.03747963372930152
2025-10-23,ethereum,3801.79,458856134706.0,41712359614.0,2,4946.05,0.43,-0.019716028630472223,0.01980742757326785,0.05000534377746723,32.10109150813577,0.09090509303253862,120694761.0,-0.23134824759151246,8840.372093023256,0,3893.441428571428,3980.3985714285714,4149.274333333333,-0.02353995308594033,-0.08374580840360589,-121.8884615362731,-96.48088384322277,-25.407577693050328,-0.007686806360342802,-0.08604885413235952,0.07836204777201672
2025-10-24,ethereum,3855.84,465361564940.0,32116755773.0,2,4946.05,0.43,0.014116873658018536,0.019556490237078346,0.04999698265650719,36.66356321420586,0.06901462903826378,120690061.0,-0.22042033541917289,8966.06976744186,0,3888.532857142857,3943.7692857142856,4138.929333333333,-0.008407504409485305,-0.06839675445856025,-122.74321794609568,-101.73335066379737,-21.009867282298316,-0.00865406864635554,-0.09193588650611606,0.08328181785976052
2025-10-25,ethereum,3933.23,474759372126.0,30026152397.0,2,4946.05,0.43,0.019872089160499887,0.019870580404888927,0.03619205294106437,53.32660740579156,0.0632449913785612,120704706.0,-0.2047735061311552,9146.046511627908,0,3903.1028571428574,3950.7407142857146,4131.748333333334,0.007718767339684269,-0.04804705352738099,-115.84055452990424,-104.55479143701875,-11.285763092885489,-0.01301103114617519,-0.047388038916028385,0.034377007769853196
2025-10-26,ethereum,3952.21,477319399731.0,12389144281.0,2,4946.05,0.43,0.0048139448537132075,0.019263535923843216,0.035495108504191145,57.25207748315506,0.0259556688623636,120772783.0,-0.20093610052466113,9190.186046511628,0,3912.0614285714287,3965.2400000000002,4134.719999999999,0.010262766104680634,-0.044140836622552276,-107.59829054821694,-105.1634912592584,-2.434799288958544,-0.0066804229426533634,-0.00776772152693217,0.0010872985842788063
2025-10-27,ethereum,4161.59,502918445053.0,25813518444.0,2,4946.05,0.43,0.051622296661721724,0.026045517046666487,0.025489766099211483,50.07760347129508,0.0513274442365693,120847668.0,-0.1586033299299441,9677.116279069767,0,3937.277142857143,3965.3728571428574,4138.8696666666665,0.056971569184505265,0.005489502004935564,-83.21180690959318,-100.77315438932536,17.561347479732177,0.07326904776027798,0.06976248007814512,0.003506567682132866
2025-10-28,ethereum,4123.21,497221249585.0,36948961061.0,2,4946.05,0.43,-0.009265226573650143,0.026584123717297098,0.02487986713990351,44.65308748228708,0.07431090503842912,120590814.0,-0.16636305738922982,9587.860465116279,0,3957.9085714285716,3956.5864285714283,4142.371,0.04176484261529174,-0.004625611757131377,-66.21895725643117,-93.86231496274652,27.643357706315356,0.08454438567096023,0.07620770298911062,0.008336682681849616
2025-10-29,ethereum,3982.31,481161348045.0,35659878226.0,2,4946.05,0.43,-0.03476993327546555,0.028472480258574785,0.025478948659283407,43.756495663878134,0.074112100589312,120824684.0,-0.19485043620667,9260.186046511628,0,3972.882857142857,3946.1164285714285,4137.053333333333,0.0023728720921619272,-0.03740423941033715,-63.390725109293726,-87.76799699205597,24.377271882762244,0.032799597493671895,0.023861678879033343,0.008937918614638551
2025-10-30,ethereum,3897.36,470349941762.0,33522381292.0,2,4946.05,0.43,-0.021562652095489472,0.028734141182624538,0.024293619835335428,46.146244171525595,0.07127115008544539,120684243.0,-0.2120257579280436,9062.627906976744,0,3986.535714285714,3939.988571428571,4126.445,-0.02236922498051472,-0.05551631004411778,-67.2291104628548,-83.66021968621574,16.431109223360934,-0.009119731111580043,-0.022012105152217742,0.0128923740406377
2025-10-31,ethereum,3802.3,458793317252.0,36685058456.0,2,4946.05,0.43,-0.024693254050437253,0.03006798398591229,0.024370703949278157,46.05893219031907,0.07995987970297769,120662051.0,-0.23124513500672253,8841.558139534885,0,3978.8871428571433,3933.71,4115.047333333333,-0.044381038344892626,-0.07600090788749117,-77.05338262917394,-82.33885227480738,5.285469645633441,-0.03793067676059725,-0.044357706739988734,0.006427029979391485
2025-11-01,ethereum,3847.3,464417354244.0,32814597904.0,2,4946.05,0.43,0.011765456781061062,0.029229703093147354,0.0242778071183085,50.72919126060189,0.07065756179033644,120712540.0,-0.2221469657605564,8946.209302325582,0,3966.611428571429,3934.8571428571427,4098.492333333334,-0.030078930270817723,-0.06128896015990272,-80.28261714547307,-81.92760524894052,1.6449881034674547,-0.07552161553636949,-0.007785964631759068,-0.06773565090461042
2025-11-02,ethereum,3872.21,467387016349.0,12518543683.0,2,4946.05,0.43,0.006453799907398533,0.029310680922379716,0.02398086892152326,49.19044452976486,0.02678410662921014,120702910.0,-0.21711062362895647,9004.139534883721,0,3955.182857142857,3933.622142857143,4078.099,-0.020978260712526123,-0.05048651344658384,-79.91062006114362,-81.52420821138115,1.6135881502375327,-0.060874900866072834,0.0185228537083848,-0.07939775457445764
2025-11-03,ethereum,3910.09,471549372393.0,15511617608.0,2,4946.05,0.43,0.009734988154352668,0.01866020424644417,0.023133584456287635,46.288248512626595,0.03289500212731121,120598087.0,-0.2094519869390726,9092.232558139536,0,3919.2542857142857,3928.2657142857142,4057.9099999999994,-0.0023382728055409657,-0.036427619143844805,-75.6867406354022,-80.35671469618536,4.6699740607831615,-0.018135202934979944,0.014069567201958622,-0.032204770136938565
2025-11-04,ethereum,3600.72,434149656995.0,47914058740.0,2,4946.05,0.43,-0.08242656617044934,0.033490838747735535,0.031698675981249924,35.6055587283457,0.11036300033412628,120573012.0,-0.2720008895987708,8372.767441860466,0,3844.612857142857,3901.2607142857146,4028.3436666666666,-0.06343755956850945,-0.1061537202511107,-96.19399475329283,-83.52417070760686,-12.66982404568597,-0.07611306114908567,-0.08453866160890677,0.008425600459821103
2025-11-05,ethereum,3296.74,397489340792.0,68784285691.0,2,4946.05,0.43,-0.08819972405402135,0.04247307435632243,0.038238286954465156,30.845091791837362,0.17304686851211376,120570424.0,-0.33346003376431704,7665.837209302325,0,3746.6742857142854,3859.7785714285715,3987.724333333333,-0.12008897795835695,-0.1732778586416831,-135.41382068892472,-93.90210070387043,-41.511719985054285,-0.1329616284880205,-0.16584898069687604,0.032887352208855525
2025-11-06,ethereum,3427.69,413918683596.0,44374527843.0,2,4946.05,0.43,0.03895246349700488,0.04936181902829275,0.04043110620759166,38.0949350169936,0.10720590686433278,120757327.0,-0.30698436125797357,7970.372093023257,0,3679.5785714285716,3833.057142857143,3945.676333333334,-0.0684558208335194,-0.13127947899764383,-154.1522732517251,-105.95213521344137,-48.200138038283725,-0.10906609830270586,-0.17635086589500648,0.06728476759230062
2025-11-07,ethereum,3308.92,399007356777.0,33880974986.0,2,4946.05,0.43,-0.03526471274886002,0.04974862284109201,0.04056348688453975,33.28381930435846,0.08491315864367793,120585374.0,-0.330997462621688,7694.1627906976755,0,3609.095714285714,3793.991428571429,3907.496,-0.08317200153421885,-0.15318659315326236,-176.55120590632123,-120.07194935201734,-56.47925655430389,-0.14546989961804757,-0.19748933476587416,0.05201943514782659
2025-11-08,ethereum,3434.35,414691375368.0,38972602141.0,2,4946.05,0.43,0.03720582707964142,0.05324968466302109,0.041820910074264916,35.187120681259415,0.09397977497461923,120748140.0,-0.305637832209541,7985.86046511628,0,3550.1028571428574,3758.3571428571427,3871.0550000000003,-0.032605493925327,-0.11281291534220009,-182.08243569660272,-132.47404662093442,-49.6083890756683,-0.12166983368669271,-0.13759852949669915,0.015928695810006444
2025-11-09,ethereum,3401.46,410599145958.0,20876971422.0,2,4946.05,0.43,-0.00962292802252055,0.05244942421833267,0.04161329164450231,33.7809582707542,0.05084514088135852,120712619.0,-0.3122875830207944,7909.372093023257,0,3482.8528571428574,3719.0178571428573,3838.815333333333,-0.023369593974069753,-0.11392976617960081,-186.96471048161948,-143.37217939307143,-43.59253108854804,-0.055338932213557235,-0.12723997783114727,0.07190104561759003
2025-11-10,ethereum,3576.25,431294295578.0,25994213654.0,2,4946.05,0.43,0.05011001416620799,0.05800041145193457,0.04144062107636188,32.40383343554225,0.06027024683728728,120599593.0,-0.2769482718532971,8315.86046511628,0,3435.1614285714286,3677.207857142857,3830.1693333333333,0.041071889738598266,-0.06629454502794827,-174.71584074929206,-149.64091166431558,-25.074929084976475,0.08478375607418243,-0.059450858690792474,0.1442346147649749
2025-11-11,ethereum,3564.61,430271977433.0,31866555692.0,2,4946.05,0.43,-0.003260114414648522,0.04920042184175915,0.04148908345927352,32.933297484907,0.07406142478093897,120706607.0,-0.27930166496497205,8288.79069767442,0,3430.002857142857,3637.307857142857,3824.0156666666667,0.03924403228318851,-0.06783593198319356,-164.0566312353685,-152.52405557852617,-11.53257565684234,0.03994526926297315,-0.07347750370389627,0.11342277296686942
2025-11-12,ethereum,3416.78,411969837332.0,36501187500.0,2,4946.05,0.43,-0.04235606386965612,0.037351301526519,0.041879573563965516,32.79442635918343,0.08860160184636107,120572538.0,-0.3091901618463218,7945.000000000001,0,3447.151428571429,3596.912857142857,3799.250666666667,-0.008810587292364808,-0.10067002686143722,-165.6285140237719,-155.14494726757533,-10.48356675619658,0.03259673851286826,-0.11761500538452196,0.15021174389739023
2025-11-13,ethereum,3409.61,411695018306.0,31722707430.0,2,4946.05,0.43,-0.0021006718446093006,0.03424560658986938,0.041822822790388334,34.42360139748479,0.0770539016005812,120745487.0,-0.3106398034795443,7928.325581395349,0,3444.5685714285714,3562.0735714285715,3771.3636666666666,-0.01014889693836836,-0.09592118359309638,-165.54450750159458,-157.2248593143792,-8.319648187215392,-0.007203692110588578,-0.1279970537762558,0.12079336166566723
2025-11-14,ethereum,3235.73,392354946592.0,47957135381.0,2,4946.05,0.43,-0.05234335587919086,0.03756177406380058,0.043222384446268414,32.77368667489617,0.12222895568809895,121257011.0,-0.34579512944673024,7523.9534883720935,0,3434.112857142857,3521.6042857142857,3741.5916666666667,-0.05776829865396719,-0.13519959197400394,-177.46291256254835,-161.27246996401303,-16.190442598535327,-0.048723195333768454,-0.10136583794352239,0.05264264260975393
2025-11-15,ethereum,3106.6,376914348603.0,45035057857.0,2,4946.05,0.43,-0.040725678802408426,0.03505704424954414,0.04332318846424343,28.57539540211266,0.1194835325954517,121326965.0,-0.37190283155245096,7223.6511627906975,0,3387.2914285714287,3468.697142857143,3712.3733333333334,-0.08286604046047755,-0.16317683566307992,-195.07929359249783,-168.03383468971,-27.04545890278783,-0.13132471163928694,-0.05767515788324218,-0.07364955375604476
2025-11-16,ethereum,3170.11,382460593691.0,19159039394.0,2,4946.05,0.43,0.020237407030934833,0.03745943263454004,0.04400619535311117,30.135467004674013,0.050094152731141484,120645843.0,-0.3590622820230285,7371.348837209303,0,3354.2414285714285,3418.547142857143,3688.3703333333333,-0.054895102959195745,-0.14051201113120326,-201.59185088271443,-174.7454379283109,-26.84641295440352,-0.11067129363380568,-0.07514681899471654,-0.03552447463908914
2025-11-17,ethereum,3101.69,374435480317.0,30332766568.0,2,4946.05,0.43,-0.021819163367612315,0.026449975434924583,0.04348603783197564,27.516464934140274,0.0810093278081448,120719827.0,-0.3728955429079771,7212.232558139535,0,3286.447142857143,3360.804285714286,3664.052,-0.05621789574760061,-0.1534809003802348,-209.85494447610108,-181.76733923786895,-28.08760523823213,-0.09221840446268126,-0.06262768516615691,-0.029590719296524348
2025-11-18,ethereum,3021.3,364584346775.0,39723178401.0,2,4946.05,0.43,-0.026259921894920654,0.025381887367023223,0.0393328898111286,31.53278343681079,0.10895470074998806,120671349.0,-0.3891489168124058,7025.279069767443,0,3208.8314285714287,3319.4171428571426,3635.112,-0.05844228116866751,-0.16885642037989473,-220.3502463572322,-189.4839206617416,-30.866325695490616,-0.11388692548414625,-0.12027021124812542,0.006383285763979174
2025-11-19,ethereum,3117.22,375944681644.0,40531057647.0,2,4946.05,0.43,0.03125437664098654,0.030962624389247722,0.034288790779247284,43.40349226879887,0.10781122762465568,120602550.0,-0.3697556636103558,7248.3488372093025,0,3166.037142857143,3306.594285714286,3606.183333333334,-0.015419005101465377,-0.13559025932310725,-218.41020941102715,-195.26917841159872,-23.141030999428438,-0.03662542919217615,-0.08356411658523111,0.046938687393054956
2025-11-20,ethereum,3017.75,363582387252.0,39173261740.0,2,4946.05,0.43,-0.03243005838195865,0.031285956232877055,0.03268008551095135,34.57991032469681,0.10774246254356898,120481282.0,-0.389866661275159,7017.023255813954,0,3110.057142857143,3277.312857142857,3574.148666666667,-0.029680207988828894,-0.15567306191143332,-222.3361609841022,-200.68257492609942,-21.653586058002787,-0.0286003991501963,-0.15616917161831523,0.12756877246811893
2025-11-21,ethereum,2832.07,342850824588.0,41625324785.0,2,4946.05,0.43,-0.06350362755897443,0.03356254457858028,0.03519412898318095,32.92268022776922,0.12140943465724689,121060152.0,-0.4274077294002285,6585.209302325582,0,3052.3914285714286,3243.2521428571426,3539.3013333333333,-0.07217993947602672,-0.19982230014511335,-237.69038331646516,-208.08413660417258,-29.606246712292574,-0.10663352375785062,-0.20550354737264387,0.09887002361479325
2025-11-22,ethereum,2764.74,333838550170.0,49920072209.0,2,4946.05,0.43,-0.02406129503689308,0.03233620455668664,0.032423517435521854,24.97813983035013,0.14953357598629424,120748624.0,-0.4410206124078811,6428.627906976744,0,3003.5542857142855,3195.422857142857,3504.733,-0.0795105608212746,-0.211141048405114,-252.382376502032,-216.94378458374447,-35.43859191828753,-0.10863432515822025,-0.19083464548493034,0.0822003203267101
2025-11-23,ethereum,2768.62,334406681066.0,15277324087.0,2,4946.05,0.43,0.0014024031098323357,0.029405599977783237,0.03270965456362093,25.828087758968394,0.04568486502213393,120784608.0,-0.44023614803732275,6437.6511627906975,0,2946.1985714285715,3150.2200000000003,3468.4923333333336,-0.060273795918129924,-0.2017799856748519,-260.70752926562955,-225.6965335201215,-35.01099574550804,-0.08363287326647484,-0.18799510794489693,0.1043622346784221
2025-11-24,ethereum,2799.81,338053142179.0,20170660685.0,2,4946.05,0.43,0.011202556622836831,0.03151563865672793,0.028108507170011166,16.68897583745195,0.059667129715125035,120741458.0,-0.4339301058420356,6510.186046511628,0,2903.0728571428567,3094.7599999999998,3430.711666666667,-0.03557019138833667,-0.18389819022000792,-261.7709677070161,-232.91142035750045,-28.85954734951565,-0.10182470278004119,-0.13472075853053256,0.03289605575049137
2025-11-25,ethereum,2953.33,357075035363.0,32699089921.0,2,4946.05,0.43,0.053381789544170374,0.03988173826488053,0.0338111489472999,26.620873236850954,0.09157484193135577,120905905.0,-0.4028911960048928,6867.209302325582,0,2893.362857142857,3051.097142857143,3397.4156666666668,0.02072575954623239,-0.13071278590481575,-247.37439135531622,-235.80401455706362,-11.570376798252596,-0.021347030072073614,-0.049336895641537315,0.0279898655694637
2025-11-26,ethereum,2955.05,356667974212.0,23359001753.0,2,4946.05,0.43,0.0005822239086138569,0.03704281566000829,0.03292190450187088,30.118583202004814,0.06549228818373144,120697780.0,-0.40254344375815043,6871.209302325582,0,2870.195714285714,3018.116428571429,3357.197666666667,0.02956393715311613,-0.11978671099993815,-233.1387330586249,-235.2709582573759,2.1322251987510015,0.04342406790792608,-0.06783991722684701,0.11126398513477309
2025-11-27,ethereum,3027.48,365169111972.0,21096541004.0,2,4946.05,0.43,0.024215019123952127,0.03690971391540632,0.03415841043708715,34.421551281319566,0.05777197553778211,120618175.0,-0.38789943490259904,7039.651162790698,0,2871.585714285714,2990.8214285714284,3320.673333333333,0.05428857127221906,-0.08829333809809652,-213.55069612465195,-230.92690583083112,17.376209706179168,0.09503244428047486,-0.023925666330290918,0.11895811061076578
2025-11-28,ethereum,3015.61,364039549665.0,16563145331.0,2,4946.05,0.43,-0.003928458873058863,0.024477411248873298,0.03174256280219084,39.660485128609814,0.04549820300086048,120718379.0,-0.39029932976819887,7012.046511627907,0,2897.805714285714,2975.098571428571,3288.45,0.040652927535317435,-0.08296918000881866,-196.717211961286,-224.0849670569221,27.367755095636085,0.089210509206753,-0.0018832952702478867,0.09109380447700088
2025-11-29,ethereum,3033.14,366085841852.0,20184482703.0,2,4946.05,0.43,0.005796255120137839,0.019943581624267685,0.030111745058291433,46.1452889196734,0.05513592823171817,120695333.0,-0.3867550873929702,7052.813953488372,0,2936.1485714285714,2969.8514285714286,3259.6426666666666,0.033033556106541885,-0.06948696217008657,-179.88838862005832,-215.24565136954936,35.35726274949104,0.0833377979220018,-0.026972751361790337,0.11031054928379214
2025-11-30,ethereum,2991.23,361028197396.0,12634811465.0,2,4946.05,0.43,-0.013913712509612836,0.022173703354733044,0.02957559376831468,40.39580783025148,0.03499674417713498,120695566.0,-0.3952285156842329,6955.3488372093025,0,2967.95,2957.074285714286,3232.6069999999995,0.00784379790764676,-0.07466945409695627,-167.99665080433851,-205.7958512565072,37.79920045216869,0.012832971594776144,-0.00878800430784521,0.021620975902621353
2025-12-01,ethereum,2992.83,361717332403.0,11969903297.0,2,4946.05,0.43,0.0005347540091938141,0.022525114683593833,0.029148559656805215,43.7034380639489,0.033091870985225494,120861303.0,-0.394905025222147,6959.069767441861,0,2995.524285714286,2949.2985714285714,3204.124666666666,-0.0008994371126067491,-0.06594458351287609,-156.63763512758624,-195.96420803072303,39.32657290313679,0.01278489365662172,0.056764133654888305,-0.043979239998266584
2025-12-02,ethereum,2799.04,338070271128.0,37491168510.0,2,4946.05,0.43,-0.06694292680994432,0.0285764309375824,0.0334102778185639,38.635155035588625,0.11089756098608597,120780793.0,-0.4340857856269144,6508.39534883721,0,2973.4828571428566,2933.422857142857,3168.3523333333337,-0.05866617213676297,-0.11656289909676514,-161.41210848480205,-189.05378812153884,27.641679636736797,-0.07545549433852583,0.012406229880567388,-0.08786172421909322
2025-12-03,ethereum,2995.75,362328288750.0,27518473791.0,2,4946.05,0.43,0.06791811633113583,0.040613562894174886,0.03767414871883789,44.36924617338662,0.07594900714469814,120947438.0,-0.39431465512884023,6965.86046511628,0,2979.2971428571427,2924.746428571428,3137.8743333333337,0.005522395502678532,-0.04529318839303432,-147.62137269931782,-180.76730503709464,33.14593233777683,-0.006585732239911657,0.0820372604402193,-0.08862299268013096
2025-12-04,ethereum,3195.41,385765592436.0,30631265956.0,2,4946.05,0.43,0.0645207875246025,0.046697122579765854,0.04061240086363417,57.5355016032982,0.0794038311259754,120724912.0,-0.35394708909129513,7430.186046511628,0,3003.2871428571425,2937.4364285714287,3124.364,0.06397085859731796,0.02273934791208701,-119.20707688220773,-168.45525940611728,49.24818252390955,0.05349901422288461,0.14129530218121933,-0.08779628795833472
2025-12-05,ethereum,3133.7,378383036981.0,27914236368.0,2,4946.05,0.43,-0.01950099006710278,0.047704182773565404,0.0364707038703441,64.29729345404559,0.07377243068483981,120746414.0,-0.36642371185087097,7286.674418604651,0,3020.157142857143,2958.9814285714283,3118.9293333333335,0.03759501634257436,0.004735813187174807,-100.50941404108562,-154.86609033311095,54.35667629202533,0.04762923613363057,0.06107343236279039,-0.013444196229159822
2025-12-06,ethereum,3022.66,365052689721.0,27606937715.0,2,4946.05,0.43,-0.036077176621254335,0.050218149572762376,0.03739342747534098,61.73900378677542,0.07562452898538904,120771999.0,-0.38887394991963287,7028.441860465116,0,3018.66,2977.404285714286,3105.428333333333,0.0013250912656609225,-0.02665279132186263,-93.57273330754424,-142.60741892799763,49.03468562045339,0.009967154833385061,0.022879477504610612,-0.012912322671225551
2025-12-07,ethereum,3039.36,366786121381.0,11344831476.0,2,4946.05,0.43,0.005509728521830899,0.04988863113495363,0.03736755198199797,62.18035235473017,0.03093037281041375,120678735.0,-0.38549751822161116,7067.279069767443,0,3025.535714285714,2996.7428571428572,3096.4429999999998,0.0045692026205513235,-0.018435023670708497,-85.73946226778935,-131.23382759595597,45.49436532816662,0.08585800846004354,0.003924055650243785,0.08193395280979976
2025-12-08,ethereum,3052.98,368370755428.0,19363787895.0,2,4946.05,0.43,0.004471195859209972,0.04988786145370475,0.03734796514204379,61.572850860752794,0.05256602922374155,120659407.0,-0.3827438056631049,7098.9534883720935,0,3034.128571428571,3014.8264285714286,3083.730666666667,0.006213127798520813,-0.009971904161107067,-77.53870048715135,-120.49480217419506,42.95610168704371,0.019103730284569798,0.012392185992220472,0.006711544292349325
2025-12-09,ethereum,3125.32,377375140776.0,25795397175.0,2,4946.05,0.43,0.02341851514806747,0.03941165501710661,0.035233883438322976,58.49224297127284,0.06835478649165042,120747680.0,-0.3681179931460458,7267.186046511629,0,3080.7400000000002,3027.1114285714284,3074.526,0.014470549283613653,0.01652092062321162,-64.45925806087234,-109.28769335153052,44.82843529065818,-0.021934587423835916,0.030390947994487716,-0.05232553541832363
2025-12-10,ethereum,3322.47,401258190141.0,34333058806.0,2,4946.05,0.43,0.06117180427328332,0.03797985660569397,0.03835866726307605,65.20702614108569,0.08556350910603357,120771050.0,-0.32825790277089806,7725.674418604651,0,3127.414285714286,3053.355714285714,3066.0666666666666,0.0623696435667985,0.08362614424561322,-37.75018769201188,-94.9801922196268,57.23000452761492,0.06023869547180638,0.11073705465644568,-0.050498359184639297
2025-12-11,ethereum,3326.26,401626272711.0,31463676852.0,2,4946.05,0.43,0.0011400674746925156,0.031074696612835833,0.038120510401797585,63.111056502431076,0.07834068383927777,120744101.0,-0.32749163473883197,7734.488372093024,0,3146.1071428571427,3074.697142857143,3058.1216666666664,0.05726214936826704,0.08768072776699001,-16.091740107382975,-79.20250179717804,63.11076168979507,0.1004413331304217,0.11140960228278929,-0.010968269152367593
2025-12-12,ethereum,3236.1,390987823734.0,29805046871.0,2,4946.05,0.43,-0.02747964862646247,0.03227759062317823,0.039132898424389786,59.05346921680859,0.07623011526639564,120820687.0,-0.34572032227737287,7524.813953488372,0,3160.7357142857145,3090.4464285714284,3052.099,0.023843906143009103,0.060286707606797725,-6.1317399757517705,-64.58834943289278,58.45660945714101,0.06473073278584951,0.15614639304904543,-0.09141566026319592
2025-12-13,ethereum,3085.32,372579486046.0,25083388430.0,2,4946.05,0.43,-0.047713521374603406,0.03491330724734288,0.041589459922910986,51.931219281103814,0.06732358964847333,120758782.0,-0.3762052546981935,7174.1627906976755,0,3169.687142857143,3094.1735714285714,3041.2893333333336,-0.02661686755024494,0.01447763163605607,-10.286477878596088,-53.72797512203345,43.44149724343736,0.010592928876049124,0.02989902361679042,-0.019306094740741297
2025-12-14,ethereum,3115.23,375945831930.0,10086309657.0,2,4946.05,0.43,0.009647606096983749,0.03499916603929933,0.04140633681849494,54.63045946107427,0.026829156757024616,120679960.0,-0.3701580048725751,7243.720930232559,0,3180.5257142857145,3103.030714285714,3037.2726666666667,-0.02052984951274906,0.025666886673987543,-11.03840668705152,-45.190061435037066,34.151654747985546,-0.003228469404732981,-0.025092241684165684,0.021863772279432703
2025-12-15,ethereum,3065.49,369527922358.0,17335964454.0,2,4946.05,0.43,-0.016095559685037033,0.035761203212982214,0.04171683580756434,52.61913344387571,0.04691381464052087,120544488.0,-0.3802145146126708,7128.0465116279065,0,3182.3128571428574,3108.220714285714,3035.9023333333334,-0.03671004781338296,0.009745921778115941,-15.469594138837692,-39.24596797579719,23.7763738369595,-0.07734607084488343,-0.021766601780642714,-0.055579469064240716
2025-12-16,ethereum,2964.49,357786162656.0,30596317990.0,2,4946.05,0.43,-0.033502415195229875,0.03617276842027684,0.038300844861111225,56.391436363776826,0.08551565483379911,120690629.0,-0.4006348500318437,6893.162790697675,0,3159.337142857143,3120.0385714285717,3029.048333333333,-0.06167342516694295,-0.021313074678570684,-26.822010585236058,-36.761176497684964,9.939165912448907,-0.10876179252373552,-0.019244638828052163,-0.08951715369568336
2025-12-17,ethereum,2964.26,357203725063.0,25164041191.0,2,4946.05,0.43,-7.758802449588936e-05,0.021009361277354817,0.03360991673555643,48.565807092172754,0.07044730898750236,120503507.0,-0.4006813517857684,6892.627906976745,0,3108.164285714286,3117.789285714286,3024.467333333333,-0.04629880292225778,-0.019906756032632356,-35.42903759497631,-36.49474871714323,1.065711122166924,-0.08400234850591748,-0.02470914929458834,-0.05929319921132914
2025-12-18,ethereum,2827.8,341276921876.0,26836168119.0,2,4946.05,0.43,-0.04712839870937033,0.022218685890865612,0.029979938399030848,32.23471192600255,0.07863458206163348,120686372.0,-0.4282710445709202,6575.279069767443,0,3036.9557142857147,3091.531428571429,3018.0173333333328,-0.06887018908502837,-0.06302725011961471,-52.654383114345364,-39.72667559658366,-12.927707517761704,-0.08346622068375398,-0.07375744354696057,-0.009708777136793412
2025-12-19,ethereum,2826.59,340860880537.0,30216518963.0,2,4946.05,0.43,-0.00042798604923606053,0.023654940799552725,0.029886030029829723,34.23670352006408,0.08864765858550916,120590846.0,-0.4285156842328727,6572.465116279071,0,2978.4542857142856,3069.5950000000003,3008.3296666666665,-0.05098761677917299,-0.06041215119486563,-65.64649845727718,-44.91064016872237,-20.73585828855481,-0.09265447495048518,-0.0955838122176289,0.002929337267143728
2025-12-20,ethereum,2976.8,359446094628.0,28622463846.0,2,4946.05,0.43,0.05177785992390863,0.03212895726999697,0.03250308626733244,47.73709661502024,0.07962936382887154,120749158.0,-0.3981459952891701,6921.79069767442,0,2962.9514285714286,3066.319285714286,3006.9646666666663,0.00467391105201095,-0.010031599972242034,-63.09483385749718,-48.54747890647733,-14.547354951019848,-0.028931753161810847,-0.10404006657697429,0.07510831341516344
2025-12-21,ethereum,2977.16,359186900440.0,9046978664.0,2,4946.05,0.43,0.00012092792038855227,0.03159675713859065,0.032450757850337214,46.880516770983775,0.025187384765194807,120647496.0,-0.39807320993520084,6922.627906976744,0,2943.227142857143,3061.8764285714283,3011.801,0.011529132987648539,-0.011501755926105368,-60.347919041629666,-50.907566933507795,-9.440352108121871,0.004273922327280522,-0.10495270964987713,0.10922663197715765
2025-12-22,ethereum,3001.6,362519624877.0,11543764853.0,2,4946.05,0.43,0.008175653859104109,0.03169678604324474,0.03251802332056599,47.450832522971275,0.03184314464883579,120775461.0,-0.3931318931268386,6979.46511627907,0,2934.0999999999995,3058.2064285714287,3019.6963333333333,0.02300535087420349,-0.0059927659392683096,-55.55842260137297,-51.837738067080835,-3.7206845342921326,0.012596735778912738,-0.07246376811594202,0.08506050389485476
2025-12-23,ethereum,3005.79,362935746892.0,21151887765.0,2,4946.05,0.43,0.0013949487812301622,0.028704466018467503,0.031758654261667345,43.63951768249203,0.0582799791592153,120745543.0,-0.39228475247925115,6989.209302325582,0,2940.0,3049.6685714285713,3027.602,0.02237755102040815,-0.007204381553453822,-50.83857869403346,-51.63790619247136,0.7993274984379042,0.0629429238277106,-0.025776904826727898,0.0887198286544385
2025-12-24,ethereum,2965.19,357776430596.0,23108092257.0,2,4946.05,0.43,-0.013599317270055094,0.029314231782419684,0.025927458376254205,27.187515962609197,0.06458807870184602,120658855.0,-0.40049332295468104,6894.790697674419,0,2940.132857142857,3024.1485714285714,3033.114666666667,0.008522452581103018,-0.022394361615518693,-49.80008470743951,-51.270341895464995,1.470257188025485,0.049034348808988826,-0.04816337798493209,0.09719772679392091
2025-12-25,ethereum,2945.99,355561429533.0,14559942619.0,2,4946.05,0.43,-0.006496187739395844,0.02136025956348911,0.02579752180315113,26.188180190108795,0.040949162112783884,120693359.0,-0.404375208499712,6850.139534883721,0,2957.0171428571425,2996.9864285714284,3032.8700000000003,-0.003729144040906046,-0.02864613386000737,-49.95055141643388,-51.00638379965877,1.0558323832248888,-0.010350040311744246,-0.03898234866204098,0.02863230835029673
2025-12-26,ethereum,2904.25,350482502400.0,11886240841.0,2,4946.05,0.43,-0.01426974219010051,0.022640554431942177,0.025293343788479423,27.87873131841026,0.03391393510262725,120679178.0,-0.41281426592937803,6753.069767441861,0,2968.1114285714284,2973.282857142857,3031.1766666666667,-0.02151584605506719,-0.04187372780427405,-52.828887995657624,-51.37088463885854,-1.4580033567990824,-0.024489782208547695,-0.020320527308238412,-0.004169254900309283
2025-12-27,ethereum,2926.7,353065144653.0,19054108852.0,2,4946.05,0.43,0.00770032702424842,0.009288951506101989,0.022764111025704702,37.24386399459577,0.05396768596550868,120635919.0,-0.4082752903832352,6805.279069767442,0,2960.9542857142856,2961.9528571428573,3027.8173333333334,-0.011568664156536417,-0.03339611416452696,-52.69107320165176,-51.63492235141719,-1.0561508502345731,-0.02495335820895528,-0.012670953290197295,-0.012282404918757983
2025-12-28,ethereum,2948.86,355905880031.0,7543851649.0,2,4946.05,0.43,0.007543146550625978,0.010022612749328665,0.022675470635774814,36.45173374159189,0.021196198411621965,120692702.0,-0.40379494748334527,6856.813953488373,0,2956.9114285714286,2950.069285714286,3025.5923333333335,-0.0027229184119723,-0.02536109458236113,-50.214881289520235,-51.3509141390378,1.1360328495175622,-0.01894011225002401,0.04281066553504487,-0.06175077778506888
2025-12-29,ethereum,2947.86,355840750171.0,9618433975.0,2,4946.05,0.43,-0.0003391716105178801,0.009150561880180073,0.022414204444930665,39.594869526758096,0.027030164393419927,120711550.0,-0.40399712902214896,6854.488372093024,0,2949.2342857142858,2941.6671428571426,3022.749666666667,-0.0004659805160080019,-0.024775345273381967,-47.782367611474456,-50.63720483352513,2.8548372220506764,-0.005844482141110663,0.04290328629196316,-0.048747768433073824
2025-12-30,ethereum,2934.22,354107974761.0,28073445244.0,2,4946.05,0.43,-0.0046378235076766664,0.008996495509259328,0.02062874338628504,46.832953190064664,0.07927933637458394,120682149.0,-0.4067548852114314,6822.767441860465,0,2939.0099999999998,2939.505,3020.8493333333336,-0.001629800511056432,-0.028677144661744276,-46.42011481401414,-49.79378682962294,3.373672015608797,-0.0039952613552659555,-0.014303950550927258,0.010308689195661302
2025-12-31,ethereum,2970.06,358439004175.0,18029693561.0,2,4946.05,0.43,0.012140494762625345,0.009404355668610566,0.02091507073698308,50.56475170399218,0.05030059047981675,120684095.0,-0.39950869886070706,6906.116279069768,0,2939.7057142857143,2939.9192857142857,3020.0903333333335,0.010325620543164164,-0.01656584002840542,-41.96478723977543,-48.227986911653446,6.263199671878013,0.02265989498149268,-0.0023848231200204184,0.025044718101513097
2026-01-01,ethereum,2966.77,358047402286.0,16641494487.0,2,4946.05,0.43,-0.0011083357066948127,0.008972236750147902,0.015939161070457827,68.26966055793649,0.04647846732234398,120685932.0,-0.4001738761233712,6898.465116279071,0,2942.674285714286,2949.845714285714,3025.6813333333334,0.008188372869770508,-0.01947043552945214,-38.25836492674216,-46.234062514671194,7.975697587929034,0.013691188027471268,-0.011603811300639588,0.025294999328110856
2026-01-02,ethereum,3000.42,362099985542.0,10247591868.0,2,4946.05,0.43,0.01127845994496686,0.006608487081437175,0.01602819716141747,71.05652058046851,0.028300448155669372,120683100.0,-0.39337046734262693,6976.720930232559,0,2956.412857142857,2962.262142857143,3025.837,0.01488531710001853,-0.00839998982099826,-32.234149554118176,-43.43407992256059,11.199930368442416,0.017484722909870243,-0.0017865519547273223,0.019271274864597565
2026-01-03,ethereum,3121.9,376770956000.0,25946903013.0,2,4946.05,0.43,0.03968951196170104,0.01491118706272412,0.013378160028553436,68.89126132694508,0.06886651584948603,120686427.0,-0.3688094540087545,7259.232558139535,0,2984.2985714285714,2972.6264285714283,3023.3866666666668,0.04610846578449401,0.03258376919481023,-17.456269708853142,-38.238517879819106,20.782248170965964,0.05903943877931783,0.052849901692640255,0.006189537086677577
2026-01-04,ethereum,3126.04,377099111945.0,12643882377.0,2,4946.05,0.43,0.0013252369920028284,0.015210193594839482,0.013359315701524816,69.19447166211127,0.03352933479950521,120631570.0,-0.3679724224381072,7268.86046511628,0,3009.6099999999997,2983.2607142857146,3023.1313333333333,0.03868607560448042,0.034040422105379935,-5.3489704601825,-31.660608395891785,26.311637935709285,0.06537342121585987,0.0611169759571486,0.004256445258711272
2026-01-05,ethereum,3139.06,378922486584.0,14200482273.0,2,4946.05,0.43,0.004156364222043958,0.014874072668254648,0.013293797956135696,68.25982996811899,0.037475955573441584,120712088.0,-0.36534001880288314,7299.139534883721,0,3036.9242857142854,2993.0792857142856,3027.011333333334,0.033631300841499984,0.03701626929268168,5.2363947113990434,-24.281207774433618,29.51760248583266,0.05690120738301574,0.08085047774812781,-0.023949270365112074
2026-01-06,ethereum,3228.3,389933475562.0,29465114560.0,2,4946.05,0.43,0.028032290847547076,0.015014695428892768,0.014832947588376867,74.10987105861955,0.07556446523995605,120786010.0,-0.3472973382800416,7506.674418604652,0,3078.9357142857143,3008.9728571428573,3033.309333333333,0.04851166103314926,0.06428314597653972,20.58895836763668,-15.30717454601956,35.89613291365624,0.088153109273722,0.10305121809546591,-0.014898108821743916
2026-01-07,ethereum,3295.1,397608381235.0,28511408891.0,2,4946.05,0.43,0.02048083361528624,0.015205133806765383,0.014315356095362289,83.82651491848657,0.0717072633188504,120666560.0,-0.33379161148795505,7662.023255813954,0,3125.37,3032.537857142857,3041.3799999999997,0.05430717003106833,0.08342265682025932,37.71146313115423,-4.703447010584803,42.414910141739036,0.09821291685830635,0.11741486540561419,-0.019201948547307834
2026-01-08,ethereum,3164.79,381974224306.0,22954348982.0,2,4946.05,0.43,-0.04034981382367233,0.02568550321052622,0.018970275874965928,68.27109359342643,0.060093973680305834,120694967.0,-0.36013788780946415,7358.976744186047,0,3153.6585714285716,3048.1664285714287,3042.6956666666665,0.003529687288369323,0.04012702771128281,40.30167098711718,4.297576588955593,36.004094398161584,0.01373842852109286,0.07358897641000595,-0.059850547888913086
2026-01-09,ethereum,3104.22,374637574706.0,21609631691.0,2,4946.05,0.43,-0.01932422658590661,0.027796445006758833,0.0194106105744072,66.18954322446928,0.05768143173561366,120686541.0,-0.37238402361480377,7218.116279069767,0,3168.4871428571428,3062.4500000000003,3035.4206666666664,-0.020283226650303177,0.022665502046833284,37.039962942790225,10.84605385972252,26.193909083067705,-0.006980077030364296,0.05793703266967021,-0.0649171097000345
2026-01-10,ethereum,3083.14,372149000811.0,19574607997.0,2,4946.05,0.43,-0.006813917910401798,0.02327362925582608,0.01962766263870654,62.69351854857031,0.052598846038394126,120704542.0,-0.3766460104527856,7169.093023255814,0,3162.95,3073.6242857142856,3027.3166666666666,-0.02523277320223208,0.018439872494343153,32.380790395892745,15.153001166956566,17.22778922893618,-0.01781425012583382,0.03807330491639904,-0.05588755504223286
2026-01-11,ethereum,3082.97,372186920089.0,5878919562.0,2,4946.05,0.43,-5.514011266203986e-05,0.023248721271979328,0.01961885016489607,61.284351177153596,0.015795610336317545,120723497.0,-0.37668038131438225,7168.697674418605,0,3156.797142857143,3083.203571428571,3022.2123333333334,-0.023386723795094464,0.02010370548638919,28.347868424438275,17.791974618452908,10.555893805985367,-0.04501750147136274,0.039167175075924154,-0.0841846765472869
2026-01-12,ethereum,3119.36,376488796662.0,10976584244.0,2,4946.05,0.43,0.01173443449963234,0.02375315621605624,0.019717524781414406,63.619325942632045,0.02915514177664744,120694244.0,-0.3693229951173158,7253.325581395349,0,3153.9828571428575,3095.4535714285716,3023.3469999999998,-0.010977503274771013,0.031757188308189695,27.768025074445177,19.787184709651363,7.9808403647938135,-0.053333737974568196,0.03964111691029926,-0.09297485488486745
2026-01-13,ethereum,3090.28,373050228025.0,21435545247.0,2,4946.05,0.43,-0.009366150883490323,0.020083634689840132,0.019917069709684522,62.09654915821787,0.05746021215556929,120717290.0,-0.3752024342657272,7185.697674418606,0,3134.2657142857142,3106.6007142857147,3022.5153333333333,-0.014033817900387617,0.022419957946725695,24.677515041550123,20.765250776031117,3.9122642655190063,-0.02354342626208994,-0.010128447419840425,-0.013414978842249514
2026-01-14,ethereum,3319.94,400762250133.0,35290013881.0,2,4946.05,0.43,0.07168500878483014,0.03512850308273184,0.026967588993560162,70.85399580392905,0.08805723061313382,120713703.0,-0.32876942206407134,7719.790697674419,0,3137.8142857142852,3131.5921428571423,3030.9970000000003,0.05804222229304311,0.09532935862358152,40.29540587000565,24.671281794826022,15.62412407517963,0.06949249731011342,0.062027357295492136,0.007465140014621285
2026-01-15,ethereum,3356.5,405103415124.0,34009585603.0,2,4946.05,0.43,0.010952053920734329,0.030027335596835705,0.02684817611288957,72.34306025339677,0.0839528484167181,120692214.0,-0.3213776650054084,7804.813953488373,0,3165.201428571428,3159.4300000000003,3044.064,0.06043804027818602,0.10263778948143014,54.98890545503491,30.7348065268678,24.25409892816711,0.08866285669804164,0.06926914426611797,0.01939371243192367
2026-01-16,ethereum,3318.2,400452010716.0,29777568896.0,2,4946.05,0.43,-0.011476297169551297,0.028946658215926003,0.02737130974674627,68.12157846715327,0.07435989356816643,120683506.0,-0.3291212179415898,7715.7441860465115,0,3195.77,3182.128571428572,3055.862,0.03831001605246931,0.0858474630071645,62.81898170592649,37.15164156267954,25.667340143246946,0.07629980181448404,0.02784747390267306,0.04845232791181098
2026-01-17,ethereum,3296.06,397812097503.0,24378384071.0,2,4946.05,0.43,-0.006694651462086171,0.028935472652269298,0.02590278666740814,61.200576235433324,0.06128115314747601,120693221.0,-0.3335975172107035,7664.2558139534885,0,3226.187142857143,3194.5685714285714,3071.470666666667,0.021658029757373843,0.07312110637119315,66.4716171537084,43.015636680885315,23.45598047282308,0.056646235125153765,0.0002913416891747733,0.05635489343597899
2026-01-18,ethereum,3306.87,399282930966.0,11391111157.0,2,4946.05,0.43,0.0032743069085723795,0.02877840268194521,0.025893249498568725,61.530613546223194,0.028528920906889414,120743462.0,-0.33141193477623565,7689.39534883721,0,3258.172857142857,3207.485,3087.48,0.01494615080055823,0.07105795017295655,69.43819344865187,48.30014803443863,21.138045414213245,0.07008750016179754,0.04489397400775408,0.025193526154043466
2026-01-19,ethereum,3284.32,396399594663.0,14974443678.0,2,4946.05,0.43,-0.006842493686872342,0.02944236387658268,0.02605504285783008,59.15127384522341,0.03777613266918337,120694571.0,-0.3359711284762588,7636.9534883720935,0,3281.738571428571,3217.8607142857145,3097.730666666667,0.0007866039647105086,0.06023420155313696,69.17225529285406,52.474569486121716,16.697685806732345,-0.010729109562220951,0.05801779513049987,-0.06874690469272082
2026-01-20,ethereum,3185.66,384410444147.0,29820379989.0,2,4946.05,0.43,-0.030500140079904942,0.03238056885627661,0.026462215897686873,47.345220899536756,0.07757432307847643,120669012.0,-0.3559183590946311,7407.511627906977,0,3295.3642857142854,3214.8149999999996,3104.6806666666666,-0.03329048815327154,0.026082983091551406,60.30529798796579,54.04071518649053,6.264582801475257,-0.05089825711306428,0.03325181470838179,-0.08415007182144607
2026-01-21,ethereum,2935.62,354099948267.0,34750583223.0,2,4946.05,0.43,-0.08174081432397275,0.031100804461388964,0.033310647233724185,31.77670532889934,0.09813778113516473,120621861.0,-0.4064718310571062,6826.023255813954,0,3240.461428571429,3189.1378571428572,3102.4813333333336,-0.0940734630826388,-0.05378318687708475,32.72480097715015,49.77753234462246,-17.052731367472305,-0.11529745042492912,-0.047794821227582496,-0.06750262919734662
2026-01-22,ethereum,2976.05,359040539116.0,37121407320.0,2,4946.05,0.43,0.013678243322123898,0.03153165942486097,0.03242372725006976,39.47280353397887,0.10339057369788177,120643316.0,-0.3982976314432729,6920.046511627908,0,3186.111428571429,3175.656428571429,3101.49,-0.06593034590306682,-0.04044507639876305,13.968402453267572,42.61570636635148,-28.64730391308391,-0.09708864523097271,-0.045942116331555205,-0.05114652889941751
2026-01-23,ethereum,2948.28,355853612997.0,22312421297.0,2,4946.05,0.43,-0.009374968440950225,0.03160499405279789,0.03217938389470811,40.971932749756874,0.06270112338915076,120698717.0,-0.40391221277585143,6855.465116279071,0,3133.2657142857142,3164.5178571428573,3100.9263333333333,-0.05903926802067757,-0.049226043099594156,-3.1012363042277684,33.47231783223563,-36.5735541364634,-0.10843788839597557,-0.04595052875467598,-0.06248735964129959
2026-01-24,ethereum,2950.91,356101993294.0,22825744038.0,2,4946.05,0.43,0.0008916478954721302,0.032138269389075505,0.03218758207277277,42.177498550621756,0.06409889432760048,120675315.0,-0.4033804753287978,6861.581395348838,0,3083.9585714285713,3155.0728571428567,3101.090333333333,-0.04314213967113697,-0.04842823561734359,-16.229742609340065,23.531905743920493,-39.761648353260554,-0.10151568665659871,-0.11115562329439699,0.009639936637798274
2026-01-25,ethereum,2949.2,356007725633.0,9410994743.0,2,4946.05,0.43,-0.0005796502261413065,0.03178810707308155,0.03218403147386652,42.100787736350426,0.026434804824155906,120713321.0,-0.4037262057601521,6857.604651162791,0,3032.862857142857,3145.5178571428573,3102.588666666666,-0.027585440253527608,-0.04943893088846442,-26.467065297284535,13.53211153567949,-39.999176832964025,-0.07422637695171486,-0.12134664084611957,0.04712026389440471
2026-01-26,ethereum,2814.19,339890716408.0,23388699485.0,2,4946.05,0.43,-0.04685947117537144,0.03335257200485128,0.033862984314342454,33.859417147088365,0.06881241044819987,120777459.0,-0.4310227353140385,6543.627906976745,0,2965.7014285714286,3123.72,3098.838333333333,-0.051087890072741136,-0.09185646449233927,-44.95616922319732,1.8344553839041282,-46.79062460710145,-0.04136434552155932,-0.15189259236935682,0.1105282468477975
2026-01-27,ethereum,2927.84,353726198245.0,31319240379.0,2,4946.05,0.43,0.03959047383925316,0.040214840983707104,0.03609351337924078,42.1139505981047,0.08854091253175281,120814730.0,-0.4080448034289989,6807.93023255814,0,2928.87,3112.117142857143,3098.1376666666665,-0.000351671463738488,-0.05496775320829827,-49.863516524431816,-8.505138997763062,-41.358377526668754,-0.016199324608121568,-0.1117151993592349,0.09551587475111334
2026-01-28,ethereum,3021.09,364796970142.0,28728856610.0,2,4946.05,0.43,0.0313527436233197,0.028590976547846845,0.030825299415504853,33.27662812951169,0.07875300224894158,120750117.0,-0.3891913749355546,7024.79069767442,0,2941.0800000000004,3090.770714285714,3100.578666666667,0.027204292300787383,-0.025636719855304416,-45.701312654750836,-15.944373729160617,-29.75693892559022,0.02469575481297559,-0.08642008908726373,0.11111584390023932
2026-01-29,ethereum,3006.81,362995505293.0,23451982503.0,2,4946.05,0.43,-0.004737977310048506,0.028409430795780694,0.030415169272900864,29.931246628330058,0.06460681237380668,120724457.0,-0.3920785273096714,6991.581395348838,0,2945.4742857142855,3065.792857142857,3102.9983333333334,0.020823714056237407,-0.03099851272881772,-43.05865933628502,-21.3672308505855,-21.691428485699518,0.018943309013151888,-0.084495420665465,0.10343872967861689
2026-01-30,ethereum,2818.82,340223818598.0,37820864892.0,2,4946.05,0.43,-0.06456135844712863,0.03796909081994511,0.033998767747892664,25.542647807859595,0.11116465933470752,120697249.0,-0.43008663478937736,6554.39534883721,0,2926.98,3030.1228571428574,3097.957,-0.03695276359934125,-0.09010357471068828,-55.49386076100518,-28.192556832669435,-27.301303928335745,-0.04420859894208584,-0.11515353176421828,0.07094493282213243
2026-01-31,ethereum,2702.41,326260413678.0,41803190280.0,2,4946.05,0.43,-0.04217439018438429,0.040021495372751445,0.03491104923567703,23.383459320833225,0.12812829423203426,120729428.0,-0.4536225877215152,6283.674418604652,0,2891.48,2987.719285714286,3089.1449999999995,-0.06538865909499639,-0.1251915983225131,-73.89039907654387,-37.33212528144432,-36.55827379509955,-0.039720132613647374,-0.07944148084561353,0.03972134823196616
2026-02-01,ethereum,2443.93,294721167713.0,48591221288.0,2,4946.05,0.43,-0.100536568151022,0.05128012960068678,0.0413486588857745,18.34084205274202,0.1648718402721525,120593130.0,-0.5058824718714935,5682.558139534884,0,2819.2985714285714,2926.0807142857143,3070.595333333333,-0.13314253950704058,-0.20408593946928427,-108.0810726961081,-51.48191476437708,-56.599157931731014,-0.16527884037379104,-0.1788007593958436,0.013521919022052575
2026-02-02,ethereum,2269.33,273917533155.0,41592993668.0,2,4946.05,0.43,-0.07412276558625647,0.05401580690397598,0.043362361603324,16.49999009842169,0.15184494832780213,120704143.0,-0.5411833685466181,5276.511627906977,0,2741.4614285714283,2853.5814285714287,3042.1763333333333,-0.1722188842968531,-0.2540438977403129,-147.5651494898284,-70.69856170946736,-76.86658778036104,-0.24883734016530468,-0.23028681129336437,-0.01855052887194031
2026-02-03,ethereum,2344.51,282937489226.0,51461557534.0,2,4946.05,0.43,0.03259179109845784,0.05254167796418502,0.04609638353560675,21.800553830887154,0.18188313494538155,120680863.0,-0.5259833604593565,5451.348837209303,0,2658.128571428572,2793.499285714286,3016.125333333334,-0.11798472609623317,-0.22267487557988314,-170.82104840810098,-90.72305904919409,-80.09798935890689,-0.2202666613454125,-0.20549593176342207,-0.014770729581990438
2026-02-04,ethereum,2226.99,268883359333.0,47572474188.0,2,4946.05,0.43,-0.05142552692078551,0.04470551767564981,0.04371983510856383,23.926529350729652,0.17692606305577885,120738467.0,-0.5497437348995664,5178.0465116279065,0,2544.6857142857143,2742.882857142857,2985.7229999999995,-0.12484673942333613,-0.2541203587874695,-196.46961823400534,-111.87237088615635,-84.59724734784899,-0.2099566485266886,-0.24488335819883356,0.03492670967214495
2026-02-05,ethereum,2152.09,259876828100.0,45329629877.0,2,4946.05,0.43,-0.03421143493301303,0.04172779690589479,0.0427676822058781,20.43304769696708,0.17442736317974938,120755558.0,-0.5648871321559629,5003.86046511628,0,2422.582857142857,2684.028571428571,2949.8493333333336,-0.11165473921576013,-0.2704407049941986,-220.30061033995344,-133.5580187769158,-86.74259156303765,-0.20364045426119637,-0.2352719610260856,0.03163150676488924
2026-02-06,ethereum,1820.57,222173472032.0,56436780639.0,2,4946.05,0.43,-0.1672898241172411,0.0618347620317606,0.05723231339282433,16.775968841514796,0.2540212390022483,122035116.0,-0.6319143559001629,4232.883720930232,0,2279.9757142857143,2603.477857142857,2900.6983333333333,-0.2014958805952194,-0.3723683779595603,-262.9071071712242,-159.42783645577748,-103.47927071544672,-0.255064588592963,-0.37818664954369097,0.12312206095072797
2026-02-07,ethereum,2060.73,248748810143.0,65078857953.0,2,4946.05,0.43,0.12391065009055,0.09426973779352703,0.07088781779257342,26.993890399346668,0.26162480100141045,120709074.0,-0.5833584375410681,4791.39534883721,0,2188.307142857143,2539.8935714285717,2863.8963333333336,-0.05829946827782731,-0.2804453233817007,-274.1341105897832,-182.3690912825786,-91.76501930720457,-0.09192140411487082,-0.31788526657597094,0.22596386246110012
2026-02-08,ethereum,2091.04,252512585445.0,40809475718.0,2,4946.05,0.43,0.014601260906900577,0.09169713674457852,0.07141490585720511,28.144514735694727,0.16161363064768408,120759328.0,-0.5772303150999283,4861.883720930233,0,2137.8942857142856,2478.5964285714285,2830.123666666667,-0.021916091000089514,-0.26114889443582623,-277.3882687030159,-201.37292676666607,-76.01534193634984,-0.1081121428358165,-0.30456530342788535,0.19645316059206885
2026-02-09,ethereum,2095.13,253245483591.0,19286038988.0,2,4946.05,0.43,0.0019540540883019003,0.08899689787934877,0.07143416093396812,30.378641518495485,0.07615551011818873,120873399.0,-0.5764033926062211,4871.39534883721,0,2113.0085714285715,2427.235,2797.1900000000005,-0.008461192098470268,-0.25098759826826217,-276.4504351028081,-216.3884284338945,-60.062006668913625,-0.05920996502004938,-0.2567350877317459,0.19752512271169653
2026-02-10,ethereum,2104.46,253911548161.0,25731465365.0,2,4946.05,0.43,0.004443298202966832,0.08729707244672019,0.06973549663579517,26.175622967326774,0.10134027204105035,120654015.0,-0.5745170388491827,4893.093023255815,0,2078.715714285714,2368.4221428571427,2764.573,0.012384707315849681,-0.23877575307289764,-271.820959374978,-227.47493462211122,-44.346024752866754,-0.022131974034543256,-0.22126546304964823,0.19913348901510497
2026-02-11,ethereum,2018.92,243588125385.0,23450565533.0,2,4946.05,0.43,-0.04149618718821936,0.0866933081839501,0.06801749338138194,20.87240090448816,0.09627138226026215,120652688.0,-0.5918116476784505,4694.162790697675,0,2048.9914285714285,2296.8385714285714,2727.891666666667,-0.014676210037830395,-0.25989729553043106,-271.91990620502565,-236.36392893869413,-35.555977266331524,0.10894939496970735,-0.17390432622865626,0.2828537211983636
