timestamp,coin,price,log_return_1d,volume,market_cap,volume_to_marketcap,volatility_7d,rsi_14,distance_from_ath
2025-02-16,bitcoin,97569.95,0.0008353394901971008,14215311318.0,1934308378710.0,0.007349040863629129,0.013478723036435197,41.79429117522377,-0.22612666560913708
2025-02-17,bitcoin,96149.35,-0.014666844925601939,13634794999.0,1905012222220.0,0.007157326782455356,0.01482244851597902,45.882964629885485,-0.2373941148477157
2025-02-18,bitcoin,95776.16,-0.0038889095079833237,25324374113.0,1898997753782.0,0.013335652484351054,0.014249821413387306,29.242476414474922,-0.24035406091370556
2025-02-19,bitcoin,95495.89,-0.0029305923221771553,38311133145.0,1892702154845.0,0.02024150130908338,0.012720608903130532,37.67530342378005,-0.24257701459390862
2025-02-20,bitcoin,96554.87,0.011028237877525219,27703222487.0,1914337919660.0,0.014471437985160054,0.009995955309507917,49.86214483353076,-0.23417774428934013
2025-02-21,bitcoin,98384.32,0.018769993978324552,24175261970.0,1950376106325.0,0.012395179520298926,0.011215734029566863,57.323849055592454,-0.21966751269035528
2025-02-22,bitcoin,96135.16,-0.023126323818093656,42477472951.0,1906058197506.0,0.022285506815363797,0.014261669019363854,48.500208333923844,-0.2375066624365482
2025-02-23,bitcoin,96564.15,0.004452436375594804,18464415571.0,1915260330871.0,0.009640681881926185,0.014445733791983384,50.02032222591297,-0.23410414022842643
2025-02-24,bitcoin,96327.46,-0.002454125597203089,16643044375.0,1909625674815.0,0.008715343846962226,0.013277996592053004,49.251342112818755,-0.2359814403553299
2025-02-25,bitcoin,91396.77,-0.05254329006034353,45539703844.0,1814176779160.0,0.02510213137282343,0.024121407380906228,34.07387363009066,-0.27508907043147207
2025-02-26,bitcoin,88755.77,-0.029321698340462832,96742453403.0,1759750360550.0,0.054975100770977364,0.025461782908831658,32.388056314161005,-0.2960360881979695
2025-02-27,bitcoin,83900.11,-0.05626151576978271,69277430796.0,1664314955448.0,0.041625192737243605,0.028517507672898956,19.15090204759268,-0.33454861992385787
2025-02-28,bitcoin,84709.14,0.009596581550735157,81960688218.0,1679555320077.0,0.04879904057833741,0.02658020285902465,23.21101166259828,-0.32813182106598987
2025-03-01,bitcoin,84441.9,-0.0031597821964160612,80695237175.0,1674754437110.0,0.04818332490239573,0.027419598195645743,19.60599037759954,-0.3302514276649747
2025-03-02,bitcoin,86005.26,0.018344733262593338,30634474723.0,1705564098301.0,0.017961491305730798,0.02976271455671783,24.798348697345872,-0.31785168147208126
2025-03-03,bitcoin,94261.53,0.0916646958895685,61859112551.0,1868321705444.0,0.03310945452849588,0.05092444407803833,46.83038739448447,-0.2523673064720812
2025-03-04,bitcoin,86124.71,-0.09027679093409186,68715362745.0,1708198960874.0,0.04022679109337579,0.058469020544243355,37.14634794043514,-0.31690426713197967
2025-03-05,bitcoin,87310.81,0.01367791893819279,65863356680.0,1731441668070.0,0.03803960473783471,0.05817341558437705,39.35604783840804,-0.3074967480964467
2025-03-06,bitcoin,90604.08,0.03702496408004874,51606642860.0,1797706868228.0,0.028706928683466998,0.05432105691028473,42.68652358080245,-0.281376269035533
2025-03-07,bitcoin,90001.4,-0.006674019382722084,47555759125.0,1782785866812.0,0.026674969782007417,0.054736721753648424,39.37713397078739,-0.2861564086294417
2025-03-08,bitcoin,86773.34,-0.03652579413370046,63216440875.0,1720436931689.0,0.03674441051026421,0.05732870890033028,38.42386436197967,-0.3117596763959391
2025-03-09,bitcoin,86142.98,-0.007290957757956979,18809360803.0,1708605516770.0,0.011008603576651087,0.05706971964246959,37.17780468796717,-0.3167593591370559
2025-03-10,bitcoin,80751.14,-0.06463639422300509,32013406241.0,1602073794580.0,0.01998247917749172,0.04453203465472032,32.99245420307919,-0.3595245875634518
2025-03-11,bitcoin,78783.94,-0.024662910664427842,49983692766.0,1563547150148.0,0.031968139087630784,0.03327186142800407,35.275324669866535,-0.37512737944162433
2025-03-12,bitcoin,82799.11,0.049708143555431045,56404462275.0,1642997419532.0,0.034330219636660504,0.040119728135760944,43.262163298196995,-0.3432811706852792
2025-03-13,bitcoin,83884.25,0.013020559829393923,41782186209.0,1662502658718.0,0.025132101888618544,0.03653774448488439,49.9803870842643,-0.334674413071066
2025-03-14,bitcoin,81098.9,-0.03376847484303636,32583592655.0,1608477373718.0,0.020257414364295925,0.037426332261109224,45.743530950843756,-0.3567663388324874
2025-03-15,bitcoin,83971.71,0.034810558876450425,28571483950.0,1665725559906.0,0.017152575813036298,0.04016201793710129,49.47773413991914,-0.3339807265228426
2025-03-16,bitcoin,84391.69,0.0049889806348128,10761796127.0,1674173293916.0,0.006428125550747175,0.04029736230904785,48.16100822752135,-0.33064966687817254
2025-03-17,bitcoin,82610.62,-0.02133069334788964,21638031633.0,1638672153484.0,0.013204613007547073,0.03164022856491825,34.42218855835607,-0.3447761738578681
2025-03-18,bitcoin,84075.37,0.01757541475833351,19659366247.0,1667799227887.0,0.011787609634468545,0.02937586373117696,46.664896051202014,-0.3331585501269036
2025-03-19,bitcoin,82780.03,-0.0155268097223405,24557570269.0,1642578274106.0,0.014950624062263248,0.024329261270094323,42.65271452488275,-0.34343250317258883
2025-03-20,bitcoin,86815.44,0.04759763730493314,33871216993.0,1721565138141.0,0.019674664781824752,0.030218532629827967,44.000600472016615,-0.3114257614213198
2025-03-21,bitcoin,84270.84,-0.029748588337121837,27579127651.0,1672550706503.0,0.016489262504132355,0.02938783755525259,41.451283942395946,-0.33160818527918784
2025-03-22,bitcoin,84009.53,-0.0031056529056789402,18091004976.0,1666749159154.0,0.010854065758270753,0.026425981943061654,45.476628239367635,-0.33368075824873095
2025-03-23,bitcoin,83793.31,-0.0025770734233733243,7771134682.0,1662574363664.0,0.0046741576508336664,0.026345594284980744,46.10158085677055,-0.335395701142132
2025-03-24,bitcoin,85787.71,0.02352258477517657,12617587531.0,1702009594329.0,0.007413346888901854,0.02603409078745742,59.41811042027021,-0.3195771732233502
2025-03-25,bitcoin,87327.73,0.017792296588448442,27270889835.0,1732715331970.0,0.01573881718008147,0.026051131585847872,66.23580424885324,-0.3073625475888325
2025-03-26,bitcoin,87520.58,0.0022059129791018274,30351832943.0,1735368473904.0,0.017490137339373525,0.02448991622456032,60.49717087052702,-0.30583296319796954
2025-03-27,bitcoin,86960.86,-0.006415833339916977,25522877559.0,1724854479046.0,0.014797119333288018,0.017401013003829225,57.00381035547989,-0.310272366751269
2025-03-28,bitcoin,87227.27,0.0030588790146310663,24620445368.0,1729729987159.0,0.014233692860027201,0.011340931104995866,65.7583046239912,-0.30815934327411165
2025-03-29,bitcoin,84359.47,-0.03342993839064865,31674486232.0,1673182800974.0,0.018930678831722104,0.018470684660067852,50.99733125924644,-0.33090521890862945
2025-03-30,bitcoin,82679.17,-0.020119376932705917,16837439420.0,1640665503855.0,0.010262566854997442,0.02009153130808231,45.863518226877034,-0.3442324714467005
2025-03-31,bitcoin,82356.38,-0.003911768241558569,13428975108.0,1633996304187.0,0.008218485607090542,0.016691148631991802,49.33935906603917,-0.3467926713197969
2025-04-01,bitcoin,82514.09,0.0019131388186478596,30326148750.0,1635076581047.0,0.018547234485238023,0.013768589103320877,45.647364242191756,-0.34554179885786807
2025-04-02,bitcoin,85237.59,0.03247346708267523,29172899852.0,1690602036035.0,0.017255923765725337,0.02060159751124977,56.346007651691046,-0.3239404346446701
2025-04-03,bitcoin,82526.42,-0.03232404922129152,46332905658.0,1637358764747.0,0.0282973448797944,0.02330483037134318,38.11168148657338,-0.3454440038071066
2025-04-04,bitcoin,83163.99,0.007695957138581002,36594464539.0,1652537223075.0,0.022144411652589548,0.023716498009828096,46.569347318986104,-0.34038713515228425
2025-04-05,bitcoin,83852.01,0.008239017722570345,35647289400.0,1664234880198.0,0.021419626414607363,0.02099615087300685,49.524352476797375,-0.33493012373096454
2025-04-06,bitcoin,83595.89,-0.0030591031566627076,14910400036.0,1656020067997.0,0.009003755645325314,0.019310748000081486,49.40530340912789,-0.3369615323604061
2025-04-07,bitcoin,78211.48,-0.06657791635690301,36140377232.0,1555325260787.0,0.023236539740705324,0.03238098322537606,31.048423609905512,-0.3796678299492386
2025-04-08,bitcoin,79179.29,0.01229833488114248,82909748173.0,1581407565278.0,0.052427818099140724,0.03310733692134906,29.016366762154036,-0.37199167195431476
2025-04-09,bitcoin,76329.09,-0.03666065090562077,47812787635.0,1515042499757.0,0.03155871049338139,0.029912044962535977,24.649523660239183,-0.39459795368020306
2025-04-10,bitcoin,82622.17,0.07922392262929775,87408220482.0,1640567909122.0,0.053279245556362965,0.04535154614580357,42.19853424816654,-0.34468456535533
2025-04-11,bitcoin,79596.36,-0.03730968328908742,41213520154.0,1580023209138.0,0.02608412326834396,0.047256240190220074,37.51744159988012,-0.368683692893401
2025-04-12,bitcoin,83439.29,0.04715093838643795,39813566444.0,1655868880454.0,0.024043912482420746,0.05135725331965232,48.541314880560215,-0.3382036008883249
2025-04-13,bitcoin,85305.1,0.02211494014244117,22428929482.0,1693600655371.0,0.01324334010551426,0.05204176754004152,54.13832980373457,-0.32340498096446696
2025-04-14,bitcoin,83600.82,-0.02018091303542195,28731125718.0,1658923208082.0,0.01731914146358716,0.04406225142612896,51.879340663190824,-0.33692243020304563
2025-04-15,bitcoin,84523.45,0.010975682000928,33155578229.0,1677843510120.0,0.019760828723906856,0.04405118382496467,52.96599036292258,-0.3296046161167513
2025-04-16,bitcoin,83656.49,-0.01031000105633128,25084671428.0,1660749023283.0,0.015104432443628447,0.040444210003217386,47.530827565528114,-0.33648088515228425
2025-04-17,bitcoin,84105.78,0.005356282722786029,26948109142.0,1670497569762.0,0.016131785900077283,0.02805282492179433,52.65394764966601,-0.3329173540609137
2025-04-18,bitcoin,84930.91,0.009762810118369696,19323821375.0,1686226810049.0,0.011459799630654946,0.02186763223530211,52.95052380430745,-0.32637285850253805
2025-04-19,bitcoin,84433.75,-0.005870899253551167,9550691273.0,1676373197915.0,0.005697234532787051,0.014500103311996113,50.97766104837318,-0.33031606916243655
2025-04-20,bitcoin,85126.66,0.008173061826560636,12635983531.0,1690090596771.0,0.007476512534382275,0.011962951145106876,52.5353604247458,-0.3248202728426396
2025-04-21,bitcoin,85073.17,-0.0006285552901090638,12625843856.0,1689008667806.0,0.007475298437870544,0.008255132441986952,63.80205724713156,-0.32524452728426395
2025-04-22,bitcoin,87452.05,0.02757893343304569,40070025414.0,1735703747771.0,0.02308575150883792,0.012428564418318366,65.74650456667592,-0.30637650697969543
2025-04-23,bitcoin,93576.17,0.06768511389520314,53841992235.0,1858587811718.0,0.02896930233564307,0.025078940498722533,79.1903049439316,-0.257803220177665
2025-04-24,bitcoin,93605.45,0.0003128512322824289,39901515880.0,1858660302322.0,0.021467890517783996,0.025504788724059688,73.59085652622916,-0.2575709866751269
2025-04-25,bitcoin,93872.81,0.002852172633192777,30031246761.0,1864298110563.0,0.01610860762602546,0.025885194773900406,84.78628163524483,-0.2554504282994924
2025-04-26,bitcoin,94773.11,0.009544938318367457,39336184715.0,1882121595176.0,0.020899916783177663,0.024501849478591624,82.23938421627527,-0.24830972398477158
2025-04-27,bitcoin,94644.07,-0.0013624954184453214,15445392740.0,1879131951239.0,0.00821942957747918,0.02529438510200686,79.47752737703772,-0.24933320114213192
2025-04-28,bitcoin,93809.34,-0.00885879920146249,15926259371.0,1862772247122.0,0.008549761998873568,0.026320020227980977,84.0936780288659,-0.25595383883248735
2025-04-29,bitcoin,95030.61,0.012934625612364286,31913814737.0,1887067388174.0,0.016911857486913096,0.025630506496620777,84.40476439955151,-0.24626736992385787
2025-04-30,bitcoin,94256.36,-0.008180746070651864,25882629766.0,1870818389258.0,0.013834923750276751,0.008230117220893913,84.92035097359785,-0.2524083121827411
2025-05-01,bitcoin,94235.75,-0.00021868289428280953,26541700309.0,1871350362569.0,0.014183180680588006,0.008240332366303966,84.34230394486767,-0.25257177982233503
2025-05-02,bitcoin,96426.95,0.022986105597772918,30207566405.0,1914884389769.0,0.01577513847122857,0.011769511622089389,85.66964119494116,-0.23519233819796956
2025-05-03,bitcoin,96855.57,0.00443517295414512,23276376191.0,1923251765866.0,0.012102615270715291,0.01151198794411034,88.7067604134597,-0.2317927506345177
2025-05-04,bitcoin,95922.87,-0.009676468776228693,13797554864.0,1904894886395.0,0.007243210616262283,0.0124411177350434,83.14598255540844,-0.23919043464467007
2025-05-05,bitcoin,94326.62,-0.016780990673983674,14903122946.0,1872812442453.0,0.007957616367862212,0.013863769279706955,75.95112574676315,-0.25185104695431476
2025-05-06,bitcoin,94758.82,0.004571486336479482,24086456278.0,1882511286488.0,0.012794853582490613,0.012974118693530762,73.00340701665348,-0.24842306472081213
2025-05-07,bitcoin,96854.53,0.02187523541858926,23348052607.0,1923643840815.0,0.012137409281079814,0.014816159967163508,63.828634869642066,-0.23180099936548224
2025-05-08,bitcoin,97026.49,0.0017738718838088317,64376174032.0,1927134557858.0,0.03340512667862372,0.014743150004607717,64.2588486354012,-0.2304371034263959
2025-05-09,bitcoin,103076.28,0.06048526265414725,50020047721.0,2047883753853.0,0.02442523782264963,0.025562674112632234,75.88351858382785,-0.18245336294416245
2025-05-10,bitcoin,102962.54,-0.0011040638997416542,40800894903.0,2045046445524.0,0.01995108472587557,0.025830869011185115,74.09779973834847,-0.18335548857868025
2025-05-11,bitcoin,104630.88,0.016073495189037165,21558992540.0,2077132539531.0,0.0103792088996246,0.024574906072497817,76.94568723197467,-0.17012309644670048
2025-05-12,bitcoin,103994.06,-0.006104945821672599,27389436049.0,2065659960471.0,0.013259411797261547,0.02272256095566745,77.77631718180848,-0.17517401649746195
2025-05-13,bitcoin,102876.83,-0.01080133470822069,43090605819.0,2044347271866.0,0.0210779285946211,0.024455573031544508,71.52076149433165,-0.1840352950507614
2025-05-14,bitcoin,104184.49,0.012630822454335798,33861432520.0,2069356072124.0,0.016363270186384317,0.024063661072370585,76.45690975188705,-0.1736636262690355
2025-05-15,bitcoin,103594.43,-0.00567970597046992,28398245847.0,2057798367293.0,0.013800305364396526,0.024667438301791234,74.20480150297834,-0.17834367068527923
2025-05-16,bitcoin,103708.85,0.0011038900264299567,31823340473.0,2060142559914.0,0.015447154528145109,0.010009855990595071,71.10022891252058,-0.17743615164974616
2025-05-17,bitcoin,103556.03,-0.0014746350437457665,25887953182.0,2057725640290.0,0.012580857561920428,0.010023032230615484,69.73079618603381,-0.17864823921319797
2025-05-18,bitcoin,103212.36,-0.003324205566165561,18950056010.0,2050318521478.0,0.00924249369621828,0.007456109888768758,72.23670539398321,-0.18137404822335024
2025-05-19,bitcoin,106030.64,0.026939495629254108,30744060180.0,2104889720873.0,0.014606019438989395,0.012877054419297129,83.22608118005748,-0.15902093908629442
2025-05-20,bitcoin,105629.42,-0.0037911779913712743,43339734154.0,2098485415895.0,0.020652864120819105,0.011879605209542473,80.91449528260023,-0.16220320431472082
2025-05-21,bitcoin,106786.72,0.010896643269721,36393687094.0,2121778617274.0,0.017152443142610968,0.011680486150592532,79.83838551345846,-0.1530241116751269
2025-05-22,bitcoin,109665.86,0.02660453222172988,60722883114.0,2178838967666.0,0.027869376312397755,0.01364849224715977,82.65904377615234,-0.13018829314720812
2025-05-23,bitcoin,111560.36,0.01712768327004155,52218408239.0,2214712145787.0,0.023577966255494635,0.013616141904388961,77.91697378119397,-0.1151621192893401
2025-05-24,bitcoin,107216.67,-0.03971404943855787,49251745838.0,2131595896624.0,0.023105573582687233,0.023366150991259913,60.950057013716744,-0.14961397525380712
2025-05-25,bitcoin,107831.36,0.005716784981367976,27128230117.0,2142540077685.0,0.012661714195942541,0.023079864185911344,58.710448248645974,-0.14473857868020304
2025-05-26,bitcoin,108861.81,0.009510754468055755,29652659665.0,2163072841534.0,0.013708581188588654,0.021351864067153704,62.97020057947904,-0.1365655932741117
2025-05-27,bitcoin,109377.72,0.004727933211972621,27950577138.0,2173059855839.0,0.012862313508252869,0.02109061970069763,67.8951717728824,-0.13247366751269035
2025-05-28,bitcoin,109068.46,-0.0028314544718968018,38978783509.0,2167551887130.0,0.017982860636665456,0.021087180016124845,64.22619675265545,-0.13492655456852787
2025-05-29,bitcoin,107838.18,-0.011343988301110853,29794278037.0,2143342706888.0,0.01390084653343162,0.018763463946638637,61.91687685299536,-0.14468448604060918
2025-05-30,bitcoin,105745.42,-0.019597262871157584,38279231893.0,2101348752694.0,0.01821650587220457,0.017483706235079582,55.14702054238859,-0.1612831535532995
2025-05-31,bitcoin,104010.92,-0.01653861366656559,39680060338.0,2066830946978.0,0.019198503097709988,0.011605540776788395,51.06453583204817,-0.1750402918781726
2025-06-01,bitcoin,104687.51,0.006483923912510497,20432694555.0,2080467809296.0,0.00982120197375903,0.011719360756921754,53.399187135373424,-0.16967393718274115
2025-06-02,bitcoin,105710.01,0.009719772837227882,17721500508.0,2101178071591.0,0.008434078361850303,0.01176039125879164,49.19450991544401,-0.16156400697969547
2025-06-03,bitcoin,105884.74,0.0016515536393655315,26313843059.0,2104229403095.0,0.0125052159333466,0.011423946635489547,50.648800841621664,-0.16017814086294413
2025-06-04,bitcoin,105434.48,-0.004261426683140044,25925661121.0,2095294001281.0,0.01237328084037363,0.011399045876440134,46.43570703337926,-0.16374936548223354
2025-06-05,bitcoin,104812.92,-0.0059126706041882846,25812143563.0,2083148839111.0,0.012390926216302207,0.011062500028562171,35.48039455039829,-0.16867925126903555
2025-06-06,bitcoin,101650.74,-0.030634226801228643,39711941132.0,2020294099992.0,0.019656514926295755,0.01403296627292604,22.44167756805585,-0.1937599936548223
2025-06-07,bitcoin,104409.75,0.026780241962680952,29897390978.0,2075175500201.0,0.014407162659304796,0.017539987958534477,41.43954014350997,-0.1718769828680203
2025-06-08,bitcoin,105681.45,0.012106318893618002,17749731309.0,2100553336903.0,0.008450026475009548,0.017980382328787722,43.69590345590377,-0.16179052982233505
2025-06-09,bitcoin,105692.25,0.00010218868297613793,16044679696.0,2100654769399.0,0.007637942192943205,0.017597602291406653,40.11491987295442,-0.16170486992385788
2025-06-10,bitcoin,110261.57,0.04232388266236842,38222993298.0,2191877481231.0,0.017438471641459286,0.023847675649810537,52.20022454065008,-0.12546343591370554
2025-06-11,bitcoin,110212.73,-0.0004430448428583829,36303839183.0,2189350055406.0,0.01658201670096457,0.023622145821169123,52.88592249292937,-0.1258508090101523
2025-06-12,bitcoin,108679.98,-0.014004806756960458,30338936632.0,2159529375273.0,0.014048864988541616,0.024502825328172925,52.09116879890698,-0.13800777284263963
2025-06-13,bitcoin,105979.23,-0.02516446901520484,35865159511.0,2107911943768.0,0.01701454352352556,0.023224378840777132,50.56379183708703,-0.1594286960659899
2025-06-14,bitcoin,106045.56,0.0006256815739697332,49471015506.0,2107973087548.0,0.023468523292934834,0.021343746088478822,55.33541158379887,-0.15890260152284266
2025-06-15,bitcoin,105482.91,-0.005319863817482401,17916412456.0,2097486541223.0,0.008541848590624719,0.021012259002649972,52.098306476206375,-0.16336524428934007
2025-06-16,bitcoin,105554.49,0.0006783631976602927,16568441853.0,2098499110553.0,0.007895377114853223,0.021015082037404542,49.56805903193233,-0.16279750951776645
2025-06-17,bitcoin,106951.27,0.013145997695145394,32095957012.0,2127895470545.0,0.015083427478596744,0.0122393762072708,52.77388084273669,-0.15171898794416241
2025-06-18,bitcoin,104683.42,-0.021432562040133385,38603212011.0,2080968120977.0,0.018550602299893023,0.013615149237186817,48.215339723696786,-0.1697063769035533
2025-06-19,bitcoin,104722.7,0.0003751561841716191,30339326410.0,2081677732262.0,0.014574458831834922,0.013528820035261216,49.77951907690292,-0.16939482868020306
2025-06-20,bitcoin,104690.65,-0.000306093190813683,18063282658.0,2081355279873.0,0.008678615723454087,0.010329406647770795,58.77081471163069,-0.16964903236040613
2025-06-21,bitcoin,103290.11,-0.01346818013824147,30632751225.0,2054120245608.0,0.014912832532806763,0.01113210217700505,46.49482005757857,-0.18075737626903554
2025-06-22,bitcoin,101532.57,-0.01716199727247775,21644463199.0,2017415966696.0,0.01072880534124451,0.012251969341699604,37.39483236981579,-0.19469725571065985
2025-06-23,bitcoin,100852.58,-0.006719787086891535,51287142390.0,2005179769772.0,0.025577328857567534,0.011950315651648382,35.87060798481863,-0.2000905774111675
2025-06-24,bitcoin,105511.62,0.04516124240967933,50011797129.0,2097741233587.0,0.023840784710840196,0.02233819973223449,36.20481448329659,-0.16313753172588835
2025-06-25,bitcoin,105976.07,0.004392224877642652,31704641077.0,2107110352430.0,0.015046502448453637,0.020650378942002147,37.985591762054256,-0.15945375951776644
2025-06-26,bitcoin,107238.53,0.011842291793353268,30468274982.0,2132141147369.0,0.01428998967521309,0.020975120577909467,45.84866677533755,-0.1494405932741117
2025-06-27,bitcoin,106984.01,-0.0023762216595952447,24320699663.0,2127292099755.0,0.011432703419432156,0.02105039920596207,53.36834045588821,-0.1514593115482234
2025-06-28,bitcoin,107078.92,0.0008867486418052236,25194306262.0,2129020567386.0,0.01183375428492616,0.019831779258120127,53.45752440503118,-0.15070653553299493
2025-06-29,bitcoin,107331.59,0.002356881824149904,8960877694.0,2134239999930.0,0.00419862700272411,0.017394868182709973,56.31653325278841,-0.14870249048223352
2025-06-30,bitcoin,108396.62,0.009873893199238905,14881078675.0,2155183166490.0,0.006904786055486782,0.016151145919396367,59.09358800187619,-0.14025523477157364
2025-07-01,bitcoin,107132.8,-0.011727721304981186,22489515582.0,2130471589192.0,0.01055612085891713,0.007888149845338654,50.58580173807533,-0.15027918781725885
2025-07-02,bitcoin,105613.4,-0.014283929241424792,25033160828.0,2100087563078.0,0.01192005574820417,0.009913060170977733,53.15339387075552,-0.16233026649746196
2025-07-03,bitcoin,108824.44,0.02995068438751399,36395184773.0,2163835371770.0,0.016819756829850246,0.014817262018999184,61.4462094515629,-0.13686199238578678
2025-07-04,bitcoin,109602.2,0.007121505756441873,29892049538.0,2179664531220.0,0.013714059714165668,0.014774150590800858,63.158402350726064,-0.1306932106598985
2025-07-05,bitcoin,108040.89,-0.014347680724926313,24248906785.0,2148601712907.0,0.011285901262822641,0.016262467428049716,62.61898412340881,-0.1430766973350254
2025-07-06,bitcoin,108217.47,0.0016330470576268073,10042942281.0,2152344091390.0,0.004666048668135675,0.016256761752520183,69.38441035134295,-0.14167615799492383
2025-07-07,bitcoin,109215.2,0.00917743412553696,14638669497.0,2171497503296.0,0.006741278530037795,0.01619666476260205,73.81058407627931,-0.13376269035532998
2025-07-08,bitcoin,108300.72,-0.008408445579101663,25493246476.0,2153777588647.0,0.011836526951705733,0.015803192696640843,60.093615013144046,-0.14101586294416243
2025-07-09,bitcoin,108953.19,0.006006538263704065,20488865138.0,2167049398057.0,0.00945472916139823,0.014194018096603978,60.62939779408718,-0.13584081535532994
2025-07-10,bitcoin,111327.53,0.021558236753497894,37078460441.0,2215210888568.0,0.016738117635819758,0.011840082438226648,63.525349859685655,-0.11700880393401016
2025-07-11,bitcoin,115879.65,0.04007557532919886,56204086624.0,2303292357000.0,0.024401629455847666,0.018381191710855907,72.91077519643386,-0.08090379124365486
2025-07-12,bitcoin,117571.03,0.014490509048865697,64185145924.0,2338612196962.0,0.02744582706246911,0.01556506083634245,74.96916963388614,-0.06748865799492387
2025-07-13,bitcoin,117418.96,-0.0012942680769344943,24351256098.0,2335485977831.0,0.010426633398422442,0.015927502923051493,74.12146518836153,-0.06869479695431467
2025-07-14,bitcoin,119117.56,0.014362511117334923,27310851455.0,2369050366836.0,0.011528185232918951,0.015913480523802117,74.88253779632461,-0.05522239847715738
2025-07-15,bitcoin,119833.67,0.005993793326666391,68915956379.0,2383825813674.0,0.028909812111139677,0.013527057008041828,80.24680656086885,-0.04954259200507616
2025-07-16,bitcoin,117678.19,-0.01815100246513293,80299520980.0,2341223394840.0,0.03429810293070632,0.018286367770640643,77.88712463831637,-0.0666387214467005
2025-07-17,bitcoin,118748.16,0.009051252576371653,50374263849.0,2363194640210.0,0.021316172181451633,0.017684497401841272,75.4579690514305,-0.05815228426395936
2025-07-18,bitcoin,119445.37,0.00585416397486702,49282617206.0,2376237382764.0,0.02073977017762227,0.011315892918924864,75.35612073251473,-0.05262238261421324
2025-07-19,bitcoin,117988.95,-0.012268136019742255,58896449261.0,2347165317625.0,0.025092586712466804,0.011819801372589084,75.76555455178362,-0.06417393718274114
2025-07-20,bitcoin,117901.63,-0.0007403432895742434,23934511126.0,2345398337786.0,0.010204881081562292,0.011807580903695575,75.19856159286424,-0.06486651332487306
2025-07-21,bitcoin,117256.92,-0.005483207948824059,36702153882.0,2333757287860.0,0.015726637072724474,0.010224916720084307,71.31648312965076,-0.06998001269035535
2025-07-22,bitcoin,117482.47,0.0019217061901042377,46344384345.0,2337365497467.0,0.019827615490698117,0.009784130685848373,75.2610220785474,-0.06819106916243654
2025-07-23,bitcoin,119955.8,0.02083421063263393,58939000421.0,2387516761560.0,0.024686319011427312,0.010665974399758502,77.51394000683189,-0.04857392131979693
2025-07-24,bitcoin,118629.06,-0.011121859752389008,45225685168.0,2359931875301.0,0.019163979113690152,0.011377618946511176,69.26829088072473,-0.05909692258883251
2025-07-25,bitcoin,118354.44,-0.002317630745809363,51940414419.0,2354764508343.0,0.022057583352803892,0.011074887624615596,58.43514882228517,-0.061275063451776635
2025-07-26,bitcoin,117540.81,-0.006898258667314006,91617702596.0,2338855554999.0,0.039172022573253425,0.01035177446878186,49.890441829034145,-0.06772834708121829
2025-07-27,bitcoin,117959.54,0.003556091880663241,25145925064.0,2346959472845.0,0.010714256191871068,0.010464920354261855,51.92262003838265,-0.0644072017766498
2025-07-28,bitcoin,119418.91,0.01229587931537291,30220402191.0,2376524838793.0,0.012716215584074632,0.01103448722126903,51.09033163304075,-0.052832249365482205
2025-07-29,bitcoin,118003.3,-0.011924973451536905,43433742204.0,2349472897426.0,0.018486590014119543,0.01234207996306664,43.69650429894158,-0.06406012055837561
2025-07-30,bitcoin,117853.31,-0.0012718746378951574,42860287144.0,2345126504020.0,0.018276322010999914,0.00856000729047217,50.699741073426445,-0.06524976205583759
2025-07-31,bitcoin,117833.24,-0.00017031094942412828,43054424657.0,2343717963710.0,0.018370138951722154,0.007683000709251111,46.00935158287754,-0.06540894670050758
2025-08-01,bitcoin,115700.0,-0.01826977038936533,45238249453.0,2302199162425.0,0.01965001559871506,0.01012877531318574,35.48230799584168,-0.08232868020304568
2025-08-02,bitcoin,113234.61,-0.021538773110654164,65794680822.0,2253609880959.0,0.029195239769716382,0.012290786891528576,32.90826341105674,-0.1018828521573604
2025-08-03,bitcoin,112554.9,-0.006020758477777981,33543439044.0,2240413983638.0,0.014971982539375124,0.011653006091896708,31.563877305148935,-0.10727395304568532
2025-08-04,bitcoin,114199.11,0.014502401235334203,24689273719.0,2272802075267.0,0.010862922903702294,0.012266203743286288,40.13621768507357,-0.09423294733502538
2025-08-05,bitcoin,115138.69,0.008193897882872154,32488023583.0,2292395156144.0,0.014172086996400554,0.013081678906755143,42.772455289246125,-0.0867806947969543
2025-08-06,bitcoin,114128.35,-0.008813709466334831,37316213252.0,2271583255077.0,0.016427402855958756,0.013176780566574417,30.247579354399647,-0.09479417829949234
2025-08-07,bitcoin,115022.1,0.007800591550182306,32052509631.0,2289295036529.0,0.014001039236776404,0.013944248285780763,37.40431784912116,-0.0877054251269035
2025-08-08,bitcoin,117463.47,0.0210031078165006,38289687095.0,2337732858704.0,0.01637898314704237,0.014858222898928295,47.297632573632136,-0.06834176713197969
2025-08-09,bitcoin,116688.37,-0.00662051454414392,33017415813.0,2323026541073.0,0.01421310313473618,0.011606348989247521,47.40843926291737,-0.07448945114213201
2025-08-10,bitcoin,116510.08,-0.0015290842176549078,27638785406.0,2318815857402.0,0.011919353284467565,0.011052093231767004,45.5280198346047,-0.07590355329949237
2025-08-11,bitcoin,119266.93,0.02338629747351237,37157754755.0,2374097296838.0,0.015651319263321462,0.012718451762230853,49.565858256920016,-0.05403767449238584
2025-08-12,bitcoin,118773.8,-0.004143246455700601,61739781528.0,2364060561673.0,0.02611598980539989,0.01324065824827925,52.32343969188868,-0.05794892131979693
2025-08-13,bitcoin,120202.53,0.011957226246741465,46941089790.0,2392854421746.0,0.019617194160833396,0.012049097637007173,56.57685209655674,-0.04661698921319798
2025-08-14,bitcoin,123560.99,0.027556810187490854,61818118106.0,2458895200753.0,0.025140607085275178,0.014266252677116766,63.51002328033343,-0.0199794574873096
2025-08-15,bitcoin,118405.6,-0.04261886169127769,73822008368.0,2360043737045.0,0.031279932320420555,0.023522536183349086,55.58539737327781,-0.060869289340101475
2025-08-16,bitcoin,117339.79,-0.00904210480364983,44268714220.0,2335290383260.0,0.018956406679584797,0.023673037277369,58.99441384846752,-0.06932273159898482
2025-08-17,bitcoin,117501.22,0.0013748026839634836,23202714237.0,2339465736068.0,0.009917954291562909,0.023650950037875287,61.089190241067804,-0.06804235406091369
2025-08-18,bitcoin,117542.84,0.0003541463709825284,20906566027.0,2340648324182.0,0.008931955224117804,0.021561432254434174,58.07670103889642,-0.06771224619289343
2025-08-19,bitcoin,116256.41,-0.011004680147746835,47337926941.0,2313556987528.0,0.020461102620852163,0.02182520361997668,52.65533314011223,-0.077915529822335
2025-08-20,bitcoin,112778.34,-0.030373883383352934,46156885037.0,2245419916216.0,0.020556014803139344,0.022812814587995982,47.129400967831224,-0.1055017449238579
2025-08-21,bitcoin,114252.4,0.01298573676931375,42166369117.0,2274471285844.0,0.018538976235680682,0.019304793673079305,48.40276342471425,-0.0938102791878173
2025-08-22,bitcoin,112414.4,-0.016217992985518553,32048202091.0,2238121481750.0,0.014319241539088095,0.013987771809499505,39.25335133710803,-0.10838832487309649
2025-08-23,bitcoin,116834.25,0.038564220577423335,50878158871.0,2326174803321.0,0.02187202732931463,0.022218160313033357,50.2687930330497,-0.07333240799492385
2025-08-24,bitcoin,115359.98,-0.012698763543830474,27306719885.0,2296786080140.0,0.011889100217524623,0.022640641953619204,47.9774620939009,-0.08502553934010156
2025-08-25,bitcoin,113399.55,-0.017140077134494926,40682656777.0,2259663171125.0,0.018003858848018334,0.023214944835559796,39.384411745974795,-0.10057463515228424
2025-08-26,bitcoin,110185.35,-0.028753475259208166,52854872364.0,2194453712376.0,0.02408566289911509,0.02487395031996503,35.85413458291815,-0.126067972715736
2025-08-27,bitcoin,111842.71,0.014929561463680407,43023800053.0,2227025695776.0,0.019318950892485545,0.02385243582531773,36.333633912673335,-0.11292266814720807
2025-08-28,bitcoin,111216.08,-0.005618533557449878,36957904263.0,2215255294290.0,0.016683361217220423,0.02303201688949979,27.83961110881738,-0.11789276649746191
2025-08-29,bitcoin,112525.6,0.011705775634359547,34222495087.0,2239422945687.0,0.015281836400270239,0.022950481283467827,37.75391874600129,-0.10750634517766493
2025-08-30,bitcoin,108480.31,-0.03661206945557329,51702115726.0,2160278651486.0,0.023933077193738616,0.019267740568770755,33.58574966761972,-0.13959144987309646
2025-08-31,bitcoin,108781.96,0.0027768299928914463,27799981331.0,2166165747945.0,0.012833727685599918,0.0198651344321258,33.92904143341525,-0.1371989213197969
2025-09-01,bitcoin,108253.36,-0.004871106188648958,26140904019.0,2155694976690.0,0.012126439177001987,0.019502107029700375,33.17998316817773,-0.14139149746192892
2025-09-02,bitcoin,109162.69,0.008364932600922718,42999610648.0,2174100506466.0,0.019778115372364204,0.017420858684332782,36.97791187512989,-0.1341791719543147
2025-09-03,bitcoin,111190.18,0.018402730301679417,50235464643.0,2212595221503.0,0.02270431760621602,0.018001001989679858,46.920580702905525,-0.11809819162436554
2025-09-04,bitcoin,111711.52,0.004677765585825727,36406080683.0,2225365905592.0,0.01635959308602561,0.017965703200454177,44.884263323287975,-0.11396319796954311
2025-09-05,bitcoin,110724.74,-0.008872532503639832,38708366685.0,2204051936301.0,0.017562365953119594,0.017530611159257605,46.47734162151617,-0.12178981598984767
2025-09-06,bitcoin,110662.18,-0.0005651643888013593,56020470627.0,2204045604631.0,0.025417110475978066,0.008984657185142195,34.275341457138566,-0.12228600888324878
2025-09-07,bitcoin,110209.19,-0.004101850186704961,19340758702.0,2195288669200.0,0.008810120952816696,0.009361587918301714,36.15689385766743,-0.12587888642131978
2025-09-08,bitcoin,111131.99,0.008338306921901836,22147049159.0,2213764479139.0,0.010004248133755249,0.009105986443304202,43.54579786343812,-0.11855972398477153
2025-09-09,bitcoin,112025.13,0.00800462713374384,37159847900.0,2231763512227.0,0.0166504415438352,0.009076517685512922,56.03385396852048,-0.11147580901015225
2025-09-10,bitcoin,111547.44,-0.004273249861655008,45338021458.0,2222026777598.0,0.020403904181123405,0.0066850567251129115,48.95039816405879,-0.11526459390862942
2025-09-11,bitcoin,113975.32,0.021531962463682747,52205187155.0,2270241314653.0,0.02299543525089068,0.010439154226395549,58.69486848855427,-0.09600793147208116
2025-09-12,bitcoin,115503.17,0.013316041743845852,43752917633.0,2299764311656.0,0.019024957214635038,0.009617102652542075,59.255510746086934,-0.08388983185279189
2025-09-13,bitcoin,116160.14,0.005671780837256842,51192951486.0,2314347371940.0,0.022119821815291082,0.00918272434806929,80.24252839434605,-0.07867909263959391
2025-09-14,bitcoin,115970.58,-0.001633218060375997,30063858748.0,2310166037871.0,0.013013722068092653,0.008724550966945396,78.56031555075967,-0.08018258248730963
2025-09-15,bitcoin,115373.56,-0.005161326544502712,26889399415.0,2297459118244.0,0.01170397296799439,0.009868506896643795,78.13552088766653,-0.08491782994923859
2025-09-16,bitcoin,115397.25,0.00020531192903652356,46947581231.0,2297977599505.0,0.020429955993092722,0.00995883347058301,76.4900031951705,-0.08472993337563452
2025-09-17,bitcoin,116762.85,0.011764431098134102,39964451595.0,2325326932461.0,0.01718659472657627,0.009509398349493131,75.08884941026682,-0.0738987151015228
2025-09-18,bitcoin,116455.95,-0.0026318648166498777,54740952295.0,2321583680139.0,0.02357914244629877,0.007279379804430954,71.78056508649453,-0.07633288388324876
2025-09-19,bitcoin,117145.5,0.005903662008538848,43642467075.0,2333705338232.0,0.01870093295842707,0.005961300182014196,80.30318476147316,-0.07086373730964467
2025-09-20,bitcoin,115655.81,-0.012798126722102891,34296721252.0,2303469041669.0,0.014889160927098891,0.00785936861149182,70.7698732170234,-0.08267917195431473
2025-09-21,bitcoin,115715.52,0.0005161400189519037,18774953731.0,2305371926506.0,0.008144002065408657,0.007855243746405479,73.67692777378832,-0.08220558375634515
2025-09-22,bitcoin,115304.48,-0.003558483540327224,18659113982.0,2297332085238.0,0.008122079564333837,0.007712478389872348,68.76745748806471,-0.08546573604060917
2025-09-23,bitcoin,112696.74,-0.02287578740641638,69152342029.0,2245929069311.0,0.030790082809789877,0.011547715672287394,52.6171606178527,-0.10614895304568524
2025-09-24,bitcoin,112022.17,-0.006003696139349047,46154878824.0,2232693472657.0,0.020672286361402642,0.0094200656749776,51.82199255897208,-0.1114992861675127
2025-09-25,bitcoin,113320.57,0.011523906818338587,46677543220.0,2257741194219.0,0.020674443704849325,0.01152757789315391,47.248554204007476,-0.10120106281725882
2025-09-26,bitcoin,108963.53,-0.03920746586678595,74481796351.0,2171950311711.0,0.03429258761095938,0.016619253661584548,27.79783099348981,-0.13575880393401016
2025-09-27,bitcoin,109710.21,0.006829195878429305,55257214021.0,2185866776172.0,0.025279314651448802,0.01775309924103489,28.2349757275166,-0.12983653236040604
2025-09-28,bitcoin,109654.81,-0.0005050942139982833,23294896964.0,2185203231301.0,0.010660288539904347,0.01767991245511216,28.492960921553745,-0.1302759359137056
2025-09-29,bitcoin,112142.57,0.022433667463422586,31274654339.0,2235798877396.0,0.013988134020098042,0.02109141489078788,40.252700502058445,-0.11054433692893395
2025-09-30,bitcoin,114309.15,0.01913561187591052,57833295883.0,2278362523594.0,0.025383711013544474,0.020790918356602395,47.09323137782061,-0.09336016814720817
2025-10-01,bitcoin,114024.23,-0.0024956504202749744,57718901821.0,2272137555069.0,0.025402908240406773,0.02060647464130214,42.23570224053327,-0.09562000317258887
2025-10-02,bitcoin,118503.24,0.03852933230366001,69920179085.0,2359569556068.0,0.029632599261670157,0.02469347230658547,54.69387736385901,-0.06009486040609133
2025-10-03,bitcoin,120611.72,0.01763615836063461,71252850673.0,2399524207992.0,0.02969457463095432,0.014402094335941569,57.46161151968697,-0.04337151015228426
2025-10-04,bitcoin,122250.15,0.013492895013900472,83155430409.0,2436956902845.0,0.03412265120976126,0.014025162085585165,64.10508150323238,-0.030376348350253855
2025-10-05,bitcoin,122380.94,0.001069283650428482,35161626562.0,2438832157553.0,0.01441740320386762,0.013736097850293135,64.21389833342145,-0.02933899111675125
2025-10-06,bitcoin,123506.19,0.009152637270961207,72011486031.0,2461221856764.0,0.0292584294394656,0.013564877983692955,66.97299993170826,-0.02041410215736039
2025-10-07,bitcoin,124773.51,0.010208897520198781,69605991065.0,2486073086655.0,0.027998368768254737,0.013396987526211851,76.4602028953626,-0.010362388959390904
2025-10-08,bitcoin,121518.76,-0.026431519635859563,76087884720.0,2421938444026.0,0.031416110061624335,0.019521196118207695,68.69347867253049,-0.03617734771573608
2025-10-09,bitcoin,123352.5,0.014977456147574085,62576032795.0,2459003621170.0,0.02544771884688245,0.015140427006641297,69.33966683567142,-0.021633090101522843
2025-10-10,bitcoin,121698.03,-0.01350329778486442,72097306669.0,2423288659157.0,0.02975184421243518,0.015625819165736965,77.40537618395442,-0.03475547271573605
2025-10-11,bitcoin,113201.74,-0.07237127584084777,151002213090.0,2265659827790.0,0.0666482281399201,0.03078763892528162,55.63455538309644,-0.10214355964467
2025-10-12,bitcoin,110853.12,-0.020965454866022363,108643865752.0,2211404015103.0,0.04912890860738522,0.030474570976734953,51.80053978178535,-0.12077157360406095
2025-10-13,bitcoin,115189.57,0.038373124158854424,93857100744.0,2294724465037.0,0.04090125074885043,0.0357419112888077,54.33735419970334,-0.08637714149746187
2025-10-14,bitcoin,115222.28,0.00028392637114574743,68935270367.0,2296863527018.0,0.03001278463265866,0.03499764104370632,51.38389808443033,-0.08611770304568529
2025-10-15,bitcoin,113156.57,-0.01809069742966575,91211854989.0,2257545230986.0,0.04040311296405899,0.03453862886312519,48.75235893686937,-0.10250182423857862
2025-10-16,bitcoin,110708.67,-0.02187027847904175,68877328886.0,2207742082237.0,0.03119808669688892,0.03283016885416208,38.09658925179537,-0.1219172747461929
2025-10-17,bitcoin,108076.73,-0.0240607186031096,84773160808.0,2154964541836.0,0.03933854091899556,0.03296809126870312,31.158533890766606,-0.14279243337563455
2025-10-18,bitcoin,106443.61,-0.015226076472365433,94325236795.0,2123017949517.0,0.04442978770691015,0.022312749002568792,26.237241822228313,-0.1557454790609137
2025-10-19,bitcoin,107156.0,0.006670355263289185,34412835720.0,2135575517406.0,0.01611408046192622,0.022244979741148103,27.504960009645202,-0.15009517766497463
2025-10-20,bitcoin,108621.13,0.01358023917447233,45373692612.0,2165367850075.0,0.020954265396721593,0.015015921939843566,28.225826742351074,-0.13847453997461925
2025-10-21,bitcoin,110608.57,0.018131616730687115,60452111148.0,2205571381113.0,0.027408820982023255,0.017960305727212262,29.706773453567948,-0.12271121510152279
2025-10-22,bitcoin,108486.1,-0.01937551834935636,105841401713.0,2162410619418.0,0.048946023832183445,0.018112314584703467,30.70286463253497,-0.13954552664974615
2025-10-23,bitcoin,107618.43,-0.008030138586184562,83996418126.0,2145773248655.0,0.03914505793128426,0.01680189376950701,26.016826254004684,-0.1464274270304569
2025-10-24,bitcoin,110048.52,0.02232944386112144,56192643014.0,2193901841034.0,0.02561310718783847,0.016739701875521963,32.65302536517292,-0.1271532360406091
2025-10-25,bitcoin,110997.8,0.008589021846590092,49120903424.0,2213306367537.0,0.022193449648212266,0.014827898499120822,45.766688230765574,-0.11962404822335022
2025-10-26,bitcoin,111620.31,0.0055926413403890535,23214874411.0,2224861052775.0,0.01043430302402247,0.014825191168651455,51.57826784081012,-0.11468662753807109
2025-10-27,bitcoin,114476.01,0.025262258754842788,42483268634.0,2283691326423.0,0.018602894420299155,0.016415156574737192,48.436824999583756,-0.09203672271573608
2025-10-28,bitcoin,114182.79,-0.0025646960512802734,63764801511.0,2276235094682.0,0.02801327580792274,0.016040656599279227,47.74851773284058,-0.09436238895939092
2025-10-29,bitcoin,112950.35,-0.010852243714593167,66299512352.0,2254003248725.0,0.029414115702585165,0.014132415823766715,49.5366113440563,-0.10413745241116747
2025-10-30,bitcoin,110046.67,-0.026043793083992794,64235327509.0,2194746293755.0,0.029267768986227346,0.018135328277227542,48.54230486702826,-0.1271679092639594
2025-10-31,bitcoin,108240.77,-0.016546450883096933,72648897660.0,2157803742876.0,0.03366798203953937,0.01722620117883358,50.37484507134946,-0.14149135469543145
2025-11-01,bitcoin,109573.91,0.012241201072501645,58800487941.0,2185193896779.0,0.026908590595860885,0.01766307679361667,57.252424116331646,-0.1309175920050761
2025-11-02,bitcoin,110014.14,0.004009604254833339,24938475578.0,2194075979770.0,0.0113662771061439,0.017561830504917084,56.70644660212399,-0.12742592005076142
2025-11-03,bitcoin,110650.21,0.005765061385741137,35098774844.0,2201849942058.0,0.01594058440294722,0.013604621753288625,54.953847295681996,-0.12238094860406086
2025-11-04,bitcoin,106521.09,-0.03803097065793972,75068433318.0,2123664079962.0,0.03534854406886387,0.01837641658273682,40.965505412545205,-0.15513094860406093
2025-11-05,bitcoin,101635.27,-0.04695237314094787,108965721651.0,2026091188341.0,0.053781252432287166,0.023131248931701882,36.50607625723512,-0.19388269352791876
2025-11-06,bitcoin,103877.96,0.021826127985265717,77083907217.0,2073000557934.0,0.03718470162585175,0.026219563569801416,43.01105124124205,-0.17609486040609132
2025-11-07,bitcoin,101322.64,-0.02490686770379287,64118217250.0,2019147576692.0,0.03175509209438066,0.02684392103617483,33.77191546848218,-0.19636230964467005
2025-11-08,bitcoin,103396.08,0.020257169476513483,93627003785.0,2063021740892.0,0.04538343049381437,0.028065909895154652,36.429997486547315,-0.1799168781725888
2025-11-09,bitcoin,102290.14,-0.010753765204825422,51095924202.0,2039995976869.0,0.02504707106355297,0.027537294269851485,33.62709268440945,-0.18868861040609136
2025-11-10,bitcoin,104709.68,0.02337828310939051,59952468438.0,2086419359800.0,0.02873462046659063,0.029958690063860982,32.59527632584904,-0.16949809644670055
2025-11-11,bitcoin,105909.07,0.011389327541410551,67546556820.0,2112747067952.0,0.031970962281574256,0.027382389228306343,35.71660396537345,-0.15998516814720806
2025-11-12,bitcoin,102960.78,-0.02823275675976726,71008299179.0,2053215927641.0,0.0345839413298257,0.022627757415211173,33.71897712311885,-0.18336944796954316
2025-11-13,bitcoin,101521.71,-0.014075471780845715,63332414143.0,2025837265460.0,0.031262340377877944,0.021379945406542658,35.4094412397361,-0.19478339149746188
2025-11-14,bitcoin,99730.45,-0.0178016206494149,100463341916.0,1996168972712.0,0.050328075072477586,0.02032455026382033,35.42719487988077,-0.20899072017766498
2025-11-15,bitcoin,94456.39,-0.05433280008362496,113198323665.0,1891799949910.0,0.05983630757067378,0.02545540932374468,27.191595474263323,-0.25082177982233506
2025-11-16,bitcoin,95508.31,0.011075012904978228,39062120798.0,1905234340632.0,0.020502528200831403,0.027051785623583034,28.511110327616848,-0.24247850571065993
2025-11-17,bitcoin,94411.33,-0.011552172271914442,72645149973.0,1883240679703.0,0.038574543740450974,0.02279897939501747,26.267857330756527,-0.2511791719543147
2025-11-18,bitcoin,92036.73,-0.02547335063119042,95794596045.0,1835458818946.0,0.052191089800646906,0.019804923871375113,27.687754634250965,-0.2700132455583757
2025-11-19,bitcoin,92819.76,0.008471811655303486,103837258806.0,1851234710247.0,0.056090812381184,0.022014912135959682,34.45539547312288,-0.26380266497461935
2025-11-20,bitcoin,91363.28,-0.01581590097035622,82897875507.0,1820062799702.0,0.04554671164125376,0.02201502695474811,27.303248683681716,-0.27535469543147206
2025-11-21,bitcoin,86649.97,-0.052966977248558,99171039191.0,1731258563683.0,0.05728262737371134,0.026333257845446892,25.321228190509018,-0.312738182106599
2025-11-22,bitcoin,85051.8,-0.018616187302048077,135093457122.0,1697723941246.0,0.07957327680897973,0.021631930726466832,18.644443259341926,-0.3254140228426396
2025-11-23,bitcoin,84682.62,-0.004350096841600626,42644968955.0,1690556523056.0,0.02522540262535036,0.019182043877924115,19.126166742883115,-0.3283421637055838
2025-11-24,bitcoin,86783.85,0.02451015864969904,60446592409.0,1732233225777.0,0.03489518126630232,0.024929095940049214,18.213198084758815,-0.31167631662436546
2025-11-25,bitcoin,88229.36,0.016519242991966658,77606296173.0,1761564072532.0,0.04405533547323765,0.02617743895631459,18.920904866524694,-0.30021129441624367
2025-11-26,bitcoin,87310.33,-0.010471003987791133,67956444142.0,1742162762886.0,0.039006943317641554,0.025395219305547112,20.37451592593729,-0.30750055520304564
2025-11-27,bitcoin,90474.23,0.03559627532393846,69690430588.0,1806439309545.0,0.03857889397100941,0.030021371125423593,30.36956983736964,-0.28240617068527923
2025-11-28,bitcoin,91279.06,0.00885634874127858,59295194348.0,1821778517480.0,0.03254797099595887,0.019610116521741758,34.43702414129521,-0.2760226840101523
2025-11-29,bitcoin,90950.38,-0.003607324441322153,62833195067.0,1814919896425.0,0.03462036819959262,0.01692349876398104,42.1060168371471,-0.27862960025380706
2025-11-30,bitcoin,90841.45,-0.0011984038340651184,39253888202.0,1812771321411.0,0.021654076131040124,0.016528470347995494,39.02631036886059,-0.2794935755076142
2025-12-01,bitcoin,90406.28,-0.004801945229365605,40334819410.0,1807818977105.0,0.022311315414218772,0.015951339567039303,40.27997213869494,-0.28294511421319796
2025-12-02,bitcoin,86281.5,-0.04669852738468276,92988982967.0,1723547230445.0,0.053952094450577553,0.024502495192528773,37.126049615631196,-0.3156606916243655
2025-12-03,bitcoin,91344.73,0.05702538433021863,83138039129.0,1824843161126.0,0.04555900523401724,0.03297520634877712,47.2307633963555,-0.2755018242385787
2025-12-04,bitcoin,93619.44,0.02459746326882304,81429135005.0,1868050658598.0,0.04359043189230949,0.03158796450609273,54.109482249242824,-0.25746002538071067
2025-12-05,bitcoin,92140.7,-0.015921297612469507,67878296355.0,1839369557446.0,0.03690302260370685,0.03244499731585904,61.33694580751887,-0.2691886104060914
2025-12-06,bitcoin,89307.09,-0.031235876586141624,50193142877.0,1782798987370.0,0.028154123506119635,0.034746347187710046,58.359595670672824,-0.2916633090101523
2025-12-07,bitcoin,89244.76,-0.000698172575998178,24818678152.0,1781194798200.0,0.013933724810492768,0.03475023580550159,59.071779795964794,-0.29215767766497464
2025-12-08,bitcoin,90162.91,0.010235437712955512,33912893267.0,1799656690089.0,0.018844090349989406,0.035050115127241786,57.05098991720085,-0.28487539657360406
2025-12-09,bitcoin,90618.05,0.0050352754143412415,45466493941.0,1808394676577.0,0.025141908749178998,0.028499028596662465,55.19930800396844,-0.2812654663705583
2025-12-10,bitcoin,92723.21,0.02296539821574235,54575121854.0,1852116289106.0,0.029466358119631313,0.020249149905062103,61.20337652789875,-0.26456844860406087
2025-12-11,bitcoin,92005.14,-0.007774373740995149,52189659396.0,1837321739747.0,0.02840529139071012,0.017815742438443482,53.52556913308274,-0.2702638007614213
2025-12-12,bitcoin,92494.18,0.005301278566370696,53232377699.0,1848922166366.0,0.028791032238867368,0.016931947833066657,52.839630692838846,-0.2663849936548224
2025-12-13,bitcoin,90307.26,-0.023927867757746184,67750393559.0,1803244893515.0,0.03757137691206024,0.014727432174102169,48.617182951047496,-0.2837304885786802
2025-12-14,bitcoin,90257.43,-0.0005519351681105148,35222775785.0,1801496999572.0,0.019551948070614736,0.014723747013267207,48.74105837150266,-0.28412571383248736
2025-12-15,bitcoin,88230.77,-0.022710152307895828,33808538697.0,1761380944797.0,0.019194336578278612,0.01664767012066033,45.61147921216379,-0.3002001110406091
2025-12-16,bitcoin,86413.92,-0.020806994442110056,50630498834.0,1724624039059.0,0.02935741221699851,0.017393001403854674,50.29454890997773,-0.3146104060913706
2025-12-17,bitcoin,87821.89,0.016162012251426907,48317754255.0,1751373602588.0,0.027588490647341597,0.015545348278208462,40.6422825473698,-0.3034431313451777
2025-12-18,bitcoin,86064.95,-0.020208542428500238,48886793508.0,1718491930389.0,0.028447496693763306,0.016242273549332453,29.365417108931197,-0.31737825190355334
2025-12-19,bitcoin,85450.33,-0.0071669723053553675,58649139179.0,1704341132954.0,0.03441161986001481,0.014978667502822134,30.820312029672138,-0.32225309327411167
2025-12-20,bitcoin,88103.86,0.030581074368544302,51932451057.0,1759398134897.0,0.02951716841511843,0.02048570121462183,46.514641789306786,-0.30120669416243656
2025-12-21,bitcoin,88347.94,0.0027665363082351032,17103607835.0,1762805314680.0,0.009702493912723879,0.02060412578523162,47.429278058311226,-0.2992707804568528
2025-12-22,bitcoin,88577.42,0.0025940897188132233,22541294542.0,1768920028842.0,0.012742969820267317,0.018713991748125613,45.26840588291117,-0.29745066624365485
2025-12-23,bitcoin,88491.12,-0.0009747638607430993,41948947368.0,1767081210843.0,0.023739116861520995,0.016283391111457095,43.509699153822424,-0.298135152284264
2025-12-24,bitcoin,87406.44,-0.012333243839072437,46353794742.0,1745209464474.0,0.026560590969503407,0.016120291334524462,32.69840422727799,-0.30673826142131977
2025-12-25,bitcoin,87642.61,0.0026983310483083664,29100645180.0,1749379166231.0,0.01663484151505972,0.013626886675682187,35.343984809585635,-0.30486508565989845
2025-12-26,bitcoin,87229.78,-0.004721508831925487,22773603342.0,1741491085116.0,0.013077071445635944,0.013363713790937613,32.22310469606656,-0.3081394352791878
2025-12-27,bitcoin,87305.96,0.0008729444735804523,47130449136.0,1743187621561.0,0.027036934265168396,0.005567075252088938,38.18024719363085,-0.30753521573604053
2025-12-28,bitcoin,87807.0,0.0057224932671195725,15670944600.0,1753375412209.0,0.008937586606314316,0.006020553695558579,40.68088349497581,-0.303561230964467
2025-12-29,bitcoin,87822.91,0.0001811764299546258,17428479525.0,1753595375313.0,0.009938712071414526,0.005855483271890525,48.168827413802084,-0.3034350412436548
2025-12-30,bitcoin,87156.56,-0.00761635889266357,53957962808.0,1739794323452.0,0.03101398945878827,0.006327771872851153,53.71837597936327,-0.3087201776649746
2025-12-31,bitcoin,88414.63,0.01433141203607253,39734225800.0,1765833387996.0,0.022501684513448562,0.00716152045522423,53.0130599480693,-0.2987418305837563
2026-01-01,bitcoin,87520.18,-0.010168058343597972,37245075349.0,1747837206254.0,0.021309235903510942,0.008389904403791776,58.108314416923214,-0.3058361357868021
2026-01-02,bitcoin,88727.67,0.013702395719397874,21163124465.0,1771365149347.0,0.011947352849750726,0.009545269503953867,67.12914569082297,-0.2962589625634518
2026-01-03,bitcoin,89926.28,0.01341843250062832,50705395176.0,1795890115525.0,0.028234130104990908,0.010347726781835147,61.233363413563666,-0.28675222081218277
2026-01-04,bitcoin,90593.85,0.007396106385883354,23480735293.0,1809211438369.0,0.012978436237484674,0.010407270406674139,63.15685877075097,-0.2814574079949238
2026-01-05,bitcoin,91373.22,0.008566107765816835,31050236623.0,1824986876689.0,0.01701395063143314,0.01031435440043159,65.38686761283955,-0.27527585659898474
2026-01-06,bitcoin,93926.8,0.027563317787134795,59451605755.0,1876558232963.0,0.03168119417276416,0.011290901935346093,73.52639734078925,-0.2550222081218274
2026-01-07,bitcoin,93666.86,-0.002771310782732468,57439451726.0,1870043996457.0,0.030715561684551397,0.012185842305929366,79.1791423212733,-0.2570839149746193
2026-01-08,bitcoin,91257.16,-0.026062989582696,47910812257.0,1822220317807.0,0.026292546400020142,0.01679700808961611,64.0087000400741,-0.2761963832487309
2026-01-09,bitcoin,90983.52,-0.0030030639223842946,48319133568.0,1817249307661.0,0.026589160531964678,0.016702298370727463,64.70682265179948,-0.2783667512690355
2026-01-10,bitcoin,90504.9,-0.0052743983287902125,43664879516.0,1807784901284.0,0.024153802526498874,0.016359185521753056,62.15002043399053,-0.2821629124365483
2026-01-11,bitcoin,90442.02,-0.000695010476344333,13961660357.0,1806483854866.0,0.0077286383265438244,0.016108967800177846,60.35275314351988,-0.2826616434010152
2026-01-12,bitcoin,90819.37,0.004163606437452658,19870776214.0,1814078415941.0,0.010953647890514489,0.01579067105343087,61.447688731793804,-0.27966870241116754
2026-01-13,bitcoin,91134.97,0.003469005647176606,46923085428.0,1820530763451.0,0.02577439852708259,0.010194617436324903,65.61769100257754,-0.277165529822335
2026-01-14,bitcoin,95260.44,0.04427301980483167,66844465447.0,1902289955573.0,0.035138946747403386,0.021076893035627514,71.9356945246397,-0.24444447969543145
2026-01-15,bitcoin,97007.78,0.01817656717291433,68433627981.0,1938292963238.0,0.03530613239532106,0.01743412689704798,78.82514358491989,-0.23058550126903554
2026-01-16,bitcoin,95584.83,-0.014777056014940249,59629891835.0,1909227332523.0,0.031232473377699067,0.01923020547406571,70.56413449115978,-0.24187158946700507
2026-01-17,bitcoin,95516.08,-0.0007195151814399709,37208122952.0,1907673016263.0,0.01950445523671984,0.01881636743780548,67.98200576988901,-0.2424168781725888
2026-01-18,bitcoin,95099.53,-0.004370582903234293,17839431205.0,1899912876486.0,0.009389604873879834,0.019138168854771678,64.73239801356809,-0.24572073286802032
2026-01-19,bitcoin,93752.71,-0.014263456273593881,23132534226.0,1874976961281.0,0.012337503182010118,0.02081504045720505,57.50192790426247,-0.2564029980964467
2026-01-20,bitcoin,92558.46,-0.01282012620891222,43338958369.0,1849232162887.0,0.023436191106118182,0.021840155835583963,45.281540649358,-0.26587515862944155
2026-01-21,bitcoin,88312.84,-0.04695493448853563,60578606229.0,1764030499464.0,0.03434101975414075,0.01967089789539567,35.518356510007266,-0.2995491751269036
2026-01-22,bitcoin,89354.34,0.011724303051276544,62357735673.0,1785123532735.0,0.03493188820241549,0.018180496582229096,44.44183500473786,-0.2912885469543148
2026-01-23,bitcoin,89443.4,0.000996209542307396,39301750756.0,1787014846081.0,0.02199296264504485,0.018711110571765374,45.452247595784705,-0.2905821700507615
2026-01-24,bitcoin,89412.4,-0.00034664797351187084,43393369571.0,1786292506432.0,0.024292420986345264,0.01874073656084288,46.686409699887285,-0.29082804568527926
2026-01-25,bitcoin,89170.87,-0.0027049582782178554,16537403155.0,1781979789713.0,0.00928035393581173,0.018826113981165567,46.185891684904796,-0.2927437341370559
2026-01-26,bitcoin,86548.32,-0.029851546055210294,39912523619.0,1731460015137.0,0.023051368943014235,0.020383023443443036,38.70629790380133,-0.31354441624365476
2026-01-27,bitcoin,88307.86,0.020126247682282328,50644433647.0,1764540020524.0,0.02870120997990205,0.02356236990838072,43.054783758407254,-0.299588673857868
2026-01-28,bitcoin,89204.22,0.010099229513073156,43778458931.0,1782508769730.0,0.024560024429855234,0.015966920986662966,32.3163873481501,-0.2924792195431472
2026-01-29,bitcoin,89162.1,-0.0004722864807988588,45893249753.0,1781310220302.0,0.0257637604219322,0.015308847509988387,24.557741948036764,-0.29281329314720805
2026-01-30,bitcoin,84570.41,-0.05287161956590519,70962598615.0,1689639802554.0,0.04199865468825689,0.025009657779515953,20.37117737126451,-0.3292321541878172
2026-01-31,bitcoin,84141.78,-0.005081208681143901,79515463846.0,1680807873674.0,0.0473078839595098,0.024831471799861116,19.98425098774382,-0.3326318210659899
2026-02-01,bitcoin,78725.86,-0.06653154212579039,78488542273.0,1573735495563.0,0.04987403696128803,0.0327332807086877,15.812105189089536,-0.37558803934010154
2025-02-16,ethereum,2692.82,-0.011758348224335595,8896321415.0,324625278432.0,0.02740489421517287,0.02575206414309847,28.539225422045703,-0.45556150867864253
2025-02-17,ethereum,2659.9,-0.012300443538158711,8757895115.0,320529173059.0,0.027323238728687978,0.026393161181000217,36.959541140461454,-0.4622173249360601
2025-02-18,ethereum,2741.91,0.030366229742358773,24666373348.0,330464530099.0,0.07464151550730873,0.028508801313956555,41.95362826828344,-0.4456364169387694
2025-02-19,ethereum,2669.49,-0.026767314913099003,24353300612.0,321688672384.0,0.07570456376819339,0.029322941764248236,45.4526793847101,-0.46027840397893277
2025-02-20,ethereum,2714.8,0.01683084291623273,13398586821.0,327248168187.0,0.04094319884273156,0.02248059918840624,45.11044267437807,-0.45111755845573737
2025-02-21,ethereum,2741.59,0.009819758219037009,14550027649.0,330517520397.0,0.04402195572423297,0.020624151522334575,53.937577955871625,-0.4457011150311865
2025-02-22,ethereum,2658.35,-0.030832414490882202,31770375573.0,320508273452.0,0.09912497805694866,0.022991863519768847,52.43192017169775,-0.46253070632120585
2025-02-23,ethereum,2764.36,0.03910351386878631,17576653979.0,333381856894.0,0.05272228711770768,0.027541216255514905,57.93443431106729,-0.4410974413926264
2025-02-24,ethereum,2827.18,0.02247060497691025,21394599890.0,340712999974.0,0.06279361190102119,0.02729937187047357,61.17131181413287,-0.42839639712497857
2025-02-25,ethereum,2503.1,-0.12174978471221179,31014455209.0,301769340440.0,0.10277536864341101,0.05434091145386067,43.26755062185218,-0.493919390220479
2025-02-26,ethereum,2495.32,-0.003112986216761164,42875934003.0,301064649481.0,0.1424143753739041,0.05407823494255115,45.182872834282946,-0.49549236259237167
2025-02-27,ethereum,2325.85,-0.07033141386742728,28109120497.0,280668025121.0,0.10015077593851938,0.05692742439300641,32.22089376375388,-0.5297560679734333
2025-02-28,ethereum,2305.32,-0.008866068178702814,89259450650.0,277936135131.0,0.3211509385345998,0.055604458817722906,33.37850815390554,-0.5339068549650732
2025-03-01,ethereum,2235.2,-0.030888785925654447,32905594283.0,269516471615.0,0.12209121797203222,0.05560548895426589,28.444092130180124,-0.548083824465988
2025-03-02,ethereum,2212.82,-0.010062989310561538,16103021679.0,266823935338.0,0.06035073899424147,0.04889302886943591,28.683341031015743,-0.5526086473044146
2025-03-03,ethereum,2517.34,0.1289350682666692,37907412347.0,303306117780.0,0.1249807047231924,0.07704177562432872,44.89939033116753,-0.4910403251079144
2025-03-04,ethereum,2148.2,-0.15857250629485847,33501080617.0,259111889994.0,0.12929194649375508,0.08613934361609067,32.37841399493058,-0.5656736183419092
2025-03-05,ethereum,2171.5,0.01078789081092999,35524086283.0,261805780843.0,0.1356887008706012,0.08680079740625993,34.77551070321434,-0.5609627884877832
2025-03-06,ethereum,2241.38,0.03167357460868408,22236307932.0,270490243838.0,0.082207430539778,0.08546692094255941,35.740876835777016,-0.5468343425561812
2025-03-07,ethereum,2202.32,-0.01758039742506647,19895800679.0,265270135615.0,0.07500203757529564,0.08559115476490244,33.876687017514485,-0.5547315534618534
2025-03-08,ethereum,2140.75,-0.028355115252192642,21716710066.0,257899503840.0,0.08420609478749899,0.08547625541215462,34.321422945973126,-0.5671798708059967
2025-03-09,ethereum,2200.0,0.027301125440105805,11257666716.0,265129957013.0,0.04246093818605345,0.0863545955018477,32.40663383003927,-0.555200614631878
2025-03-10,ethereum,2017.27,-0.08671224817939456,17577023964.0,243298514477.0,0.07224468263517338,0.06908457065021333,26.508141848579612,-0.5921452472174766
2025-03-11,ethereum,1879.12,-0.07094153003543258,36577317615.0,226713493940.0,0.16133718809291622,0.04649593303919308,29.71298150700966,-0.6200766268032066
2025-03-12,ethereum,1921.31,0.022203662901774477,30046602112.0,232024934656.0,0.12949729802336576,0.0478987359199378,31.746051936983633,-0.6115465876810788
2025-03-13,ethereum,1910.66,-0.005558512943019908,24499314731.0,230443739230.0,0.1063136486713048,0.04338434240319681,35.31309472433091,-0.6136998210693382
2025-03-14,ethereum,1862.79,-0.025373368259351804,19212414462.0,224658866952.0,0.08551816682181021,0.04332784597377525,34.64301330501593,-0.6233782513318709
2025-03-15,ethereum,1910.67,0.025378602039213743,12949972214.0,230476916425.0,0.0561877189909996,0.04701411227836338,38.56136813833651,-0.6136977992539501
2025-03-16,ethereum,1939.79,0.015125753905321681,6944891086.0,233970291611.0,0.029682790230251135,0.045329693856226726,40.422083616897375,-0.6078102728439866
2025-03-17,ethereum,1887.76,-0.027188778794399734,9486242392.0,227688957214.0,0.041663164116844204,0.03460134267011428,23.159564127487613,-0.6183297783079427
2025-03-18,ethereum,1929.18,0.021704101168461474,11251166846.0,232725366276.0,0.048345253575223554,0.02292058174818694,37.04177020470953,-0.6099554189706937
2025-03-19,ethereum,1932.8,0.0018746865909156148,10887619567.0,233152161416.0,0.04669748502813082,0.02143323027739051,35.54069443434858,-0.6092235218002244
2025-03-20,ethereum,2060.73,0.06409056020132947,20374739989.0,248434080718.0,0.08201266078355639,0.031678994352245256,39.7761101112658,-0.5833584375410681
2025-03-21,ethereum,1980.83,-0.03954434017043893,14303790086.0,238984217654.0,0.059852446435224214,0.03468609433999413,38.01863011327367,-0.5995127424914831
2025-03-22,ethereum,1964.53,-0.008262917828134514,9890112887.0,236980043536.0,0.04173394830817295,0.03433130944665243,39.976565344011654,-0.6028083015739834
2025-03-23,ethereum,1979.54,0.007611463521783315,6195605845.0,238753335161.0,0.02594981904994994,0.034040650595463115,36.79563967417346,-0.5997735566765399
2025-03-24,ethereum,2001.05,0.010807548312762792,7991413703.0,241404254258.0,0.033103864418475425,0.031368002585059215,48.79598562902699,-0.5954246317768724
2025-03-25,ethereum,2077.74,0.03760872174518776,15676451248.0,250648654236.0,0.06254352849323391,0.03303049372077686,66.22394301770893,-0.5799193295660174
2025-03-26,ethereum,2068.6,-0.0044087145792822595,12563169733.0,249404519198.0,0.050372662746444516,0.033390481973118405,62.71780613742726,-0.5817672688306831
2025-03-27,ethereum,2009.88,-0.02879703116532412,14024859855.0,242347645800.0,0.05787083183211182,0.025757553310787336,57.91051439869886,-0.5936393687892358
2025-03-28,ethereum,2003.3,-0.0032791979907723754,12136188059.0,241580699763.0,0.05023657962290062,0.020407154160750833,61.99197746863532,-0.5949697233145641
2025-03-29,ethereum,1896.92,-0.05456430259213998,18419487648.0,228784244898.0,0.08051029762216384,0.029582258929406587,48.93303328936137,-0.6164777954125009
2025-03-30,ethereum,1829.27,-0.036314538048429344,12924117065.0,220262156019.0,0.05867606718552757,0.031081343828824565,41.90780224929709,-0.6301553765125707
2025-03-31,ethereum,1805.34,-0.013168040467668363,10056531345.0,217784813539.0,0.04617645822764918,0.029523921466045145,43.70628302635999,-0.634993580736143
2025-04-01,ethereum,1824.21,0.01039807690672351,17022367814.0,219908040559.0,0.07740675498144417,0.02242665431093933,41.69843253246444,-0.6311784150989174
2025-04-02,ethereum,1907.17,0.044473451295450744,15899367804.0,230031614722.0,0.06911818544253083,0.03279308619647968,48.19905279874082,-0.614405434639763
2025-04-03,ethereum,1795.76,-0.060192137238253174,23450470661.0,216667567217.0,0.10823249165627798,0.037364213527299864,30.938781382634346,-0.6369304798778823
2025-04-04,ethereum,1818.28,0.01246266863651991,16999031833.0,219762279056.0,0.07735190909932406,0.03871330327287126,37.2543792243637,-0.6323773516240233
2025-04-05,ethereum,1814.48,-0.0020920740076295105,19459233591.0,218925876284.0,0.08888503232827832,0.0343484658366993,37.999264200137574,-0.6331456414714772
2025-04-06,ethereum,1809.94,-0.0025052297330256075,6780827628.0,217957146410.0,0.031110829535474647,0.03170790538294641,36.20465267610217,-0.634063545657646
2025-04-07,ethereum,1574.63,-0.13927337151251665,23485484227.0,190295586491.0,0.123415811475537,0.0613751725775846,24.26554013277007,-0.6816388835535427
2025-04-08,ethereum,1555.91,-0.011959740578100826,49416724297.0,188565143893.0,0.26206712055458764,0.06012703314931527,16.138242508403323,-0.6854237219599478
2025-04-09,ethereum,1471.36,-0.055873440313775447,22451028357.0,177496121146.0,0.1264874308917029,0.052971565215974556,14.69962408681468,-0.7025181710658001
2025-04-10,ethereum,1662.53,0.12215339534521803,41589589715.0,200623016237.0,0.20730218543753415,0.07842240248017394,32.24889870092703,-0.6638671262926983
2025-04-11,ethereum,1523.93,-0.08704801404681414,20486375929.0,183947227079.0,0.11137094184193218,0.0823773043920946,28.4147296944372,-0.6918894875708899
2025-04-12,ethereum,1568.13,0.028591302203760792,14195085225.0,189185664204.0,0.07503256277226882,0.0845999349232732,34.31689610104654,-0.6829530635557667
2025-04-13,ethereum,1645.86,0.04837921730472676,11756571644.0,198696438259.0,0.0591685072314953,0.08853309258106552,41.33476958547118,-0.6672374925445559
2025-04-14,ethereum,1595.42,-0.031126019502081662,13775001677.0,192382635780.0,0.07160210494648,0.07055251888774272,40.324662155933716,-0.677435529361814
2025-04-15,ethereum,1621.54,0.016239290520343397,15415724740.0,195686083639.0,0.07877782851660926,0.07043596297884193,40.72083291364106,-0.6721545475682615
2025-04-16,ethereum,1587.82,-0.02101430870338981,11786525215.0,191837036865.0,0.06144030061981431,0.06646054034340629,34.68830010644112,-0.6789721090567221
2025-04-17,ethereum,1577.71,-0.006387577672581986,13120084886.0,190419833063.0,0.06890083178289128,0.044830364959281305,38.420443320977554,-0.6810161644140273
2025-04-18,ethereum,1583.48,0.003650528065541268,9437178721.0,191135638825.0,0.04937424950686718,0.027917655058149637,37.30508877787149,-0.67984957693513
2025-04-19,ethereum,1589.15,0.0035743254250040516,5254078677.0,191865697061.0,0.027384148169693756,0.0260008590405674,37.841687800140285,-0.6787032076101132
2025-04-20,ethereum,1615.05,0.016166633855346668,5148626529.0,194945047366.0,0.026410655713318534,0.018034197517607823,39.72109998839674,-0.6734667057550975
2025-04-21,ethereum,1585.46,-0.018491329904181127,6695768150.0,191374869502.0,0.034987708508561643,0.01511018295692067,50.72949925231378,-0.6794492574882988
2025-04-22,ethereum,1577.45,-0.0050649668336839515,15275062279.0,190376888818.0,0.08023590664727658,0.01309508374119024,51.47215615517099,-0.6810687316141164
2025-04-23,ethereum,1759.71,0.10933940353643701,24271980431.0,212582611840.0,0.1141766968658202,0.04309222974158301,67.38535373632868,-0.6442191243517554
2025-04-24,ethereum,1793.97,0.019282018342486162,22099177231.0,216572719915.0,0.10204044738263175,0.04208057071621031,59.77423480769804,-0.637292384832341
2025-04-25,ethereum,1769.39,-0.013796186670900644,12923295610.0,213593284214.0,0.06050422258151195,0.043586118615152616,71.98044272512361,-0.6422620070561357
2025-04-26,ethereum,1788.8,0.01091014956078688,15656748329.0,215954892518.0,0.07250008622840068,0.04332896461880725,70.67863635511745,-0.6383376633879561
2025-04-27,ethereum,1821.27,0.017989055957110093,10293614896.0,219830529459.0,0.046825229058640984,0.043329253011581664,67.96092646065003,-0.6317728288230002
2025-04-28,ethereum,1793.69,-0.015259109446757057,9632458065.0,216533502206.0,0.04448483937527655,0.042901028363572576,71.29874315178861,-0.637348995663206
2025-04-29,ethereum,1799.5,0.0032338980479522145,16777384306.0,217264115050.0,0.0772211476439123,0.042279545388885564,69.98921687558973,-0.6361743209227566
2025-04-30,ethereum,1796.97,-0.0014069353656988822,13994558644.0,216596941730.0,0.06461106298280511,0.014067271832795433,75.26271288803001,-0.6366858402159299
2025-05-01,ethereum,1794.05,-0.0016262792429806707,13644627083.0,216623334477.0,0.06298779914888956,0.01211675664278407,76.59307699872163,-0.6372762103092366
2025-05-02,ethereum,1838.85,0.024664742298707035,14310565589.0,221969602980.0,0.06447083473086816,0.013460429878378052,78.64241010341195,-0.6282184773708313
2025-05-03,ethereum,1841.43,0.0014020674636960838,11686301446.0,222269022299.0,0.052577283712884615,0.013302396806527126,78.49333634515475,-0.6276968490007176
2025-05-04,ethereum,1834.5,-0.003770478877472229,6704990479.0,221494950784.0,0.030271527433321267,0.012006739014015354,75.89502749392304,-0.6290979670646274
2025-05-05,ethereum,1808.16,-0.014462211183496073,7479845749.0,218216268631.0,0.03427721404973839,0.011828969642253629,76.48164003044141,-0.6344234287967166
2025-05-06,ethereum,1820.0,0.0065267474590003345,10545233503.0,219769896301.0,0.0479830662911043,0.011990129529195082,78.58169734392308,-0.6320295993772809
2025-05-07,ethereum,1816.17,-0.0021066129561618176,11950393737.0,219305875805.0,0.05449189946750866,0.01202242445940771,61.48121034651052,-0.632803954670899
2025-05-08,ethereum,1810.32,-0.003226262901194127,47111217119.0,218569578701.0,0.2155433404730466,0.012107083834308202,53.75913919161262,-0.6339867166729006
2025-05-09,ethereum,2197.56,0.1938440287273725,35992825075.0,264994998216.0,0.13582454505674066,0.07452231986384818,86.90293554892868,-0.555693937586559
2025-05-10,ethereum,2341.41,0.06340565804459887,44566779462.0,282636716534.0,0.15768220070105013,0.07487051568011736,89.21611763203089,-0.526610123229648
2025-05-11,ethereum,2583.68,0.09846142723906479,29947910159.0,312095621694.0,0.09595748250631657,0.07616276640983433,91.69045353631462,-0.47762760182367753
2025-05-12,ethereum,2507.47,-0.02994046256767823,26138286410.0,302727255564.0,0.08634269273608258,0.07849846800388958,87.0602284527518,-0.4930358568959069
2025-05-13,ethereum,2492.43,-0.006016138467977948,31524626115.0,300976824863.0,0.10474104153816335,0.07970248248299602,85.6361149110807,-0.49607666723951443
2025-05-14,ethereum,2676.64,0.07130413839410553,32279895882.0,322977150438.0,0.09994482841347806,0.07727660593866771,88.1169241968611,-0.45883280597648635
2025-05-15,ethereum,2603.72,-0.027621084917660778,28150234191.0,314022060127.0,0.08964412939528897,0.08082977504511561,83.07718704806726,-0.47357588378605153
2025-05-16,ethereum,2542.3,-0.02387200857019976,26211434558.0,306933361056.0,0.08539780253218458,0.054819544722454004,78.3528008190048,-0.4859938738993742
2025-05-17,ethereum,2544.39,0.0008217525021616666,21130441535.0,307619694636.0,0.06869014534327268,0.051732680226888934,78.3442469597755,-0.48557131448327456
2025-05-18,ethereum,2475.05,-0.027630337778337025,17185510891.0,298789831687.0,0.05751705402412368,0.03617142884722202,74.59019540097512,-0.4995905823839225
2025-05-19,ethereum,2465.34,-0.0039308688192719295,24797434472.0,296863390804.0,0.0835314667963628,0.03462132521624712,75.55489881943042,-0.5015537651257064
2025-05-20,ethereum,2526.99,0.02469914211912644,25363871275.0,305077067863.0,0.08313922594270531,0.036008325496959016,76.4665363910664,-0.48908927325845886
2025-05-21,ethereum,2524.27,-0.0010769591202578986,22871462735.0,304737250158.0,0.07505305873548973,0.01929087823202664,76.53013817702248,-0.4896392070440048
2025-05-22,ethereum,2558.95,0.013645106087995176,32697477528.0,308934701950.0,0.10583944542847755,0.018725461327459083,77.45553232845567,-0.4826275512782928
2025-05-23,ethereum,2657.17,0.03766462856104305,29592612077.0,320733890913.0,0.09226531063730674,0.02127826331273414,71.39054108141822,-0.4627692805369942
2025-05-24,ethereum,2519.81,-0.05307814480998085,30047329192.0,304038733414.0,0.09882730681911339,0.03108787368211363,58.35331135750676,-0.49054093670706933
2025-05-25,ethereum,2529.44,0.0038144325102890575,10744994421.0,305369227833.0,0.03518689324805252,0.028855415502859628,46.7528735632184,-0.48859392848838973
2025-05-26,ethereum,2546.62,0.006769055369351298,13814697850.0,307423642894.0,0.044937005234705785,0.02870356902660717,52.52199904660063,-0.48512044965174234
2025-05-27,ethereum,2562.17,0.006087565948710909,13350148034.0,309319360638.0,0.0431597556857226,0.027365988161495304,54.48962249575116,-0.4819765267233449
2025-05-28,ethereum,2662.09,0.03825697288364085,26434151855.0,321357595435.0,0.08225774722771957,0.030494318203235445,48.949291584222784,-0.46177454736608
2025-05-29,ethereum,2676.27,0.00531250546977907,18008588586.0,323119009777.0,0.05573360910714784,0.03038117549470241,55.724769194350216,-0.45890761314584366
2025-05-30,ethereum,2633.14,-0.01624698364908841,27021441336.0,317891224563.0,0.08500216189718966,0.027864885619959513,57.38104524180965,-0.46762770291444694
2025-05-31,ethereum,2524.48,-0.04214194946354655,22927149330.0,304659964725.0,0.07525488080028858,0.024592226962524,48.62105744324243,-0.48959674892085603
2025-06-01,ethereum,2532.36,0.0031165733454971228,13006751258.0,305718505779.0,0.04254486075305632,0.02457684720308857,54.33857707390191,-0.4880035583950829
2025-06-02,ethereum,2538.33,0.0023547102104320467,11338340571.0,306561765778.0,0.03698550124874601,0.024435371995209614,55.55707825133615,-0.4867965346084249
2025-06-03,ethereum,2609.74,0.02774421503375866,15623967732.0,314999579354.0,0.04959996379690911,0.026672024388633333,56.207895092199436,-0.47235875092245333
2025-06-04,ethereum,2595.47,-0.00548298176250542,15955008730.0,313315832347.0,0.05092308489642391,0.02156940049622104,55.25042770338032,-0.475243881481182
2025-06-05,ethereum,2610.34,0.005712863297900597,16809606446.0,315159803383.0,0.053336771585594675,0.02159754792896001,53.9036506996035,-0.47223744199917106
2025-06-06,ethereum,2421.6,-0.07505200232429901,25849573160.0,292341916401.0,0.08842239757552461,0.0347718067313696,34.26911519198664,-0.5103971856329799
2025-06-07,ethereum,2481.4,0.024394438301262263,18395107930.0,299560106674.0,0.06140706829837894,0.03423757188848795,47.13866416364965,-0.4983067296125191
2025-06-08,ethereum,2526.29,0.017928906329377613,9535426815.0,304953508465.0,0.03126846076635448,0.0350867986196509,49.777054285512065,-0.4892308003356214
2025-06-09,ethereum,2508.78,-0.006955244152611609,10206893116.0,302870081038.0,0.033700565869757795,0.03514390804145502,47.323070828263404,-0.492770999080074
2025-06-10,ethereum,2685.0,0.06788414875742775,19485734665.0,324315565109.0,0.06008263790376818,0.043114581576806664,57.07994697100697,-0.45714256831208744
2025-06-11,ethereum,2808.5,0.04496980502952233,38281210144.0,339012253954.0,0.11291984197478099,0.045409176722399976,58.21577275737068,-0.4321731482698315
2025-06-12,ethereum,2776.14,-0.011589059340799788,27369030838.0,334990282503.0,0.08170096945350915,0.04622556033238833,55.49213053090045,-0.438715742865519
2025-06-13,ethereum,2653.16,-0.04531009122841198,26068993570.0,320595535563.0,0.08131427508564666,0.037840346660945004,51.01207206842861,-0.463580028507597
2025-06-14,ethereum,2577.05,-0.029106048533236485,38576471746.0,311111352118.0,0.12399570598558071,0.04047730366342136,52.748010998316815,-0.47896806542594594
2025-06-15,ethereum,2534.07,-0.016818628061106736,12077031034.0,306048481935.0,0.03946116954295162,0.040814427008982274,50.08622341444722,-0.48765782796372864
2025-06-16,ethereum,2547.85,0.005423160448505731,11678912430.0,307537228689.0,0.03797560535934468,0.04070867186896771,50.47627624021933,-0.4848717663590138
2025-06-17,ethereum,2561.33,0.00527678855653447,24222149649.0,309982828016.0,0.07814029507386053,0.02909534242198301,47.42907518932757,-0.48214635921594
2025-06-18,ethereum,2514.99,-0.01825782743117932,25926506708.0,303697873490.0,0.08536940483007266,0.018107796201768892,45.866715970253495,-0.49151545172410316
2025-06-19,ethereum,2521.33,0.0025177126747466436,17800721253.0,304290652058.0,0.0584990736081076,0.019390082183266485,45.388226272758345,-0.4902336207680877
2025-06-20,ethereum,2522.18,0.0003370668475118926,10392473841.0,304481216643.0,0.034131740392987955,0.01390992962259892,56.47116349692462,-0.4900617664601046
2025-06-21,ethereum,2405.7,-0.047282685423959386,20482816663.0,290401843920.0,0.07053266737742414,0.01931873899927077,45.460650979827754,-0.5136118720999586
2025-06-22,ethereum,2270.58,-0.05780561603396904,16155611765.0,273839538572.0,0.05899663667725704,0.026621344350496814,36.16362750933391,-0.5409306416231134
2025-06-23,ethereum,2227.43,-0.01918685096070513,28181442532.0,268777741291.0,0.10485035850304489,0.024941223822597936,35.18727163600752,-0.5496547750224927
2025-06-24,ethereum,2423.9,0.08452935872639926,25494295400.0,292612668627.0,0.08712642388186602,0.04653995615724557,36.540404561106875,-0.5099321680937313
2025-06-25,ethereum,2446.54,0.009296968270296982,19669025069.0,295402538890.0,0.06658380507800651,0.04668083033175071,29.17568002945643,-0.5053547780552158
2025-06-26,ethereum,2417.23,-0.012052525018615621,15513055665.0,291827501115.0,0.053158306210787154,0.04666962726826601,29.278431463113293,-0.511280718957552
2025-06-27,ethereum,2415.03,-0.0009105470947344976,16271811389.0,291547094716.0,0.05581194834011498,0.04664366310505673,34.02348205300237,-0.5117255183429201
2025-06-28,ethereum,2423.03,0.0033071137155524593,13100825618.0,292419308272.0,0.04480150676580491,0.04299406884005909,38.627167203237136,-0.5101080660324906
2025-06-29,ethereum,2437.13,0.0058022943928827675,5787313891.0,294208600645.0,0.01967078419295814,0.03433820267380372,42.52306173448924,-0.5072573063353585
2025-06-30,ethereum,2502.67,0.026537044471829536,10236257919.0,302158279316.0,0.033877138637974646,0.03211266863517484,46.772949344304465,-0.49400632828216456
2025-07-01,ethereum,2488.19,-0.005802623447250974,16306915985.0,300388851494.0,0.05428602261334494,0.012363377895803312,44.78331573992183,-0.49693391696404204
2025-07-02,ethereum,2405.1,-0.033964055785762726,12933967032.0,290294455719.0,0.044554647108106867,0.01844110910773852,42.552557029968696,-0.5137331810232408
2025-07-03,ethereum,2574.07,0.06789682109647345,21862573614.0,310930535640.0,0.07031336941223687,0.03157599792654797,52.928698356286105,-0.47957056641158097
2025-07-04,ethereum,2590.13,0.0062197636706586195,19823369643.0,312621047413.0,0.06341022079940631,0.0313176800063507,53.71064099343608,-0.4763235308983937
2025-07-05,ethereum,2509.24,-0.03172814905273718,16377116416.0,302827514360.0,0.054080675101836874,0.03513269351464313,55.88282084498079,-0.49267799557222436
2025-07-06,ethereum,2517.38,0.0032387596895806703,6801276942.0,304028836773.0,0.022370499503236607,0.035136229881458446,66.38691171783702,-0.49103223784636224
2025-07-07,ethereum,2571.36,0.021216263679768952,9051659016.0,310345645223.0,0.029166379987371493,0.03463728759004105,72.51233848691531,-0.48011847838173893
2025-07-08,ethereum,2543.63,-0.01084274716977842,15947822897.0,307013209349.0,0.05194507080270663,0.03492302826420767,60.05914674104817,-0.48572497245276536
2025-07-09,ethereum,2615.78,0.02797013755035754,14750377129.0,315738597830.0,0.04671705401359228,0.03164530475581624,63.12670637875404,-0.47113757442807896
2025-07-10,ethereum,2772.58,0.05821596245105663,26626246774.0,335050165488.0,0.07946943328685994,0.028886396434702557,73.0110214601168,-0.43943550914366014
2025-07-11,ethereum,2948.45,0.061501313889238685,39308824585.0,355346738000.0,0.1106210368110935,0.034497103155195476,78.19940790864872,-0.40387784191425485
2025-07-12,ethereum,2958.85,0.0035210707920298205,42455550665.0,357144054435.0,0.11887514334282971,0.027879444469810666,78.25458763973842,-0.40177515391069646
2025-07-13,ethereum,2942.96,-0.005384801745782068,17472135947.0,355216449019.0,0.049187294099844577,0.029090551398077393,76.6229118201244,-0.4049878185622871
2025-07-14,ethereum,2974.27,0.010582753150443413,18605172049.0,359110100026.0,0.05180910268926706,0.029433038979065483,75.74910456888266,-0.3986575145823435
2025-07-15,ethereum,3012.18,0.012665438372019241,41336421998.0,363606274490.0,0.11368456734136156,0.026407153092835416,77.89584642085198,-0.3909928124462956
2025-07-16,ethereum,3133.07,0.039349285414676215,43416230284.0,378233206916.0,0.1147869343308138,0.02702431700367441,87.25575492072589,-0.36655108622031723
2025-07-17,ethereum,3368.13,0.0723443396871125,54882159731.0,406599729411.0,0.13497834789635066,0.030192572773581988,88.06323580166429,-0.31902629370912144
2025-07-18,ethereum,3481.88,0.03321468358981362,45678965281.0,420347293649.0,0.10866958339249598,0.026610203791538913,89.08544228898023,-0.29602814367020147
2025-07-19,ethereum,3547.32,0.018620011007218995,72535524454.0,427841866747.0,0.16953816372742492,0.02527506048189634,96.12376923897203,-0.28279738377088787
2025-07-20,ethereum,3594.32,0.013162432875117645,27017909119.0,433877664506.0,0.0622707996498547,0.022236794050350124,96.25315672834098,-0.27329485144711435
2025-07-21,ethereum,3758.61,0.04469438651978177,55175056732.0,453825859015.0,0.12157759553797558,0.021360295618426256,96.57745451121626,-0.24007844643705584
2025-07-22,ethereum,3765.45,0.0018181678201045234,47245582311.0,454513156114.0,0.10394766724673195,0.023413069734415395,98.73245054243779,-0.23869552471163866
2025-07-23,ethereum,3746.94,-0.004927869148937004,52357062545.0,452355960898.0,0.11574305872097437,0.02679720520638072,97.13323777459252,-0.24243790499489493
2025-07-24,ethereum,3630.05,-0.03169308458651521,47655045408.0,438111570683.0,0.10877376585536766,0.025336437139823424,86.95832076203615,-0.26607090506565845
2025-07-25,ethereum,3708.43,0.021362184173594725,47332291813.0,447620332488.0,0.10574205052284774,0.023938373949015584,85.76174521909354,-0.25022391605422517
2025-07-26,ethereum,3723.05,0.003934618369768698,48622472830.0,449379722345.0,0.10819908067118195,0.023596367279841098,85.81806933013371,-0.2472680219569151
2025-07-27,ethereum,3742.43,0.0051919082319627505,25352434515.0,451746443518.0,0.05612093881153006,0.023435980045995713,87.34898670428959,-0.24334974373489962
2025-07-28,ethereum,3864.12,0.03199883870676157,26045280361.0,466077664312.0,0.05588184621429287,0.020187680477669993,88.33412312066517,-0.21874627227787835
2025-07-29,ethereum,3786.3,-0.020344682818110554,38743589826.0,457680388921.0,0.08465206454954205,0.02221482769161669,82.2399546878124,-0.2344800396275816
2025-07-30,ethereum,3788.6,0.0006072687614838426,34923369444.0,457213828532.0,0.07638301220269357,0.022075502059543294,80.29335378984634,-0.23401502208833316
2025-07-31,ethereum,3807.42,0.004955236692221021,28710848450.0,459449027043.0,0.06248973609712953,0.01651474261613501,75.37107412241696,-0.23020996552804765
2025-08-01,ethereum,3696.66,-0.02952208513823298,31312115687.0,446264222707.0,0.07016496975057383,0.019896825377105267,62.447550826436704,-0.2526035927659446
2025-08-02,ethereum,3483.18,-0.05948403963094576,42431734230.0,420327732498.0,0.10094916644645116,0.02962546885174292,46.82720275430854,-0.2957653076697567
2025-08-03,ethereum,3397.49,-0.024908745936945184,28164675445.0,410229849340.0,0.06865584132971517,0.02931812037274138,40.62240940665286,-0.3130902437298451
2025-08-04,ethereum,3497.57,0.0290315179550033,18338718249.0,422223994717.0,0.043433624044251,0.028556894316553495,36.7527353185961,-0.29285591532637156
2025-08-05,ethereum,3715.71,0.060501335348902625,28536476595.0,448517239894.0,0.06362403505770291,0.03980769937184635,47.921541753025345,-0.24875203445173424
2025-08-06,ethereum,3612.44,-0.02818633269796441,29411744198.0,436373875222.0,0.06740033230228809,0.040883484999794266,44.75150625917022,-0.2696313219639915
2025-08-07,ethereum,3684.05,0.019629246201004955,23256150905.0,444737780082.0,0.05229182665954772,0.04194911517130226,52.184395327012076,-0.2551531019702591
2025-08-08,ethereum,3911.26,0.05984688221999055,31981627911.0,471838906505.0,0.06778081983084855,0.04649114425478364,57.323070035454606,-0.20921543453867225
2025-08-09,ethereum,4012.98,0.025674534744643675,37861934037.0,484483868122.0,0.07814900872502492,0.03577800995933859,59.84836647486022,-0.18864952841156077
2025-08-10,ethereum,4265.56,0.061039366144229855,37686735735.0,514414914903.0,0.07326135895983178,0.032283965578593164,65.33952626424346,-0.1375825153405242
2025-08-11,ethereum,4253.59,-0.0028101413585043646,26481154882.0,513073639262.0,0.05161277613110318,0.03498521883925228,62.2056473095365,-0.14000262836000446
2025-08-12,ethereum,4228.82,-0.005840337924658292,43010572111.0,510225780029.0,0.08429713627671927,0.03366030363539839,64.34517634854768,-0.145010665076172
2025-08-13,ethereum,4606.81,0.08561264918364955,52840297701.0,556502855392.0,0.09495063176949803,0.03482655357085183,71.32876976575655,-0.06858806522376437
2025-08-14,ethereum,4763.65,0.03347853760551256,58870844449.0,575091067506.0,0.10236786445719885,0.03421329908204122,73.25337652168412,-0.0368779126777935
2025-08-15,ethereum,4554.29,-0.04494453522483208,66924319529.0,551514703070.0,0.1213463923200353,0.04394625678326132,69.90128601992843,-0.07920663964173436
2025-08-16,ethereum,4430.53,-0.02755043016804068,50038927771.0,534578587192.0,0.09360443715832552,0.04760508485627553,72.9383677402796,-0.1042286268840793
2025-08-17,ethereum,4426.83,-0.0008354634372355193,21104759591.0,534150282400.0,0.0395109022430426,0.042963824125833064,75.95410993444276,-0.10497669857765292
2025-08-18,ethereum,4487.12,0.013527318273293662,28100356151.0,541923097742.0,0.05185303277916027,0.04289342825603391,75.46173599353645,-0.09278717360317836
2025-08-19,ethereum,4317.28,-0.038585496236721153,43935703176.0,520793172158.0,0.0843630552872737,0.04626134882598638,65.87331324442849,-0.1271256861535974
2025-08-20,ethereum,4074.5,-0.05787753454827515,41626342123.0,491872355111.0,0.08462834247638547,0.0335865991280695,61.35606217005338,-0.17621132014435764
2025-08-21,ethereum,4330.49,0.06093265980598812,39857177023.0,523004794309.0,0.07620805288345352,0.04126299613654955,64.56733369388859,-0.12445486802600063
2025-08-22,ethereum,4224.44,-0.024793991938469075,21703206732.0,509951239221.0,0.042559376392836606,0.039372995862080096,57.46505596765888,-0.1458962202161322
2025-08-23,ethereum,4829.23,0.13380032702020458,61856673933.0,582817007170.0,0.10613395486408177,0.06607028509988576,65.69283003487507,-0.023618847363047403
2025-08-24,ethereum,4773.88,-0.011527643219309543,27814037595.0,576242312916.0,0.04826795424697406,0.06654670914216465,60.5746667332368,-0.034809595535831635
2025-08-25,ethereum,4778.11,0.0008856793770744191,41157770218.0,577227233252.0,0.07130254403646918,0.06663127787572738,60.94693080217385,-0.03395436762669211
2025-08-26,ethereum,4381.63,-0.0866242695457415,48217069691.0,529509245850.0,0.09105992023538526,0.07437072833134933,52.76084482104465,-0.11411530413157976
2025-08-27,ethereum,4602.37,0.04915058692955938,35263906282.0,555061696727.0,0.06353150738005996,0.07090268122666053,49.914949046050104,-0.06948575125605287
2025-08-28,ethereum,4500.15,-0.022460658653379786,35898825608.0,543608856125.0,0.06603797050676682,0.06935895155041424,44.844614529774056,-0.0901527481525663
2025-08-29,ethereum,4507.56,0.0016452576007651718,29189873860.0,543249516158.0,0.0537319831712659,0.06814419102535466,49.00727811933058,-0.08865458295003079
2025-08-30,ethereum,4364.36,-0.032284429460802906,38006835596.0,526830870964.0,0.07214238513862094,0.041107941861198774,48.60581440918304,-0.11760697930671961
2025-08-31,ethereum,4373.36,0.0020600346961923153,19199178188.0,527539496668.0,0.03639382133331099,0.04158745318893527,48.87591081286763,-0.11578734545748638
2025-09-01,ethereum,4388.93,0.0035538692253748077,22269795531.0,529740073153.0,0.04203909928590208,0.041742720470423156,47.8962140852313,-0.11263937889831277
2025-09-02,ethereum,4303.2,-0.0197265296386979,31725195639.0,519534784997.0,0.06106462272623996,0.026847277626607907,49.687047129635395,-0.12997240221995338
2025-09-03,ethereum,4325.86,0.0052520325707486335,32990260980.0,521450862215.0,0.0632662890609964,0.015462987950570991,56.19290240561341,-0.12539096855066173
2025-09-04,ethereum,4449.87,0.02826391772063634,30818352471.0,537549763927.0,0.05733116176232788,0.01940532124333694,53.145817522556705,-0.10031843592361588
2025-09-05,ethereum,4298.09,-0.034704144295120004,29893273380.0,519319443328.0,0.05756239972151309,0.022933327963765165,51.895099245048044,-0.13100554988324017
2025-09-06,ethereum,4306.61,0.001980313731882698,37950930495.0,519830732357.0,0.0730063232755095,0.02006403865524241,30.599153611997934,-0.1292829631726328
2025-09-07,ethereum,4273.11,-0.0078091523368234135,14497961323.0,515852185189.0,0.028104875270981315,0.020085889988769527,31.103731934643974,-0.13605604472255647
2025-09-08,ethereum,4304.03,0.007209893727194273,14920604280.0,519663340480.0,0.02871205859204579,0.020340126154454293,32.46408332963442,-0.12980459154274632
2025-09-09,ethereum,4309.69,0.0013141826794006905,26393884730.0,519912892077.0,0.050765974708876845,0.018925732985534304,46.256712317362506,-0.12866024403311746
2025-09-10,ethereum,4309.34,-8.121563567870537e-05,28408982228.0,520461727067.0,0.05458419082627926,0.01879608120852222,30.214846123722268,-0.12873100757169864
2025-09-11,ethereum,4347.48,0.008811606751557215,34848418446.0,524803924739.0,0.0664027397724419,0.014850533285162846,38.715352206371506,-0.12101980368172595
2025-09-12,ethereum,4459.32,0.025399921149388074,33593064569.0,538261336998.0,0.0624103242420416,0.010389815198732649,46.91117713349038,-0.09840782038192102
2025-09-13,ethereum,4708.84,0.05444530515417523,39138140053.0,567724477218.0,0.06893861657117063,0.021066637203428388,69.41388638412988,-0.04795948281962375
2025-09-14,ethereum,4667.7,-0.00877514818736698,30452117452.0,563397805740.0,0.05405082721613086,0.021226360814613047,66.00822329062154,-0.0562772313260077
2025-09-15,ethereum,4609.79,-0.012484142181244735,23827529567.0,556354045428.0,0.04282799732078809,0.02326945150974553,61.48302969802844,-0.06798556423812946
2025-09-16,ethereum,4524.24,-0.018732695581015486,33863743707.0,545926863107.0,0.06202981753686448,0.025604926498650517,61.49453978159127,-0.08528219488278534
2025-09-17,ethereum,4504.27,-0.004423771489940444,28053763147.0,543407922913.0,0.051625605671361235,0.025854793027478812,59.30372023654327,-0.08931976021269493
2025-09-18,ethereum,4591.77,0.01923973490016153,41727122822.0,554600592896.0,0.0752381504031763,0.026318545595283724,57.69272470996426,-0.0716288755673719
2025-09-19,ethereum,4590.64,-0.0002461227511523217,29381752919.0,554210013388.0,0.05301555765725576,0.02522407933115063,68.95613296183507,-0.07185734070622009
2025-09-20,ethereum,4470.48,-0.02652366249297849,28156319659.0,539242810184.0,0.05221454811681684,0.014671925145155296,59.276115432077795,-0.09615147440887185
2025-09-21,ethereum,4481.8,0.002528966036193699,14314030981.0,540941822331.0,0.02646131319504689,0.015113470079075503,62.117499506451,-0.09386277938961393
2025-09-22,ethereum,4452.87,-0.006475919335426525,15910684641.0,537406899904.0,0.029606401860196092,0.014839112657403817,58.6623521743179,-0.0997118913072048
2025-09-23,ethereum,4199.95,-0.058476211654931096,52988093950.0,507148578276.0,0.10448238685816223,0.02506932500363333,45.040582801569094,-0.15084764610143456
2025-09-24,ethereum,4166.19,-0.008070671360589022,29902684712.0,503209949445.0,0.05942387416023918,0.02495660782153673,43.72033444757366,-0.15767329485144724
2025-09-25,ethereum,4148.66,-0.004216558560330662,29988924905.0,500734284408.0,0.05988989737432263,0.021537198831871524,41.1176039600422,-0.1612175372266759
2025-09-26,ethereum,3863.06,-0.07132577500213991,63461265827.0,466825639887.0,0.13594211715183738,0.029119707628747382,26.94169876405715,-0.21896058470901025
2025-09-27,ethereum,4037.1,0.044066996899972365,43443403794.0,486889364203.0,0.08922643825895328,0.038932836537600976,22.412235309578975,-0.18377290969561574
2025-09-28,ethereum,4018.17,-0.0047000373289822475,17011629273.0,485207355886.0,0.03506053456658003,0.038497215498932806,22.828696925329453,-0.1876002062251696
2025-09-29,ethereum,4141.84,0.03031355844100346,21656522952.0,499628731251.0,0.04334523136364699,0.042276171774615116,31.445428664324652,-0.16259641532131702
2025-09-30,ethereum,4215.61,0.01765416867091088,34604598515.0,508909498092.0,0.06799754896448057,0.037333797563985936,37.64719066945238,-0.14768148320376875
2025-10-01,ethereum,4144.23,-0.01707729686889179,34013325290.0,500218841768.0,0.06799688946098371,0.03783155998970816,36.15912166318119,-0.1621132014435763
2025-10-02,ethereum,4343.95,0.04706706708897021,42741046619.0,524308225825.0,0.08151893202084877,0.04180632473065505,41.229845844598884,-0.12173350451370292
2025-10-03,ethereum,4484.01,0.031733662922598264,41104321433.0,540553843152.0,0.07604112329184153,0.0242710188755718,46.56429027123515,-0.09341595818885777
2025-10-04,ethereum,4515.76,0.0070557651405725435,45970576945.0,545075315730.0,0.0843380274585233,0.02244594682206163,51.54710328144435,-0.08699669433184055
2025-10-05,ethereum,4487.71,-0.006230951122800258,20597928708.0,541611848323.0,0.03803079414118735,0.02268748741045558,50.19964732350973,-0.09266788649528414
2025-10-06,ethereum,4515.32,0.006133509842167373,40355486904.0,545075062110.0,0.07403656800548321,0.02193560537923178,52.1115236105194,-0.08708565420891427
2025-10-07,ethereum,4689.13,0.03777100496562221,41164885083.0,566339901683.0,0.07268582870581738,0.023972071271856684,67.4747085048011,-0.05194448094944452
2025-10-08,ethereum,4454.33,-0.05137040738905973,49804861779.0,537522914210.0,0.09265625792381045,0.03334234276590152,59.00032485381579,-0.0994167062605514
2025-10-09,ethereum,4527.58,0.016310923619435865,36623453163.0,546454608030.0,0.06702011955765115,0.0294956910839778,61.437782231774165,-0.08460690854318097
2025-10-10,ethereum,4368.65,-0.03573354351964087,42731695439.0,527213250875.0,0.08105201333251676,0.030653121790493034,66.5250331749217,-0.11673962050525177
2025-10-11,ethereum,3835.63,-0.1301203391664809,90784076986.0,463578765353.0,0.19583312215966345,0.055990326086544084,44.66657842488419,-0.2245064243183955
2025-10-12,ethereum,3749.22,-0.02278587938157431,54140013164.0,453043143809.0,0.11950299635662309,0.055495642595009935,43.12580831497319,-0.24197693108642257
2025-10-13,ethereum,4159.73,0.10390234997335299,57642806542.0,501175375997.0,0.11501524077740213,0.07404223920180251,50.398783809689384,-0.15897938759211908
2025-10-14,ethereum,4246.22,0.020579007089623333,46426992105.0,512317800005.0,0.09062146992461885,0.07239386618227381,50.678476276603774,-0.14149270630098765
2025-10-15,ethereum,4128.89,-0.028020569694347002,62876294834.0,498801738231.0,0.12605468268212283,0.07091720212890687,49.666773831970616,-0.16521466624882478
2025-10-16,ethereum,3983.15,-0.035935642170328554,44806571765.0,480502921991.0,0.09324932214634742,0.070330572602401,41.97423212442611,-0.1946806037140749
2025-10-17,ethereum,3890.2,-0.02361239335516529,44673230679.0,469582926617.0,0.09513384781861174,0.06997820072780091,36.50830436461955,-0.2134733777458781
2025-10-18,ethereum,3831.24,-0.015272059605669078,52519500425.0,462727285554.0,0.1134998995404411,0.04933813001490462,34.63727523273455,-0.22539400127374376
2025-10-19,ethereum,3889.5,0.015092104079906203,19845543405.0,469204461223.0,0.04229615241353803,0.0485137647021837,36.75395359754127,-0.21361490482304063
2025-10-20,ethereum,3985.08,0.02427677265828942,29233928200.0,480734836102.0,0.060810921124503835,0.025315032491965445,38.60208766831182,-0.1942903933441838
2025-10-21,ethereum,3978.79,-0.0015796343506170015,35767064768.0,480395580827.0,0.07445335926368654,0.022665706016040975,33.54567018142062,-0.195562115223259
2025-10-22,ethereum,3877.49,-0.025789715888435424,46069514674.0,467810730089.0,0.09847896106452149,0.022372283650948108,35.75717770688685,-0.216043105104073
2025-10-23,ethereum,3801.79,-0.019716028630472223,41712359614.0,458856134706.0,0.09090509303253862,0.01980742757326785,32.10109150813577,-0.23134824759151246
2025-10-24,ethereum,3855.84,0.014116873658018536,32116755773.0,465361564940.0,0.06901462903826378,0.019556490237078346,36.66356321420586,-0.22042033541917289
2025-10-25,ethereum,3933.23,0.019872089160499887,30026152397.0,474759372126.0,0.0632449913785612,0.019870580404888927,53.32660740579156,-0.2047735061311552
2025-10-26,ethereum,3952.21,0.0048139448537132075,12389144281.0,477319399731.0,0.0259556688623636,0.019263535923843216,57.25207748315506,-0.20093610052466113
2025-10-27,ethereum,4161.59,0.051622296661721724,25813518444.0,502918445053.0,0.0513274442365693,0.026045517046666487,50.07760347129508,-0.1586033299299441
2025-10-28,ethereum,4123.21,-0.009265226573650143,36948961061.0,497221249585.0,0.07431090503842912,0.026584123717297098,44.65308748228708,-0.16636305738922982
2025-10-29,ethereum,3982.31,-0.03476993327546555,35659878226.0,481161348045.0,0.074112100589312,0.028472480258574785,43.756495663878134,-0.19485043620667
2025-10-30,ethereum,3897.36,-0.021562652095489472,33522381292.0,470349941762.0,0.07127115008544539,0.028734141182624538,46.146244171525595,-0.2120257579280436
2025-10-31,ethereum,3802.3,-0.024693254050437253,36685058456.0,458793317252.0,0.07995987970297769,0.03006798398591229,46.05893219031907,-0.23124513500672253
2025-11-01,ethereum,3847.3,0.011765456781061062,32814597904.0,464417354244.0,0.07065756179033644,0.029229703093147354,50.72919126060189,-0.2221469657605564
2025-11-02,ethereum,3872.21,0.006453799907398533,12518543683.0,467387016349.0,0.02678410662921014,0.029310680922379716,49.19044452976486,-0.21711062362895647
2025-11-03,ethereum,3910.09,0.009734988154352668,15511617608.0,471549372393.0,0.03289500212731121,0.01866020424644417,46.288248512626595,-0.2094519869390726
2025-11-04,ethereum,3600.72,-0.08242656617044934,47914058740.0,434149656995.0,0.11036300033412628,0.033490838747735535,35.6055587283457,-0.2720008895987708
2025-11-05,ethereum,3296.74,-0.08819972405402135,68784285691.0,397489340792.0,0.17304686851211376,0.04247307435632243,30.845091791837362,-0.33346003376431704
2025-11-06,ethereum,3427.69,0.03895246349700488,44374527843.0,413918683596.0,0.10720590686433278,0.04936181902829275,38.0949350169936,-0.30698436125797357
2025-11-07,ethereum,3308.92,-0.03526471274886002,33880974986.0,399007356777.0,0.08491315864367793,0.04974862284109201,33.28381930435846,-0.330997462621688
2025-11-08,ethereum,3434.35,0.03720582707964142,38972602141.0,414691375368.0,0.09397977497461923,0.05324968466302109,35.187120681259415,-0.305637832209541
2025-11-09,ethereum,3401.46,-0.00962292802252055,20876971422.0,410599145958.0,0.05084514088135852,0.05244942421833267,33.7809582707542,-0.3122875830207944
2025-11-10,ethereum,3576.25,0.05011001416620799,25994213654.0,431294295578.0,0.06027024683728728,0.05800041145193457,32.40383343554225,-0.2769482718532971
2025-11-11,ethereum,3564.61,-0.003260114414648522,31866555692.0,430271977433.0,0.07406142478093897,0.04920042184175915,32.933297484907,-0.27930166496497205
2025-11-12,ethereum,3416.78,-0.04235606386965612,36501187500.0,411969837332.0,0.08860160184636107,0.037351301526519,32.79442635918343,-0.3091901618463218
2025-11-13,ethereum,3409.61,-0.0021006718446093006,31722707430.0,411695018306.0,0.0770539016005812,0.03424560658986938,34.42360139748479,-0.3106398034795443
2025-11-14,ethereum,3235.73,-0.05234335587919086,47957135381.0,392354946592.0,0.12222895568809895,0.03756177406380058,32.77368667489617,-0.34579512944673024
2025-11-15,ethereum,3106.6,-0.040725678802408426,45035057857.0,376914348603.0,0.1194835325954517,0.03505704424954414,28.57539540211266,-0.37190283155245096
2025-11-16,ethereum,3170.11,0.020237407030934833,19159039394.0,382460593691.0,0.050094152731141484,0.03745943263454004,30.135467004674013,-0.3590622820230285
2025-11-17,ethereum,3101.69,-0.021819163367612315,30332766568.0,374435480317.0,0.0810093278081448,0.026449975434924583,27.516464934140274,-0.3728955429079771
2025-11-18,ethereum,3021.3,-0.026259921894920654,39723178401.0,364584346775.0,0.10895470074998806,0.025381887367023223,31.53278343681079,-0.3891489168124058
2025-11-19,ethereum,3117.22,0.03125437664098654,40531057647.0,375944681644.0,0.10781122762465568,0.030962624389247722,43.40349226879887,-0.3697556636103558
2025-11-20,ethereum,3017.75,-0.03243005838195865,39173261740.0,363582387252.0,0.10774246254356898,0.031285956232877055,34.57991032469681,-0.389866661275159
2025-11-21,ethereum,2832.07,-0.06350362755897443,41625324785.0,342850824588.0,0.12140943465724689,0.03356254457858028,32.92268022776922,-0.4274077294002285
2025-11-22,ethereum,2764.74,-0.02406129503689308,49920072209.0,333838550170.0,0.14953357598629424,0.03233620455668664,24.97813983035013,-0.4410206124078811
2025-11-23,ethereum,2768.62,0.0014024031098323357,15277324087.0,334406681066.0,0.04568486502213393,0.029405599977783237,25.828087758968394,-0.44023614803732275
2025-11-24,ethereum,2799.81,0.011202556622836831,20170660685.0,338053142179.0,0.059667129715125035,0.03151563865672793,16.68897583745195,-0.4339301058420356
2025-11-25,ethereum,2953.33,0.053381789544170374,32699089921.0,357075035363.0,0.09157484193135577,0.03988173826488053,26.620873236850954,-0.4028911960048928
2025-11-26,ethereum,2955.05,0.0005822239086138569,23359001753.0,356667974212.0,0.06549228818373144,0.03704281566000829,30.118583202004814,-0.40254344375815043
2025-11-27,ethereum,3027.48,0.024215019123952127,21096541004.0,365169111972.0,0.05777197553778211,0.03690971391540632,34.421551281319566,-0.38789943490259904
2025-11-28,ethereum,3015.61,-0.003928458873058863,16563145331.0,364039549665.0,0.04549820300086048,0.024477411248873298,39.660485128609814,-0.39029932976819887
2025-11-29,ethereum,3033.14,0.005796255120137839,20184482703.0,366085841852.0,0.05513592823171817,0.019943581624267685,46.1452889196734,-0.3867550873929702
2025-11-30,ethereum,2991.23,-0.013913712509612836,12634811465.0,361028197396.0,0.03499674417713498,0.022173703354733044,40.39580783025148,-0.3952285156842329
2025-12-01,ethereum,2992.83,0.0005347540091938141,11969903297.0,361717332403.0,0.033091870985225494,0.022525114683593833,43.7034380639489,-0.394905025222147
2025-12-02,ethereum,2799.04,-0.06694292680994432,37491168510.0,338070271128.0,0.11089756098608597,0.0285764309375824,38.635155035588625,-0.4340857856269144
2025-12-03,ethereum,2995.75,0.06791811633113583,27518473791.0,362328288750.0,0.07594900714469814,0.040613562894174886,44.36924617338662,-0.39431465512884023
2025-12-04,ethereum,3195.41,0.0645207875246025,30631265956.0,385765592436.0,0.0794038311259754,0.046697122579765854,57.5355016032982,-0.35394708909129513
2025-12-05,ethereum,3133.7,-0.01950099006710278,27914236368.0,378383036981.0,0.07377243068483981,0.047704182773565404,64.29729345404559,-0.36642371185087097
2025-12-06,ethereum,3022.66,-0.036077176621254335,27606937715.0,365052689721.0,0.07562452898538904,0.050218149572762376,61.73900378677542,-0.38887394991963287
2025-12-07,ethereum,3039.36,0.005509728521830899,11344831476.0,366786121381.0,0.03093037281041375,0.04988863113495363,62.18035235473017,-0.38549751822161116
2025-12-08,ethereum,3052.98,0.004471195859209972,19363787895.0,368370755428.0,0.05256602922374155,0.04988786145370475,61.572850860752794,-0.3827438056631049
2025-12-09,ethereum,3125.32,0.02341851514806747,25795397175.0,377375140776.0,0.06835478649165042,0.03941165501710661,58.49224297127284,-0.3681179931460458
2025-12-10,ethereum,3322.47,0.06117180427328332,34333058806.0,401258190141.0,0.08556350910603357,0.03797985660569397,65.20702614108569,-0.32825790277089806
2025-12-11,ethereum,3326.26,0.0011400674746925156,31463676852.0,401626272711.0,0.07834068383927777,0.031074696612835833,63.111056502431076,-0.32749163473883197
2025-12-12,ethereum,3236.1,-0.02747964862646247,29805046871.0,390987823734.0,0.07623011526639564,0.03227759062317823,59.05346921680859,-0.34572032227737287
2025-12-13,ethereum,3085.32,-0.047713521374603406,25083388430.0,372579486046.0,0.06732358964847333,0.03491330724734288,51.931219281103814,-0.3762052546981935
2025-12-14,ethereum,3115.23,0.009647606096983749,10086309657.0,375945831930.0,0.026829156757024616,0.03499916603929933,54.63045946107427,-0.3701580048725751
2025-12-15,ethereum,3065.49,-0.016095559685037033,17335964454.0,369527922358.0,0.04691381464052087,0.035761203212982214,52.61913344387571,-0.3802145146126708
2025-12-16,ethereum,2964.49,-0.033502415195229875,30596317990.0,357786162656.0,0.08551565483379911,0.03617276842027684,56.391436363776826,-0.4006348500318437
2025-12-17,ethereum,2964.26,-7.758802449588936e-05,25164041191.0,357203725063.0,0.07044730898750236,0.021009361277354817,48.565807092172754,-0.4006813517857684
2025-12-18,ethereum,2827.8,-0.04712839870937033,26836168119.0,341276921876.0,0.07863458206163348,0.022218685890865612,32.23471192600255,-0.4282710445709202
2025-12-19,ethereum,2826.59,-0.00042798604923606053,30216518963.0,340860880537.0,0.08864765858550916,0.023654940799552725,34.23670352006408,-0.4285156842328727
2025-12-20,ethereum,2976.8,0.05177785992390863,28622463846.0,359446094628.0,0.07962936382887154,0.03212895726999697,47.73709661502024,-0.3981459952891701
2025-12-21,ethereum,2977.16,0.00012092792038855227,9046978664.0,359186900440.0,0.025187384765194807,0.03159675713859065,46.880516770983775,-0.39807320993520084
2025-12-22,ethereum,3001.6,0.008175653859104109,11543764853.0,362519624877.0,0.03184314464883579,0.03169678604324474,47.450832522971275,-0.3931318931268386
2025-12-23,ethereum,3005.79,0.0013949487812301622,21151887765.0,362935746892.0,0.0582799791592153,0.028704466018467503,43.63951768249203,-0.39228475247925115
2025-12-24,ethereum,2965.19,-0.013599317270055094,23108092257.0,357776430596.0,0.06458807870184602,0.029314231782419684,27.187515962609197,-0.40049332295468104
2025-12-25,ethereum,2945.99,-0.006496187739395844,14559942619.0,355561429533.0,0.040949162112783884,0.02136025956348911,26.188180190108795,-0.404375208499712
2025-12-26,ethereum,2904.25,-0.01426974219010051,11886240841.0,350482502400.0,0.03391393510262725,0.022640554431942177,27.87873131841026,-0.41281426592937803
2025-12-27,ethereum,2926.7,0.00770032702424842,19054108852.0,353065144653.0,0.05396768596550868,0.009288951506101989,37.24386399459577,-0.4082752903832352
2025-12-28,ethereum,2948.86,0.007543146550625978,7543851649.0,355905880031.0,0.021196198411621965,0.010022612749328665,36.45173374159189,-0.40379494748334527
2025-12-29,ethereum,2947.86,-0.0003391716105178801,9618433975.0,355840750171.0,0.027030164393419927,0.009150561880180073,39.594869526758096,-0.40399712902214896
2025-12-30,ethereum,2934.22,-0.0046378235076766664,28073445244.0,354107974761.0,0.07927933637458394,0.008996495509259328,46.832953190064664,-0.4067548852114314
2025-12-31,ethereum,2970.06,0.012140494762625345,18029693561.0,358439004175.0,0.05030059047981675,0.009404355668610566,50.56475170399218,-0.39950869886070706
2026-01-01,ethereum,2966.77,-0.0011083357066948127,16641494487.0,358047402286.0,0.04647846732234398,0.008972236750147902,68.26966055793649,-0.4001738761233712
2026-01-02,ethereum,3000.42,0.01127845994496686,10247591868.0,362099985542.0,0.028300448155669372,0.006608487081437175,71.05652058046851,-0.39337046734262693
2026-01-03,ethereum,3121.9,0.03968951196170104,25946903013.0,376770956000.0,0.06886651584948603,0.01491118706272412,68.89126132694508,-0.3688094540087545
2026-01-04,ethereum,3126.04,0.0013252369920028284,12643882377.0,377099111945.0,0.03352933479950521,0.015210193594839482,69.19447166211127,-0.3679724224381072
2026-01-05,ethereum,3139.06,0.004156364222043958,14200482273.0,378922486584.0,0.037475955573441584,0.014874072668254648,68.25982996811899,-0.36534001880288314
2026-01-06,ethereum,3228.3,0.028032290847547076,29465114560.0,389933475562.0,0.07556446523995605,0.015014695428892768,74.10987105861955,-0.3472973382800416
2026-01-07,ethereum,3295.1,0.02048083361528624,28511408891.0,397608381235.0,0.0717072633188504,0.015205133806765383,83.82651491848657,-0.33379161148795505
2026-01-08,ethereum,3164.79,-0.04034981382367233,22954348982.0,381974224306.0,0.060093973680305834,0.02568550321052622,68.27109359342643,-0.36013788780946415
2026-01-09,ethereum,3104.22,-0.01932422658590661,21609631691.0,374637574706.0,0.05768143173561366,0.027796445006758833,66.18954322446928,-0.37238402361480377
2026-01-10,ethereum,3083.14,-0.006813917910401798,19574607997.0,372149000811.0,0.052598846038394126,0.02327362925582608,62.69351854857031,-0.3766460104527856
2026-01-11,ethereum,3082.97,-5.514011266203986e-05,5878919562.0,372186920089.0,0.015795610336317545,0.023248721271979328,61.284351177153596,-0.37668038131438225
2026-01-12,ethereum,3119.36,0.01173443449963234,10976584244.0,376488796662.0,0.02915514177664744,0.02375315621605624,63.619325942632045,-0.3693229951173158
2026-01-13,ethereum,3090.28,-0.009366150883490323,21435545247.0,373050228025.0,0.05746021215556929,0.020083634689840132,62.09654915821787,-0.3752024342657272
2026-01-14,ethereum,3319.94,0.07168500878483014,35290013881.0,400762250133.0,0.08805723061313382,0.03512850308273184,70.85399580392905,-0.32876942206407134
2026-01-15,ethereum,3356.5,0.010952053920734329,34009585603.0,405103415124.0,0.0839528484167181,0.030027335596835705,72.34306025339677,-0.3213776650054084
2026-01-16,ethereum,3318.2,-0.011476297169551297,29777568896.0,400452010716.0,0.07435989356816643,0.028946658215926003,68.12157846715327,-0.3291212179415898
2026-01-17,ethereum,3296.06,-0.006694651462086171,24378384071.0,397812097503.0,0.06128115314747601,0.028935472652269298,61.200576235433324,-0.3335975172107035
2026-01-18,ethereum,3306.87,0.0032743069085723795,11391111157.0,399282930966.0,0.028528920906889414,0.02877840268194521,61.530613546223194,-0.33141193477623565
2026-01-19,ethereum,3284.32,-0.006842493686872342,14974443678.0,396399594663.0,0.03777613266918337,0.02944236387658268,59.15127384522341,-0.3359711284762588
2026-01-20,ethereum,3185.66,-0.030500140079904942,29820379989.0,384410444147.0,0.07757432307847643,0.03238056885627661,47.345220899536756,-0.3559183590946311
2026-01-21,ethereum,2935.62,-0.08174081432397275,34750583223.0,354099948267.0,0.09813778113516473,0.031100804461388964,31.77670532889934,-0.4064718310571062
2026-01-22,ethereum,2976.05,0.013678243322123898,37121407320.0,359040539116.0,0.10339057369788177,0.03153165942486097,39.47280353397887,-0.3982976314432729
2026-01-23,ethereum,2948.28,-0.009374968440950225,22312421297.0,355853612997.0,0.06270112338915076,0.03160499405279789,40.971932749756874,-0.40391221277585143
2026-01-24,ethereum,2950.91,0.0008916478954721302,22825744038.0,356101993294.0,0.06409889432760048,0.032138269389075505,42.177498550621756,-0.4033804753287978
2026-01-25,ethereum,2949.2,-0.0005796502261413065,9410994743.0,356007725633.0,0.026434804824155906,0.03178810707308155,42.100787736350426,-0.4037262057601521
2026-01-26,ethereum,2814.19,-0.04685947117537144,23388699485.0,339890716408.0,0.06881241044819987,0.03335257200485128,33.859417147088365,-0.4310227353140385
2026-01-27,ethereum,2927.84,0.03959047383925316,31319240379.0,353726198245.0,0.08854091253175281,0.040214840983707104,42.1139505981047,-0.4080448034289989
2026-01-28,ethereum,3021.09,0.0313527436233197,28728856610.0,364796970142.0,0.07875300224894158,0.028590976547846845,33.27662812951169,-0.3891913749355546
2026-01-29,ethereum,3006.81,-0.004737977310048506,23451982503.0,362995505293.0,0.06460681237380668,0.028409430795780694,29.931246628330058,-0.3920785273096714
2026-01-30,ethereum,2818.82,-0.06456135844712863,37820864892.0,340223818598.0,0.11116465933470752,0.03796909081994511,25.542647807859595,-0.43008663478937736
2026-01-31,ethereum,2702.41,-0.04217439018438429,41803190280.0,326260413678.0,0.12812829423203426,0.040021495372751445,23.383459320833225,-0.4536225877215152
2026-02-01,ethereum,2443.93,-0.100536568151022,48591221288.0,294721167713.0,0.1648718402721525,0.05128012960068678,18.34084205274202,-0.5058824718714935
