timestamp,price,volume,coin
2017-01-01,998.3250122070312,147775008,btc
2017-01-02,1021.75,222184992,btc
2017-01-03,1043.8399658203125,185168000,btc
2017-01-04,1154.72998046875,344945984,btc
2017-01-05,1013.3800048828125,510199008,btc
2017-01-06,902.2009887695312,351876000,btc
2017-01-07,908.5850219726562,279550016,btc
2017-01-08,911.198974609375,158715008,btc
2017-01-09,902.8280029296875,141876992,btc
2017-01-10,907.6790161132812,115808000,btc
2017-01-11,777.7570190429688,310928992,btc
2017-01-12,804.833984375,222326000,btc
2017-01-13,823.9840087890625,168968000,btc
2017-01-14,818.4119873046875,93063296,btc
2017-01-15,821.7979736328125,71013600,btc
2017-01-16,831.5339965820312,82755200,btc
2017-01-17,907.93798828125,155095008,btc
2017-01-18,886.6179809570312,225676992,btc
2017-01-19,899.072998046875,105625000,btc
2017-01-20,895.0260009765625,86728400,btc
2017-01-21,921.7890014648438,111158000,btc
2017-01-22,924.6729736328125,116573000,btc
2017-01-23,921.0120239257812,73588600,btc
2017-01-24,892.68701171875,111349000,btc
2017-01-25,901.5419921875,120831000,btc
2017-01-26,917.5859985351562,131958000,btc
2017-01-27,919.75,125594000,btc
2017-01-28,921.5900268554688,68979600,btc
2017-01-29,919.4959716796875,60851700,btc
2017-01-30,920.3820190429688,78227296,btc
2017-01-31,970.4030151367188,164582000,btc
2017-02-01,989.0230102539062,150110000,btc
2017-02-02,1011.7999877929688,145820992,btc
2017-02-03,1029.9100341796875,201278000,btc
2017-02-04,1042.9000244140625,155064000,btc
2017-02-05,1027.3399658203125,114208000,btc
2017-02-06,1038.1500244140625,111762000,btc
2017-02-07,1061.3499755859375,146007008,btc
2017-02-08,1063.0699462890625,201855008,btc
2017-02-09,994.3829956054688,407220000,btc
2017-02-10,988.6740112304688,190452000,btc
2017-02-11,1004.4500122070312,102261000,btc
2017-02-12,999.1810302734375,67530000,btc
2017-02-13,990.6420288085938,100607000,btc
2017-02-14,1004.5499877929688,137946000,btc
2017-02-15,1007.47998046875,89759400,btc
2017-02-16,1027.43994140625,122277000,btc
2017-02-17,1046.2099609375,136474000,btc
2017-02-18,1054.4200439453125,99073504,btc
2017-02-19,1047.8699951171875,77423296,btc
2017-02-20,1079.97998046875,109478000,btc
2017-02-21,1115.300048828125,186868992,btc
2017-02-22,1117.43994140625,136100000,btc
2017-02-23,1166.719970703125,189454000,btc
2017-02-24,1173.6800537109375,330759008,btc
2017-02-25,1143.8399658203125,139960992,btc
2017-02-26,1165.199951171875,116486000,btc
2017-02-27,1179.969970703125,131570000,btc
2017-02-28,1179.969970703125,184956000,btc
2017-03-01,1222.5,229056992,btc
2017-03-02,1251.010009765625,368275008,btc
2017-03-03,1274.989990234375,315739008,btc
2017-03-04,1255.1500244140625,183270000,btc
2017-03-05,1267.1199951171875,134127000,btc
2017-03-06,1272.8299560546875,153656992,btc
2017-03-07,1223.5400390625,291256000,btc
2017-03-08,1150.0,332603008,btc
2017-03-09,1188.489990234375,212283008,btc
2017-03-10,1116.719970703125,563795968,btc
2017-03-11,1175.8299560546875,283320000,btc
2017-03-12,1221.3800048828125,227176000,btc
2017-03-13,1231.9200439453125,380276992,btc
2017-03-14,1240.0,245306000,btc
2017-03-15,1249.6099853515625,297804992,btc
2017-03-16,1187.81005859375,638568000,btc
2017-03-17,1100.22998046875,706598976,btc
2017-03-18,973.8179931640625,621302016,btc
2017-03-19,1036.739990234375,406648000,btc
2017-03-20,1054.22998046875,286529984,btc
2017-03-21,1120.5400390625,337391008,btc
2017-03-22,1049.1400146484375,380840992,btc
2017-03-23,1038.5899658203125,248540000,btc
2017-03-24,937.52001953125,491038016,btc
2017-03-25,972.7789916992188,435803008,btc
2017-03-26,966.7249755859375,303668000,btc
2017-03-27,1045.77001953125,372535008,btc
2017-03-28,1047.1500244140625,326332000,btc
2017-03-29,1039.969970703125,298457984,btc
2017-03-30,1026.4300537109375,352968992,btc
2017-03-31,1071.7900390625,447287008,btc
2017-04-01,1080.5,289633984,btc
2017-04-02,1102.1700439453125,514187008,btc
2017-04-03,1143.81005859375,580444032,btc
2017-04-04,1133.25,436310016,btc
2017-04-05,1124.780029296875,414784000,btc
2017-04-06,1182.6800537109375,511222016,btc
2017-04-07,1176.9000244140625,317022016,btc
2017-04-08,1175.949951171875,209312000,btc
2017-04-09,1187.8699951171875,242343008,btc
2017-04-10,1187.1300048828125,215883008,btc
2017-04-11,1205.010009765625,216182000,btc
2017-04-12,1200.3699951171875,288702016,btc
2017-04-13,1169.280029296875,351968992,btc
2017-04-14,1167.5400390625,254827008,btc
2017-04-15,1172.52001953125,203559008,btc
2017-04-16,1182.93994140625,183231008,btc
2017-04-17,1193.9100341796875,253206000,btc
2017-04-18,1211.6700439453125,270524000,btc
2017-04-19,1210.2900390625,288060992,btc
2017-04-20,1229.0799560546875,315108000,btc
2017-04-21,1222.050048828125,272167008,btc
2017-04-22,1231.7099609375,249320000,btc
2017-04-23,1207.2099609375,258951008,btc
2017-04-24,1250.1500244140625,235806000,btc
2017-04-25,1265.489990234375,242556000,btc
2017-04-26,1281.0799560546875,329631008,btc
2017-04-27,1317.72998046875,449196992,btc
2017-04-28,1316.47998046875,527488992,btc
2017-04-29,1321.7900390625,422705984,btc
2017-04-30,1347.8900146484375,413115008,btc
2017-05-01,1421.5999755859375,713624000,btc
2017-05-02,1452.8199462890625,477337984,btc
2017-05-03,1490.0899658203125,583795968,btc
2017-05-04,1537.6700439453125,933548992,btc
2017-05-05,1555.449951171875,946035968,btc
2017-05-06,1578.800048828125,582529984,btc
2017-05-07,1596.7099609375,1080029952,btc
2017-05-08,1723.3499755859375,1340320000,btc
2017-05-09,1755.3599853515625,1167920000,btc
2017-05-10,1787.1300048828125,915723008,btc
2017-05-11,1848.5699462890625,799489984,btc
2017-05-12,1724.239990234375,740984000,btc
2017-05-13,1804.9100341796875,579635008,btc
2017-05-14,1808.9100341796875,437196000,btc
2017-05-15,1738.4300537109375,731529024,btc
2017-05-16,1734.449951171875,959044992,btc
2017-05-17,1839.0899658203125,1064729984,btc
2017-05-18,1888.6500244140625,894321024,btc
2017-05-19,1987.7099609375,1157289984,btc
2017-05-20,2084.72998046875,961336000,btc
2017-05-21,2041.199951171875,1147859968,btc
2017-05-22,2173.39990234375,1942220032,btc
2017-05-23,2320.419921875,1378749952,btc
2017-05-24,2443.639892578125,1725379968,btc
2017-05-25,2304.97998046875,2406700032,btc
2017-05-26,2202.419921875,1763480064,btc
2017-05-27,2038.8699951171875,1700480000,btc
2017-05-28,2155.800048828125,1147139968,btc
2017-05-29,2255.610107421875,994625024,btc
2017-05-30,2175.469970703125,1443970048,btc
2017-05-31,2286.409912109375,1544829952,btc
2017-06-01,2407.8798828125,1653180032,btc
2017-06-02,2488.550048828125,1317030016,btc
2017-06-03,2515.35009765625,1514950016,btc
2017-06-04,2511.81005859375,1355120000,btc
2017-06-05,2686.81005859375,1369309952,btc
2017-06-06,2863.199951171875,2089609984,btc
2017-06-07,2732.159912109375,1517709952,btc
2017-06-08,2805.6201171875,1281170048,btc
2017-06-09,2823.81005859375,1348950016,btc
2017-06-10,2947.7099609375,2018889984,btc
2017-06-11,2958.110107421875,1752400000,btc
2017-06-12,2659.6298828125,2569530112,btc
2017-06-13,2717.02001953125,1781200000,btc
2017-06-14,2506.3701171875,1696560000,btc
2017-06-15,2464.580078125,2026259968,btc
2017-06-16,2518.56005859375,1195190016,btc
2017-06-17,2655.8798828125,1534509952,btc
2017-06-18,2548.2900390625,1178659968,btc
2017-06-19,2589.60009765625,1446840064,btc
2017-06-20,2721.7900390625,1854189952,btc
2017-06-21,2689.10009765625,1626579968,btc
2017-06-22,2705.409912109375,1097939968,btc
2017-06-23,2744.909912109375,961318976,btc
2017-06-24,2608.719970703125,982750016,btc
2017-06-25,2589.409912109375,1161100032,btc
2017-06-26,2478.449951171875,1663280000,btc
2017-06-27,2552.449951171875,1489789952,btc
2017-06-28,2574.7900390625,1183869952,btc
2017-06-29,2539.320068359375,949979008,btc
2017-06-30,2480.840087890625,860273024,btc
2017-07-01,2434.550048828125,779913984,btc
2017-07-02,2506.469970703125,803747008,btc
2017-07-03,2564.06005859375,964112000,btc
2017-07-04,2601.639892578125,985516032,btc
2017-07-05,2601.989990234375,941566016,btc
2017-07-06,2608.56005859375,761956992,btc
2017-07-07,2518.659912109375,917411968,btc
2017-07-08,2571.340087890625,733329984,btc
2017-07-09,2518.43994140625,527856000,btc
2017-07-10,2372.56005859375,1111200000,btc
2017-07-11,2337.7900390625,1329760000,btc
2017-07-12,2398.840087890625,1117410048,btc
2017-07-13,2357.89990234375,835769984,btc
2017-07-14,2233.340087890625,882502976,btc
2017-07-15,1998.8599853515625,993608000,btc
2017-07-16,1929.8199462890625,1182870016,btc
2017-07-17,2228.409912109375,1201760000,btc
2017-07-18,2318.8798828125,1512450048,btc
2017-07-19,2273.429931640625,1245100032,btc
2017-07-20,2817.60009765625,2249260032,btc
2017-07-21,2667.760009765625,1489449984,btc
2017-07-22,2810.1201171875,1177129984,btc
2017-07-23,2730.39990234375,1072840000,btc
2017-07-24,2754.860107421875,866473984,btc
2017-07-25,2576.47998046875,1460089984,btc
2017-07-26,2529.449951171875,937404032,btc
2017-07-27,2671.780029296875,789104000,btc
2017-07-28,2809.010009765625,1380099968,btc
2017-07-29,2726.449951171875,803745984,btc
2017-07-30,2757.179931640625,705942976,btc
2017-07-31,2875.340087890625,860574976,btc
2017-08-01,2718.260009765625,1324669952,btc
2017-08-02,2710.669921875,1094950016,btc
2017-08-03,2804.72998046875,804796992,btc
2017-08-04,2895.889892578125,1002120000,btc
2017-08-05,3252.909912109375,1945699968,btc
2017-08-06,3213.93994140625,1105030016,btc
2017-08-07,3378.93994140625,1482279936,btc
2017-08-08,3419.93994140625,1752760064,btc
2017-08-09,3342.469970703125,1468960000,btc
2017-08-10,3381.280029296875,1515110016,btc
2017-08-11,3650.6201171875,2021190016,btc
2017-08-12,3884.7099609375,2219589888,btc
2017-08-13,4073.260009765625,3159089920,btc
2017-08-14,4325.1298828125,2463089920,btc
2017-08-15,4181.93017578125,3258050048,btc
2017-08-16,4376.6298828125,2272039936,btc
2017-08-17,4331.68994140625,2553359872,btc
2017-08-18,4160.6201171875,2941710080,btc
2017-08-19,4193.7001953125,2975820032,btc
2017-08-20,4087.659912109375,2109769984,btc
2017-08-21,4001.739990234375,2800890112,btc
2017-08-22,4100.52001953125,3764239872,btc
2017-08-23,4151.52001953125,2369819904,btc
2017-08-24,4334.68017578125,2037750016,btc
2017-08-25,4371.60009765625,1727970048,btc
2017-08-26,4352.39990234375,1511609984,btc
2017-08-27,4382.8798828125,1537459968,btc
2017-08-28,4382.66015625,1959330048,btc
2017-08-29,4579.02001953125,2486080000,btc
2017-08-30,4565.2998046875,1937849984,btc
2017-08-31,4703.39013671875,1944930048,btc
2017-09-01,4892.009765625,2599079936,btc
2017-09-02,4578.77001953125,2722139904,btc
2017-09-03,4582.9599609375,1933190016,btc
2017-09-04,4236.31005859375,2987330048,btc
2017-09-05,4376.52978515625,2697969920,btc
2017-09-06,4597.1201171875,2172100096,btc
2017-09-07,4599.8798828125,1844620032,btc
2017-09-08,4228.75,2700890112,btc
2017-09-09,4226.06005859375,1386230016,btc
2017-09-10,4122.93994140625,1679090048,btc
2017-09-11,4161.27001953125,1557330048,btc
2017-09-12,4130.81005859375,1864530048,btc
2017-09-13,3882.590087890625,2219409920,btc
2017-09-14,3154.949951171875,2716310016,btc
2017-09-15,3637.52001953125,4148069888,btc
2017-09-16,3625.0400390625,1818400000,btc
2017-09-17,3582.8798828125,1239149952,btc
2017-09-18,4065.199951171875,1943209984,btc
2017-09-19,3924.969970703125,1563980032,btc
2017-09-20,3905.949951171875,1213830016,btc
2017-09-21,3631.0400390625,1411480064,btc
2017-09-22,3630.699951171875,1194829952,btc
2017-09-23,3792.39990234375,928113984,btc
2017-09-24,3682.840087890625,768014976,btc
2017-09-25,3926.070068359375,1374210048,btc
2017-09-26,3892.35009765625,1043740032,btc
2017-09-27,4200.669921875,1686880000,btc
2017-09-28,4174.72998046875,1712320000,btc
2017-09-29,4163.06982421875,1367049984,btc
2017-09-30,4338.7099609375,1207449984,btc
2017-10-01,4403.740234375,1208210048,btc
2017-10-02,4409.31982421875,1431730048,btc
2017-10-03,4317.47998046875,1288019968,btc
2017-10-04,4229.35986328125,1116770048,btc
2017-10-05,4328.41015625,1161769984,btc
2017-10-06,4370.81005859375,1069939968,btc
2017-10-07,4426.89013671875,906928000,btc
2017-10-08,4610.47998046875,1313869952,btc
2017-10-09,4772.02001953125,1968739968,btc
2017-10-10,4781.990234375,1597139968,btc
2017-10-11,4826.47998046875,1222279936,btc
2017-10-12,5446.91015625,2791610112,btc
2017-10-13,5647.2099609375,3615480064,btc
2017-10-14,5831.7900390625,1669030016,btc
2017-10-15,5678.18994140625,1976039936,btc
2017-10-16,5725.58984375,2008070016,btc
2017-10-17,5605.509765625,1821570048,btc
2017-10-18,5590.68994140625,2399269888,btc
2017-10-19,5708.52001953125,1780540032,btc
2017-10-20,6011.4501953125,2354429952,btc
2017-10-21,6031.60009765625,2207099904,btc
2017-10-22,6008.419921875,2034630016,btc
2017-10-23,5930.31982421875,2401840128,btc
2017-10-24,5526.64013671875,2735699968,btc
2017-10-25,5750.7998046875,1966989952,btc
2017-10-26,5904.830078125,1905040000,btc
2017-10-27,5780.89990234375,1710130048,btc
2017-10-28,5753.08984375,1403920000,btc
2017-10-29,6153.85009765625,2859040000,btc
2017-10-30,6130.52978515625,1772150016,btc
2017-10-31,6468.39990234375,2311379968,btc
2017-11-01,6767.31005859375,2870320128,btc
2017-11-02,7078.5,4653770240,btc
2017-11-03,7207.759765625,3369860096,btc
2017-11-04,7379.9501953125,2483800064,btc
2017-11-05,7407.41015625,2380410112,btc
2017-11-06,7022.759765625,3111899904,btc
2017-11-07,7144.3798828125,2326340096,btc
2017-11-08,7459.68994140625,4602200064,btc
2017-11-09,7143.580078125,3226249984,btc
2017-11-10,6618.14013671875,5208249856,btc
2017-11-11,6357.60009765625,4908680192,btc
2017-11-12,5950.06982421875,8957349888,btc
2017-11-13,6559.490234375,6263249920,btc
2017-11-14,6635.75,3197110016,btc
2017-11-15,7315.5400390625,4200880128,btc
2017-11-16,7871.68994140625,5123809792,btc
2017-11-17,7708.990234375,4651670016,btc
2017-11-18,7790.14990234375,3667190016,btc
2017-11-19,8036.490234375,3149319936,btc
2017-11-20,8200.6396484375,3488450048,btc
2017-11-21,8071.259765625,4277609984,btc
2017-11-22,8253.5498046875,3633530112,btc
2017-11-23,8038.77001953125,4225179904,btc
2017-11-24,8253.6904296875,5058610176,btc
2017-11-25,8790.919921875,4342060032,btc
2017-11-26,9330.5498046875,5475579904,btc
2017-11-27,9818.349609375,5653320192,btc
2017-11-28,10058.7998046875,6348819968,btc
2017-11-29,9888.6103515625,11568799744,btc
2017-11-30,10233.599609375,8310689792,btc
2017-12-01,10975.599609375,6783119872,btc
2017-12-02,11074.599609375,5138500096,btc
2017-12-03,11323.2001953125,6608309760,btc
2017-12-04,11657.2001953125,6132409856,btc
2017-12-05,11916.7001953125,6895260160,btc
2017-12-06,14291.5,12656300032,btc
2017-12-07,17899.69921875,17950699520,btc
2017-12-08,16569.400390625,21135998976,btc
2017-12-09,15178.2001953125,13911300096,btc
2017-12-10,15455.400390625,13433299968,btc
2017-12-11,16936.80078125,12153900032,btc
2017-12-12,17415.400390625,14603799552,btc
2017-12-13,16408.19921875,12976900096,btc
2017-12-14,16564.0,13777399808,btc
2017-12-15,17706.900390625,14309999616,btc
2017-12-16,19497.400390625,12740599808,btc
2017-12-17,19140.80078125,13314599936,btc
2017-12-18,19114.19921875,14839499776,btc
2017-12-19,17776.69921875,16894499840,btc
2017-12-20,16624.599609375,22149699584,btc
2017-12-21,15802.900390625,16516599808,btc
2017-12-22,13831.7998046875,22197999616,btc
2017-12-23,14699.2001953125,13086000128,btc
2017-12-24,13925.7998046875,11572299776,btc
2017-12-25,14026.599609375,10664699904,btc
2017-12-26,16099.7998046875,13454300160,btc
2017-12-27,15838.5,12487600128,btc
2017-12-28,14606.5,12336499712,btc
2017-12-29,14656.2001953125,13025500160,btc
2017-12-30,12952.2001953125,14452599808,btc
2017-12-31,14156.400390625,12136299520,btc
2018-01-01,13657.2001953125,10291200000,btc
2018-01-02,14982.099609375,16846600192,btc
2018-01-03,15201.0,16871900160,btc
2018-01-04,15599.2001953125,21783199744,btc
2018-01-05,17429.5,23840899072,btc
2018-01-06,17527.0,18314600448,btc
2018-01-07,16477.599609375,15866000384,btc
2018-01-08,15170.099609375,18413899776,btc
2018-01-09,14595.400390625,16659999744,btc
2018-01-10,14973.2998046875,18500800512,btc
2018-01-11,13405.7998046875,16534099968,btc
2018-01-12,13980.599609375,12065699840,btc
2018-01-13,14360.2001953125,12763599872,btc
2018-01-14,13772.0,11084099584,btc
2018-01-15,13819.7998046875,12750799872,btc
2018-01-16,11490.5,18853799936,btc
2018-01-17,11188.599609375,18830600192,btc
2018-01-18,11474.900390625,15020399616,btc
2018-01-19,11607.400390625,10740400128,btc
2018-01-20,12899.2001953125,11801700352,btc
2018-01-21,11600.099609375,9935179776,btc
2018-01-22,10931.400390625,10537400320,btc
2018-01-23,10868.400390625,9660609536,btc
2018-01-24,11359.400390625,9940989952,btc
2018-01-25,11259.400390625,8873169920,btc
2018-01-26,11171.400390625,9746199552,btc
2018-01-27,11440.7001953125,7583269888,btc
2018-01-28,11786.2998046875,8350360064,btc
2018-01-29,11296.400390625,7107359744,btc
2018-01-30,10106.2998046875,8637859840,btc
2018-01-31,10221.099609375,8041160192,btc
2018-02-01,9170.5400390625,9959400448,btc
2018-02-02,8830.75,12726899712,btc
2018-02-03,9174.91015625,7263790080,btc
2018-02-04,8277.009765625,7073549824,btc
2018-02-05,6955.27001953125,9285289984,btc
2018-02-06,7754.0,13999800320,btc
2018-02-07,7621.2998046875,9169280000,btc
2018-02-08,8265.58984375,9346750464,btc
2018-02-09,8736.98046875,6784820224,btc
2018-02-10,8621.900390625,7780960256,btc
2018-02-11,8129.97021484375,6122189824,btc
2018-02-12,8926.5703125,6256439808,btc
2018-02-13,8598.3095703125,5696719872,btc
2018-02-14,9494.6298828125,7909819904,btc
2018-02-15,10166.400390625,9062540288,btc
2018-02-16,10233.900390625,7296159744,btc
2018-02-17,11112.7001953125,8660880384,btc
2018-02-18,10551.7998046875,8744009728,btc
2018-02-19,11225.2998046875,7652089856,btc
2018-02-20,11403.7001953125,9926540288,btc
2018-02-21,10690.400390625,9405339648,btc
2018-02-22,10005.0,8040079872,btc
2018-02-23,10301.099609375,7739500032,btc
2018-02-24,9813.0703125,6917929984,btc
2018-02-25,9664.73046875,5706939904,btc
2018-02-26,10366.7001953125,7287690240,btc
2018-02-27,10725.599609375,6966179840,btc
2018-02-28,10397.900390625,6936189952,btc
2018-03-01,10951.0,7317279744,btc
2018-03-02,11086.400390625,7620590080,btc
2018-03-03,11489.7001953125,6690570240,btc
2018-03-04,11512.599609375,6084149760,btc
2018-03-05,11573.2998046875,6468539904,btc
2018-03-06,10779.900390625,6832169984,btc
2018-03-07,9965.5703125,8797910016,btc
2018-03-08,9395.009765625,7186089984,btc
2018-03-09,9337.5498046875,8704190464,btc
2018-03-10,8866.0,5386319872,btc
2018-03-11,9578.6298828125,6296370176,btc
2018-03-12,9205.1201171875,6457399808,btc
2018-03-13,9194.849609375,5991139840,btc
2018-03-14,8269.8095703125,6438230016,btc
2018-03-15,8300.8603515625,6834429952,btc
2018-03-16,8338.349609375,5289379840,btc
2018-03-17,7916.8798828125,4426149888,btc
2018-03-18,8223.6796875,6639190016,btc
2018-03-19,8630.650390625,6729110016,btc
2018-03-20,8913.4697265625,6361789952,btc
2018-03-21,8929.2802734375,6043129856,btc
2018-03-22,8728.4697265625,5530390016,btc
2018-03-23,8879.6201171875,5954120192,btc
2018-03-24,8668.1201171875,5664600064,btc
2018-03-25,8495.7802734375,4569880064,btc
2018-03-26,8209.400390625,5921039872,btc
2018-03-27,7833.0400390625,5378250240,btc
2018-03-28,7954.47998046875,4935289856,btc
2018-03-29,7165.7001953125,6361229824,btc
2018-03-30,6890.52001953125,6289509888,btc
2018-03-31,6973.52978515625,4553269760,btc
2018-04-01,6844.22998046875,4532100096,btc
2018-04-02,7083.7998046875,4333440000,btc
2018-04-03,7456.10986328125,5499700224,btc
2018-04-04,6853.83984375,4936000000,btc
2018-04-05,6811.47021484375,5639320064,btc
2018-04-06,6636.31982421875,3766810112,btc
2018-04-07,6911.08984375,3976610048,btc
2018-04-08,7023.52001953125,3652499968,btc
2018-04-09,6770.72998046875,4894060032,btc
2018-04-10,6834.759765625,4272750080,btc
2018-04-11,6968.31982421875,4641889792,btc
2018-04-12,7889.25,8906250240,btc
2018-04-13,7895.9599609375,7764460032,btc
2018-04-14,7986.240234375,5191430144,btc
2018-04-15,8329.1103515625,5244480000,btc
2018-04-16,8058.669921875,5631309824,btc
2018-04-17,7902.08984375,6900879872,btc
2018-04-18,8163.419921875,6529909760,btc
2018-04-19,8294.3095703125,7063209984,btc
2018-04-20,8845.830078125,8438110208,btc
2018-04-21,8895.580078125,7548550144,btc
2018-04-22,8802.4599609375,6629899776,btc
2018-04-23,8930.8798828125,6925190144,btc
2018-04-24,9697.5,10678800384,btc
2018-04-25,8845.740234375,11083100160,btc
2018-04-26,9281.509765625,8970559488,btc
2018-04-27,8987.0498046875,7566289920,btc
2018-04-28,9348.48046875,7805479936,btc
2018-04-29,9419.080078125,8853000192,btc
2018-04-30,9240.5498046875,8673920000,btc
2018-05-01,9119.009765625,7713019904,btc
2018-05-02,9235.919921875,7558159872,btc
2018-05-03,9743.8603515625,10207299584,btc
2018-05-04,9700.759765625,8217829888,btc
2018-05-05,9858.150390625,7651939840,btc
2018-05-06,9654.7998046875,7222280192,btc
2018-05-07,9373.009765625,7394019840,btc
2018-05-08,9234.8203125,7415869952,btc
2018-05-09,9325.1796875,7226890240,btc
2018-05-10,9043.9404296875,6906699776,btc
2018-05-11,8441.490234375,8488520192,btc
2018-05-12,8504.8896484375,6821380096,btc
2018-05-13,8723.9404296875,5866379776,btc
2018-05-14,8716.7900390625,7364149760,btc
2018-05-15,8510.3798828125,6705710080,btc
2018-05-16,8368.830078125,6760220160,btc
2018-05-17,8094.31982421875,5862530048,btc
2018-05-18,8250.9697265625,5764190208,btc
2018-05-19,8247.1796875,4712399872,btc
2018-05-20,8513.25,5191059968,btc
2018-05-21,8418.990234375,5154990080,btc
2018-05-22,8041.77978515625,5137010176,btc
2018-05-23,7557.81982421875,6491120128,btc
2018-05-24,7587.33984375,6049220096,btc
2018-05-25,7480.14013671875,4867829760,btc
2018-05-26,7355.8798828125,4051539968,btc
2018-05-27,7368.22021484375,4056519936,btc
2018-05-28,7135.990234375,5040600064,btc
2018-05-29,7472.58984375,5662660096,btc
2018-05-30,7406.52001953125,4922540032,btc
2018-05-31,7494.169921875,5127130112,btc
2018-06-01,7541.4501953125,4921460224,btc
2018-06-02,7643.4501953125,4939299840,btc
2018-06-03,7720.25,4851760128,btc
2018-06-04,7514.47021484375,4993169920,btc
2018-06-05,7633.759765625,4961739776,btc
2018-06-06,7653.97998046875,4692259840,btc
2018-06-07,7678.240234375,4485799936,btc
2018-06-08,7624.919921875,4227579904,btc
2018-06-09,7531.97998046875,3845220096,btc
2018-06-10,6786.02001953125,5804839936,btc
2018-06-11,6906.919921875,4745269760,btc
2018-06-12,6582.35986328125,4654380032,btc
2018-06-13,6349.89990234375,5052349952,btc
2018-06-14,6675.35009765625,5138710016,btc
2018-06-15,6456.580078125,3955389952,btc
2018-06-16,6550.16015625,3194170112,btc
2018-06-17,6499.27001953125,3104019968,btc
2018-06-18,6734.81982421875,4039200000,btc
2018-06-19,6769.93994140625,4057029888,btc
2018-06-20,6776.5498046875,3888640000,btc
2018-06-21,6729.740234375,3529129984,btc
2018-06-22,6083.68994140625,5079810048,btc
2018-06-23,6162.47998046875,3431360000,btc
2018-06-24,6173.22998046875,4566909952,btc
2018-06-25,6249.18017578125,5500810240,btc
2018-06-26,6093.669921875,3279759872,btc
2018-06-27,6157.1298828125,3296219904,btc
2018-06-28,5903.43994140625,3467800064,btc
2018-06-29,6218.2998046875,3966230016,btc
2018-06-30,6404.0,4543860224,btc
2018-07-01,6385.81982421875,4788259840,btc
2018-07-02,6614.18017578125,4396930048,btc
2018-07-03,6529.58984375,4672309760,btc
2018-07-04,6597.5498046875,4176689920,btc
2018-07-05,6639.14013671875,4999240192,btc
2018-07-06,6673.5,4313959936,btc
2018-07-07,6856.93017578125,3961080064,btc
2018-07-08,6773.8798828125,3386210048,btc
2018-07-09,6741.75,3718129920,btc
2018-07-10,6329.9501953125,4052430080,btc
2018-07-11,6394.7099609375,3644859904,btc
2018-07-12,6228.81005859375,3770170112,btc
2018-07-13,6238.0498046875,3805400064,btc
2018-07-14,6276.1201171875,2923670016,btc
2018-07-15,6359.64013671875,3285459968,btc
2018-07-16,6741.75,4725799936,btc
2018-07-17,7321.0400390625,5961950208,btc
2018-07-18,7370.77978515625,6103410176,btc
2018-07-19,7466.85986328125,5111629824,btc
2018-07-20,7354.1298828125,4936869888,btc
2018-07-21,7419.2900390625,3726609920,btc
2018-07-22,7418.490234375,3695460096,btc
2018-07-23,7711.10986328125,5132480000,btc
2018-07-24,8424.26953125,7277689856,btc
2018-07-25,8181.39013671875,5845400064,btc
2018-07-26,7951.580078125,4899089920,btc
2018-07-27,8165.009765625,5195879936,btc
2018-07-28,8192.150390625,3988750080,btc
2018-07-29,8218.4599609375,4107190016,btc
2018-07-30,8180.47998046875,5551400000,btc
2018-07-31,7780.43994140625,5287530000,btc
2018-08-01,7624.91015625,4797620000,btc
2018-08-02,7567.14990234375,4214110000,btc
2018-08-03,7434.39013671875,4627150000,btc
2018-08-04,7032.85009765625,4268390000,btc
2018-08-05,7068.47998046875,3679110000,btc
2018-08-06,6951.7998046875,3925900000,btc
2018-08-07,6753.1201171875,4682800000,btc
2018-08-08,6305.7998046875,5064430000,btc
2018-08-09,6568.22998046875,4267040000,btc
2018-08-10,6184.7099609375,4528680000,btc
2018-08-11,6295.72998046875,4047850000,btc
2018-08-12,6322.68994140625,5665250000,btc
2018-08-13,6297.56982421875,4083980000,btc
2018-08-14,6199.7099609375,5301700000,btc
2018-08-15,6308.52001953125,4895450000,btc
2018-08-16,6334.72998046875,4328420000,btc
2018-08-17,6580.6298828125,4992990000,btc
2018-08-18,6423.759765625,3984520000,btc
2018-08-19,6506.06982421875,3311170000,btc
2018-08-20,6308.52978515625,3665100000,btc
2018-08-21,6488.759765625,3377180000,btc
2018-08-22,6376.7099609375,4668110000,btc
2018-08-23,6534.8798828125,3426180000,btc
2018-08-24,6719.9599609375,4097820000,btc
2018-08-25,6763.18994140625,3312600000,btc
2018-08-26,6707.259765625,3295500000,btc
2018-08-27,6884.64013671875,4019000000,btc
2018-08-28,7096.27978515625,4659940000,btc
2018-08-29,7047.16015625,4145880000,btc
2018-08-30,6978.22998046875,4463250000,btc
2018-08-31,7037.580078125,4495650000,btc
2018-09-01,7193.25,4116050000,btc
2018-09-02,7272.72021484375,4329540000,btc
2018-09-03,7260.06005859375,4087760000,btc
2018-09-04,7361.66015625,4273640000,btc
2018-09-05,6792.830078125,5800460000,btc
2018-09-06,6529.169921875,5523470000,btc
2018-09-07,6467.06982421875,4264680000,btc
2018-09-08,6225.97998046875,3835060000,btc
2018-09-09,6300.85986328125,3671890000,btc
2018-09-10,6329.7001953125,3714100000,btc
2018-09-11,6321.2001953125,3849910000,btc
2018-09-12,6351.7998046875,4064230000,btc
2018-09-13,6517.31005859375,4210910000,btc
2018-09-14,6512.7099609375,4076220000,btc
2018-09-15,6543.2001953125,3216300000,btc
2018-09-16,6517.18017578125,3273730000,btc
2018-09-17,6281.2001953125,3910780000,btc
2018-09-18,6371.2998046875,4180090000,btc
2018-09-19,6398.5400390625,4431340000,btc
2018-09-20,6519.669921875,4348110000,btc
2018-09-21,6734.9501953125,6531940000,btc
2018-09-22,6721.97998046875,4509660000,btc
2018-09-23,6710.6298828125,4197500000,btc
2018-09-24,6595.41015625,4177310000,btc
2018-09-25,6446.47021484375,4726180000,btc
2018-09-26,6495.0,4437300000,btc
2018-09-27,6676.75,4606810000,btc
2018-09-28,6644.1298828125,5014430000,btc
2018-09-29,6601.9599609375,4363690000,btc
2018-09-30,6625.56005859375,4002280000,btc
2018-10-01,6589.6201171875,4000970000,btc
2018-10-02,6556.10009765625,3979260000,btc
2018-10-03,6502.58984375,3887310000,btc
2018-10-04,6576.68994140625,3838410000,btc
2018-10-05,6622.47998046875,3671500000,btc
2018-10-06,6588.31005859375,3259740000,btc
2018-10-07,6602.9501953125,3306630000,btc
2018-10-08,6652.22998046875,3979460000,btc
2018-10-09,6642.64013671875,3580810000,btc
2018-10-10,6585.52978515625,3787650000,btc
2018-10-11,6256.240234375,5181640000,btc
2018-10-12,6274.580078125,3783500000,btc
2018-10-13,6285.990234375,3064030000,btc
2018-10-14,6290.93017578125,3085320000,btc
2018-10-15,6596.5400390625,7370770000,btc
2018-10-16,6596.10986328125,4074800000,btc
2018-10-17,6544.43017578125,4088420000,btc
2018-10-18,6476.7099609375,3924080000,btc
2018-10-19,6465.41015625,3578870000,btc
2018-10-20,6489.18994140625,3379130000,btc
2018-10-21,6482.35009765625,3253610000,btc
2018-10-22,6487.16015625,3672860000,btc
2018-10-23,6475.740234375,3716150000,btc
2018-10-24,6495.83984375,3424670000,btc
2018-10-25,6476.2900390625,3230550000,btc
2018-10-26,6474.75,3306050000,btc
2018-10-27,6480.3798828125,3393250000,btc
2018-10-28,6486.39013671875,3445190000,btc
2018-10-29,6332.6298828125,4199910000,btc
2018-10-30,6334.27001953125,3781100000,btc
2018-10-31,6317.60986328125,4191240000,btc
2018-11-01,6377.77978515625,3789400000,btc
2018-11-02,6388.43994140625,4234870000,btc
2018-11-03,6361.259765625,3658640000,btc
2018-11-04,6376.1298828125,4390020000,btc
2018-11-05,6419.66015625,4174800000,btc
2018-11-06,6461.009765625,4700040000,btc
2018-11-07,6530.14013671875,4941260000,btc
2018-11-08,6453.72021484375,4665260000,btc
2018-11-09,6385.6201171875,4346820000,btc
2018-11-10,6409.22021484375,3705320000,btc
2018-11-11,6411.27001953125,3939060000,btc
2018-11-12,6371.27001953125,4295770000,btc
2018-11-13,6359.490234375,4503800000,btc
2018-11-14,5738.35009765625,7398940000,btc
2018-11-15,5648.02978515625,7032140000,btc
2018-11-16,5575.5498046875,5279320000,btc
2018-11-17,5554.330078125,4303150000,btc
2018-11-18,5623.5400390625,4159680000,btc
2018-11-19,4871.490234375,7039560000,btc
2018-11-20,4451.8701171875,8428290000,btc
2018-11-21,4602.169921875,6120120000,btc
2018-11-22,4365.93994140625,4569370000,btc
2018-11-23,4347.10986328125,4871490000,btc
2018-11-24,3880.760009765625,4679500000,btc
2018-11-25,4009.969970703125,6825640000,btc
2018-11-26,3779.1298828125,6476900000,btc
2018-11-27,3820.719970703125,5998720000,btc
2018-11-28,4257.419921875,7280280000,btc
2018-11-29,4278.8466796875,6503347767,btc
2018-11-30,4017.2685546875,6048016717,btc
2018-12-01,4214.671875,5375314093,btc
2018-12-02,4139.8779296875,5262697895,btc
2018-12-03,3894.130859375,5089570994,btc
2018-12-04,3956.893798828125,5028069239,btc
2018-12-05,3753.994873046875,5302481574,btc
2018-12-06,3521.101806640625,5878333109,btc
2018-12-07,3419.937255859375,6835615448,btc
2018-12-08,3476.11474609375,5305024497,btc
2018-12-09,3614.234375,4947372847,btc
2018-12-10,3502.656005859375,5020968740,btc
2018-12-11,3424.588134765625,4696765188,btc
2018-12-12,3486.9501953125,4139364829,btc
2018-12-13,3313.67724609375,4343372456,btc
2018-12-14,3242.48486328125,4372763663,btc
2018-12-15,3236.76171875,3551763561,btc
2018-12-16,3252.839111328125,3744248994,btc
2018-12-17,3545.86474609375,5409247918,btc
2018-12-18,3696.05908203125,5911325473,btc
2018-12-19,3745.95068359375,6810689119,btc
2018-12-20,4134.44140625,8927129279,btc
2018-12-21,3896.543701171875,7206015706,btc
2018-12-22,4014.1826171875,5605823233,btc
2018-12-23,3998.980224609375,6151275490,btc
2018-12-24,4078.59912109375,7240968501,btc
2018-12-25,3815.49072265625,6158207293,btc
2018-12-26,3857.297607421875,5326547918,btc
2018-12-27,3654.83349609375,5130222366,btc
2018-12-28,3923.918701171875,5631554348,btc
2018-12-29,3820.40869140625,4991655917,btc
2018-12-30,3865.95263671875,4770578575,btc
2018-12-31,3742.700439453125,4661840806,btc
2019-01-01,3843.52001953125,4324200990,btc
2019-01-02,3943.409423828125,5244856836,btc
2019-01-03,3836.7412109375,4530215219,btc
2019-01-04,3857.717529296875,4847965467,btc
2019-01-05,3845.194580078125,5137609824,btc
2019-01-06,4076.632568359375,5597027440,btc
2019-01-07,4025.248291015625,5228625637,btc
2019-01-08,4030.847900390625,5306593305,btc
2019-01-09,4035.29638671875,5115905225,btc
2019-01-10,3678.924560546875,6874143796,btc
2019-01-11,3687.365478515625,5538712865,btc
2019-01-12,3661.301025390625,4778170883,btc
2019-01-13,3552.953125,4681302466,btc
2019-01-14,3706.05224609375,5651384490,btc
2019-01-15,3630.67529296875,5537192302,btc
2019-01-16,3655.0068359375,5394457145,btc
2019-01-17,3678.56396484375,5464420383,btc
2019-01-18,3657.83935546875,5002961727,btc
2019-01-19,3728.568359375,5955691380,btc
2019-01-20,3601.013671875,5582489560,btc
2019-01-21,3576.032470703125,5004347059,btc
2019-01-22,3604.5771484375,5313623556,btc
2019-01-23,3585.123046875,5433755649,btc
2019-01-24,3600.865478515625,5262869046,btc
2019-01-25,3599.765869140625,5265847539,btc
2019-01-26,3602.46044921875,5098183235,btc
2019-01-27,3583.9658203125,5570752966,btc
2019-01-28,3470.450439453125,6908930483,btc
2019-01-29,3448.116943359375,5897159493,btc
2019-01-30,3486.181640625,5955112627,btc
2019-01-31,3457.792724609375,5831198271,btc
2019-02-01,3487.9453125,5422926707,btc
2019-02-02,3521.060791015625,5071623601,btc
2019-02-03,3464.013427734375,5043937584,btc
2019-02-04,3459.154052734375,5332718886,btc
2019-02-05,3466.357421875,5227549545,btc
2019-02-06,3413.767822265625,5482196038,btc
2019-02-07,3399.4716796875,5004962683,btc
2019-02-08,3666.7802734375,7735623101,btc
2019-02-09,3671.20361328125,6158833645,btc
2019-02-10,3690.188232421875,6282256903,btc
2019-02-11,3648.4306640625,6277056434,btc
2019-02-12,3653.528564453125,6480384532,btc
2019-02-13,3632.070556640625,6438903823,btc
2019-02-14,3616.880859375,6271044418,btc
2019-02-15,3620.810791015625,6091952231,btc
2019-02-16,3629.78759765625,5934744052,btc
2019-02-17,3673.836181640625,7039512503,btc
2019-02-18,3915.71435546875,9908216640,btc
2019-02-19,3947.094482421875,9933626655,btc
2019-02-20,3999.820556640625,8693373948,btc
2019-02-21,3954.1181640625,7775128102,btc
2019-02-22,4005.526611328125,7826525254,btc
2019-02-23,4142.52685546875,8922258316,btc
2019-02-24,3810.427490234375,10794227451,btc
2019-02-25,3882.6962890625,9318796067,btc
2019-02-26,3854.35791015625,7931218996,btc
2019-02-27,3851.04736328125,8301309684,btc
2019-02-28,3854.785400390625,8399767798,btc
2019-03-01,3859.583740234375,7661247975,btc
2019-03-02,3864.4150390625,7578786076,btc
2019-03-03,3847.17578125,7253558152,btc
2019-03-04,3761.55712890625,9029175788,btc
2019-03-05,3896.375,10174126415,btc
2019-03-06,3903.942626953125,9175291529,btc
2019-03-07,3911.484375,9584165519,btc
2019-03-08,3901.131591796875,10638638944,btc
2019-03-09,3963.313720703125,10796103518,btc
2019-03-10,3951.599853515625,9713267607,btc
2019-03-11,3905.227294921875,10125901903,btc
2019-03-12,3909.15625,9809887079,btc
2019-03-13,3906.71728515625,9469184841,btc
2019-03-14,3924.369140625,10480789570,btc
2019-03-15,3960.9111328125,9394210605,btc
2019-03-16,4048.725830078125,9856166973,btc
2019-03-17,4025.22900390625,8221625400,btc
2019-03-18,4032.50732421875,9646954186,btc
2019-03-19,4071.190185546875,9344919956,btc
2019-03-20,4087.476318359375,10175916388,btc
2019-03-21,4029.326904296875,10831212662,btc
2019-03-22,4023.96826171875,9252935969,btc
2019-03-23,4035.826416015625,9578850549,btc
2019-03-24,4022.168212890625,9144851065,btc
2019-03-25,3963.070556640625,10359818883,btc
2019-03-26,3985.080810546875,10707678815,btc
2019-03-27,4087.066162109375,10897131934,btc
2019-03-28,4069.107177734375,9353915899,btc
2019-03-29,4098.37451171875,10918665557,btc
2019-03-30,4106.66015625,9732688060,btc
2019-03-31,4105.404296875,9045122443,btc
2019-04-01,4158.18310546875,10157794171,btc
2019-04-02,4879.8779296875,21315047816,btc
2019-04-03,4973.02197265625,22899891582,btc
2019-04-04,4922.798828125,18251810240,btc
2019-04-05,5036.68115234375,16837325387,btc
2019-04-06,5059.8173828125,16929795194,btc
2019-04-07,5198.89697265625,16655416140,btc
2019-04-08,5289.77099609375,17154113634,btc
2019-04-09,5204.95849609375,14722104361,btc
2019-04-10,5324.5517578125,15504590933,btc
2019-04-11,5064.48779296875,16555616019,btc
2019-04-12,5089.5390625,13675206312,btc
2019-04-13,5096.58642578125,10823289598,btc
2019-04-14,5167.72216796875,10391952498,btc
2019-04-15,5067.1083984375,12290155061,btc
2019-04-16,5235.5595703125,11618660197,btc
2019-04-17,5251.93798828125,12438480677,btc
2019-04-18,5298.3857421875,13256489918,btc
2019-04-19,5303.8125,13780238655,btc
2019-04-20,5337.88623046875,13169647522,btc
2019-04-21,5314.53125,13731844223,btc
2019-04-22,5399.365234375,14601631648,btc
2019-04-23,5572.3623046875,15867308108,btc
2019-04-24,5464.86669921875,17048033399,btc
2019-04-25,5210.515625,15330283408,btc
2019-04-26,5279.34814453125,16812108040,btc
2019-04-27,5268.291015625,13111274675,btc
2019-04-28,5285.13916015625,12819992056,btc
2019-04-29,5247.3525390625,13735490672,btc
2019-04-30,5350.7265625,13878964574,btc
2019-05-01,5402.697265625,13679528236,btc
2019-05-02,5505.28369140625,14644460907,btc
2019-05-03,5768.28955078125,18720780006,btc
2019-05-04,5831.16748046875,17567780766,btc
2019-05-05,5795.70849609375,14808830723,btc
2019-05-06,5746.80712890625,15737171804,btc
2019-05-07,5829.50146484375,18026409033,btc
2019-05-08,5982.45751953125,15320605300,btc
2019-05-09,6174.52880859375,16784645411,btc
2019-05-10,6378.84912109375,19419875368,btc
2019-05-11,7204.771484375,28867562329,btc
2019-05-12,6972.37158203125,27773333680,btc
2019-05-13,7814.9150390625,28677672181,btc
2019-05-14,7994.416015625,32031452227,btc
2019-05-15,8205.16796875,28344112920,btc
2019-05-16,7884.9091796875,33167197581,btc
2019-05-17,7343.8955078125,30066644905,btc
2019-05-18,7271.2080078125,21354286562,btc
2019-05-19,8197.689453125,25902422040,btc
2019-05-20,7978.30908203125,23843404340,btc
2019-05-21,7963.32763671875,25127245056,btc
2019-05-22,7680.06640625,24719473175,btc
2019-05-23,7881.8466796875,24457107820,btc
2019-05-24,7987.37158203125,25919126991,btc
2019-05-25,8052.5439453125,22256813107,btc
2019-05-26,8673.2158203125,26677970091,btc
2019-05-27,8805.7783203125,27949839564,btc
2019-05-28,8719.9619140625,24226919267,btc
2019-05-29,8659.4873046875,23473479966,btc
2019-05-30,8319.47265625,29246528551,btc
2019-05-31,8574.501953125,25365190957,btc
2019-06-01,8564.0166015625,22488303544,btc
2019-06-02,8742.9580078125,20266216022,btc
2019-06-03,8208.9951171875,22004511436,btc
2019-06-04,7707.77099609375,24609731549,btc
2019-06-05,7824.2314453125,21760923463,btc
2019-06-06,7822.0234375,19474611077,btc
2019-06-07,8043.951171875,19141423231,btc
2019-06-08,7954.1279296875,16522722810,btc
2019-06-09,7688.0771484375,16610726547,btc
2019-06-10,8000.32958984375,18689275117,btc
2019-06-11,7927.71435546875,17107279932,btc
2019-06-12,8145.857421875,19034432883,btc
2019-06-13,8230.923828125,18669407147,btc
2019-06-14,8693.8330078125,19831162906,btc
2019-06-15,8838.375,18371033226,btc
2019-06-16,8994.48828125,23348550311,btc
2019-06-17,9320.3525390625,15562951919,btc
2019-06-18,9081.7626953125,15848210536,btc
2019-06-19,9273.521484375,15546809946,btc
2019-06-20,9527.16015625,17846823784,btc
2019-06-21,10144.556640625,20624008643,btc
2019-06-22,10701.69140625,29995204861,btc
2019-06-23,10855.37109375,20998326502,btc
2019-06-24,11011.1025390625,19271652365,btc
2019-06-25,11790.9169921875,24879684533,btc
2019-06-26,13016.2314453125,45105733173,btc
2019-06-27,11182.806640625,39977475223,btc
2019-06-28,12407.33203125,35087757766,btc
2019-06-29,11959.37109375,29923961128,btc
2019-06-30,10817.1552734375,27256473494,btc
2019-07-01,10583.134765625,29378589324,btc
2019-07-02,10801.677734375,31015895223,btc
2019-07-03,11961.26953125,30796494294,btc
2019-07-04,11215.4375,25920294033,btc
2019-07-05,10978.4599609375,23838480210,btc
2019-07-06,11208.55078125,21092024306,btc
2019-07-07,11450.8466796875,19369044277,btc
2019-07-08,12285.9580078125,23482551458,btc
2019-07-09,12573.8125,28167921523,btc
2019-07-10,12156.5126953125,33627574244,btc
2019-07-11,11358.662109375,28595327690,btc
2019-07-12,11815.986328125,23534692797,btc
2019-07-13,11392.37890625,21042616384,btc
2019-07-14,10256.05859375,22486000001,btc
2019-07-15,10895.08984375,25384047207,btc
2019-07-16,9477.6416015625,24151199070,btc
2019-07-17,9693.802734375,24569921549,btc
2019-07-18,10666.482421875,25187024648,btc
2019-07-19,10530.732421875,20727426310,btc
2019-07-20,10767.1396484375,20206615155,btc
2019-07-21,10599.10546875,17130580467,btc
2019-07-22,10343.1064453125,16334414913,btc
2019-07-23,9900.767578125,17851916995,btc
2019-07-24,9811.92578125,17398734322,btc
2019-07-25,9911.841796875,15821952090,btc
2019-07-26,9870.3037109375,14495714483,btc
2019-07-27,9477.677734375,16817809536,btc
2019-07-28,9552.8603515625,13738687093,btc
2019-07-29,9519.1455078125,13791445323,btc
2019-07-30,9607.423828125,13829811132,btc
2019-07-31,10085.6279296875,16631520648,btc
2019-08-01,10399.6689453125,17165337858,btc
2019-08-02,10518.1748046875,17489094082,btc
2019-08-03,10821.7265625,15352685061,btc
2019-08-04,10970.1845703125,16530894787,btc
2019-08-05,11805.6533203125,23875988832,btc
2019-08-06,11478.1689453125,23635107660,btc
2019-08-07,11941.96875,22194988641,btc
2019-08-08,11966.4072265625,19481591730,btc
2019-08-09,11862.9365234375,18339989960,btc
2019-08-10,11354.0244140625,18125355447,btc
2019-08-11,11523.5791015625,15774371518,btc
2019-08-12,11382.6162109375,13647198229,btc
2019-08-13,10895.830078125,16681503537,btc
2019-08-14,10051.7041015625,19990838300,btc
2019-08-15,10311.5458984375,22899115082,btc
2019-08-16,10374.3388671875,20228207096,btc
2019-08-17,10231.744140625,13778035685,btc
2019-08-18,10345.810546875,12999813869,btc
2019-08-19,10916.0537109375,16038264603,btc
2019-08-20,10763.232421875,15053082175,btc
2019-08-21,10138.0498046875,19473084768,btc
2019-08-22,10131.0556640625,17097508856,btc
2019-08-23,10407.96484375,15627023886,btc
2019-08-24,10159.9609375,15451030650,btc
2019-08-25,10138.517578125,14153856610,btc
2019-08-26,10370.8203125,18438654080,btc
2019-08-27,10185.5,14762609503,btc
2019-08-28,9754.4228515625,17603790323,btc
2019-08-29,9510.2001953125,17045878501,btc
2019-08-30,9598.173828125,13595263986,btc
2019-08-31,9630.6640625,11454806419,btc
2019-09-01,9757.970703125,11445355859,btc
2019-09-02,10346.7607421875,17248102294,btc
2019-09-03,10623.5400390625,19384917989,btc
2019-09-04,10594.4931640625,16742664769,btc
2019-09-05,10575.533203125,14551239508,btc
2019-09-06,10353.302734375,19536574783,btc
2019-09-07,10517.2548828125,15307366476,btc
2019-09-08,10441.2763671875,13670567493,btc
2019-09-09,10334.974609375,17595943368,btc
2019-09-10,10115.9755859375,14906809639,btc
2019-09-11,10178.3720703125,15428063426,btc
2019-09-12,10410.126953125,15323563925,btc
2019-09-13,10360.546875,14109864675,btc
2019-09-14,10358.048828125,13468713124,btc
2019-09-15,10347.712890625,12043433567,btc
2019-09-16,10276.7939453125,15160167779,btc
2019-09-17,10241.2724609375,15304603363,btc
2019-09-18,10198.248046875,16169268880,btc
2019-09-19,10266.4150390625,19937691247,btc
2019-09-20,10181.6416015625,14734189639,btc
2019-09-21,10019.716796875,13425266806,btc
2019-09-22,10070.392578125,13199651698,btc
2019-09-23,9729.32421875,15144925408,btc
2019-09-24,8620.56640625,25002886689,btc
2019-09-25,8486.9931640625,21744728353,btc
2019-09-26,8118.9677734375,19258205289,btc
2019-09-27,8251.845703125,16408941156,btc
2019-09-28,8245.9150390625,14141152736,btc
2019-09-29,8104.185546875,13034629109,btc
2019-09-30,8293.8681640625,17115474183,btc
2019-10-01,8343.2763671875,15305343413,btc
2019-10-02,8393.0419921875,13125712443,btc
2019-10-03,8259.9921875,13668823409,btc
2019-10-04,8205.939453125,13139456229,btc
2019-10-05,8151.50048828125,12200497197,btc
2019-10-06,7988.15576171875,13160830305,btc
2019-10-07,8245.623046875,18009742607,btc
2019-10-08,8228.783203125,15592264032,btc
2019-10-09,8595.740234375,19384942333,btc
2019-10-10,8586.4736328125,17618660671,btc
2019-10-11,8321.7568359375,19604381101,btc
2019-10-12,8336.5556640625,14532641605,btc
2019-10-13,8321.005859375,13808286059,btc
2019-10-14,8374.6865234375,15151387859,btc
2019-10-15,8205.369140625,15220412632,btc
2019-10-16,8047.52685546875,16071646996,btc
2019-10-17,8103.9111328125,14313052244,btc
2019-10-18,7973.20751953125,15651592610,btc
2019-10-19,7988.560546875,13797825640,btc
2019-10-20,8222.078125,15504249442,btc
2019-10-21,8243.720703125,15868748866,btc
2019-10-22,8078.203125,16803377857,btc
2019-10-23,7514.671875,21942878958,btc
2019-10-24,7493.48876953125,16268708849,btc
2019-10-25,8660.7001953125,28705065488,btc
2019-10-26,9244.97265625,44496255609,btc
2019-10-27,9551.71484375,32593129501,btc
2019-10-28,9256.1484375,30948255332,btc
2019-10-29,9427.6875,28426779937,btc
2019-10-30,9205.7265625,27706531577,btc
2019-10-31,9199.5849609375,26583653947,btc
2019-11-01,9261.1044921875,24324691031,btc
2019-11-02,9324.7177734375,21242676385,btc
2019-11-03,9235.3544921875,21132220847,btc
2019-11-04,9412.6123046875,26170255634,btc
2019-11-05,9342.52734375,26198609048,btc
2019-11-06,9360.8798828125,23133895765,btc
2019-11-07,9267.5615234375,22700383839,btc
2019-11-08,8804.880859375,24333037836,btc
2019-11-09,8813.58203125,17578630606,btc
2019-11-10,9055.5263671875,20587919881,btc
2019-11-11,8757.7880859375,20265510765,btc
2019-11-12,8815.662109375,20309769107,btc
2019-11-13,8808.2626953125,17545755405,btc
2019-11-14,8708.0947265625,19084739975,btc
2019-11-15,8491.9921875,21796856471,btc
2019-11-16,8550.7607421875,16495389808,btc
2019-11-17,8577.9755859375,18668638897,btc
2019-11-18,8309.2861328125,21579470673,btc
2019-11-19,8206.1455078125,21083613816,btc
2019-11-20,8027.26806640625,20764300437,btc
2019-11-21,7642.75,22514243371,btc
2019-11-22,7296.57763671875,34242315785,btc
2019-11-23,7397.796875,21008924418,btc
2019-11-24,7047.9169921875,30433517289,btc
2019-11-25,7146.1337890625,42685231262,btc
2019-11-26,7218.37109375,21129505542,btc
2019-11-27,7531.66357421875,23991412764,btc
2019-11-28,7463.10595703125,19050116751,btc
2019-11-29,7761.24365234375,19709695456,btc
2019-11-30,7569.6298828125,17158194786,btc
2019-12-01,7424.29248046875,18720708479,btc
2019-12-02,7321.98828125,17082040706,btc
2019-12-03,7320.1455078125,14797485769,btc
2019-12-04,7252.03466796875,21664240918,btc
2019-12-05,7448.3076171875,18816085231,btc
2019-12-06,7546.99658203125,18104466307,btc
2019-12-07,7556.23779296875,15453520564,btc
2019-12-08,7564.34521484375,15409908086,btc
2019-12-09,7400.8994140625,17872021272,btc
2019-12-10,7278.11962890625,18249031195,btc
2019-12-11,7217.42724609375,16350490689,btc
2019-12-12,7243.13427734375,18927080224,btc
2019-12-13,7269.6845703125,17125736940,btc
2019-12-14,7124.673828125,17137029730,btc
2019-12-15,7152.3017578125,16881129804,btc
2019-12-16,6932.48046875,20213265950,btc
2019-12-17,6640.51513671875,22363804217,btc
2019-12-18,7276.802734375,31836522778,btc
2019-12-19,7202.84423828125,25904604416,btc
2019-12-20,7218.81640625,22633815180,btc
2019-12-21,7191.15869140625,19312552168,btc
2019-12-22,7511.5888671875,23134537956,btc
2019-12-23,7355.62841796875,27831788041,btc
2019-12-24,7322.5322265625,22991622105,btc
2019-12-25,7275.15576171875,21559505149,btc
2019-12-26,7238.966796875,22787010034,btc
2019-12-27,7290.08837890625,22777360996,btc
2019-12-28,7317.990234375,21365673026,btc
2019-12-29,7422.65283203125,22445257702,btc
2019-12-30,7292.9951171875,22874131672,btc
2019-12-31,7193.59912109375,21167946112,btc
2020-01-01,7200.17431640625,18565664997,btc
2020-01-02,6985.47021484375,20802083465,btc
2020-01-03,7344.88427734375,28111481032,btc
2020-01-04,7410.65673828125,18444271275,btc
2020-01-05,7411.3173828125,19725074095,btc
2020-01-06,7769.21923828125,23276261598,btc
2020-01-07,8163.6923828125,28767291327,btc
2020-01-08,8079.86279296875,31672559265,btc
2020-01-09,7879.0712890625,24045990466,btc
2020-01-10,8166.55419921875,28714583844,btc
2020-01-11,8037.53759765625,25521165085,btc
2020-01-12,8192.494140625,22903438381,btc
2020-01-13,8144.1943359375,22482910688,btc
2020-01-14,8827.7646484375,44841784107,btc
2020-01-15,8807.0107421875,40102834650,btc
2020-01-16,8723.7861328125,31313981931,btc
2020-01-17,8929.0380859375,36372139320,btc
2020-01-18,8942.80859375,32337772627,btc
2020-01-19,8706.2451171875,34217320471,btc
2020-01-20,8657.642578125,26422375678,btc
2020-01-21,8745.89453125,24097418512,btc
2020-01-22,8680.8759765625,22600204051,btc
2020-01-23,8406.515625,25770680779,btc
2020-01-24,8445.4345703125,24397913026,btc
2020-01-25,8367.84765625,19647331549,btc
2020-01-26,8596.830078125,22177678796,btc
2020-01-27,8909.8193359375,28647338393,btc
2020-01-28,9358.58984375,34398744403,btc
2020-01-29,9316.6298828125,30682598115,btc
2020-01-30,9508.9931640625,32378792851,btc
2020-01-31,9350.529296875,29432489719,btc
2020-02-01,9392.875,25922656496,btc
2020-02-02,9344.365234375,30835736946,btc
2020-02-03,9293.521484375,30934096509,btc
2020-02-04,9180.962890625,29893183716,btc
2020-02-05,9613.423828125,35222060874,btc
2020-02-06,9729.8017578125,37628823716,btc
2020-02-07,9795.943359375,34522718159,btc
2020-02-08,9865.119140625,35172043762,btc
2020-02-09,10116.673828125,35807884663,btc
2020-02-10,9856.611328125,39386548075,btc
2020-02-11,10208.236328125,37648059389,btc
2020-02-12,10326.0546875,43444303830,btc
2020-02-13,10214.3798828125,49356071373,btc
2020-02-14,10312.1162109375,43338264162,btc
2020-02-15,9889.4248046875,43865054831,btc
2020-02-16,9934.43359375,43374780305,btc
2020-02-17,9690.142578125,45998298413,btc
2020-02-18,10141.99609375,47271023953,btc
2020-02-19,9633.38671875,46992019710,btc
2020-02-20,9608.4755859375,44925260237,btc
2020-02-21,9686.44140625,40930547513,btc
2020-02-22,9663.181640625,35838025154,btc
2020-02-23,9924.515625,41185185761,btc
2020-02-24,9650.1748046875,45080496648,btc
2020-02-25,9341.705078125,42515259129,btc
2020-02-26,8820.5224609375,50420050762,btc
2020-02-27,8784.494140625,45470195695,btc
2020-02-28,8672.455078125,44605450443,btc
2020-02-29,8599.5087890625,35792392544,btc
2020-03-01,8562.4541015625,35349164300,btc
2020-03-02,8869.669921875,42857674409,btc
2020-03-03,8787.7861328125,42386715821,btc
2020-03-04,8755.24609375,34746706368,btc
2020-03-05,9078.7626953125,39698054597,btc
2020-03-06,9122.5458984375,40826885651,btc
2020-03-07,8909.9541015625,36216930370,btc
2020-03-08,8108.1162109375,39973102121,btc
2020-03-09,7923.64453125,46936995808,btc
2020-03-10,7909.7294921875,42213940994,btc
2020-03-11,7911.43017578125,38682762605,btc
2020-03-12,4970.7880859375,53980357243,btc
2020-03-13,5563.70703125,74156772075,btc
2020-03-14,5200.3662109375,36154506008,btc
2020-03-15,5392.31494140625,33997889639,btc
2020-03-16,5014.47998046875,45368026430,btc
2020-03-17,5225.62939453125,38622642935,btc
2020-03-18,5238.4384765625,37878801016,btc
2020-03-19,6191.19287109375,51000731797,btc
2020-03-20,6198.7783203125,54442976103,btc
2020-03-21,6185.06640625,42494390880,btc
2020-03-22,5830.2548828125,40099664740,btc
2020-03-23,6416.31494140625,46491916000,btc
2020-03-24,6734.8037109375,48221910672,btc
2020-03-25,6681.06298828125,44590107888,btc
2020-03-26,6716.4404296875,35319797642,btc
2020-03-27,6469.79833984375,34585598367,btc
2020-03-28,6242.19384765625,34885225901,btc
2020-03-29,5922.04296875,28373690931,btc
2020-03-30,6429.841796875,37101651525,btc
2020-03-31,6438.64453125,32786468812,btc
2020-04-01,6606.7763671875,40346426266,btc
2020-04-02,6793.62451171875,47660646124,btc
2020-04-03,6733.38720703125,38976504903,btc
2020-04-04,6867.52734375,33185988584,btc
2020-04-05,6791.12939453125,29510409856,btc
2020-04-06,7271.78125,46896904615,btc
2020-04-07,7176.41455078125,44243482668,btc
2020-04-08,7334.0986328125,37563249549,btc
2020-04-09,7302.08935546875,34815139178,btc
2020-04-10,6865.4931640625,43622840992,btc
2020-04-11,6859.0830078125,31222085946,btc
2020-04-12,6971.091796875,35759567632,btc
2020-04-13,6845.03759765625,38619308647,btc
2020-04-14,6842.427734375,34110434052,btc
2020-04-15,6642.10986328125,32288311031,btc
2020-04-16,7116.80419921875,46783242377,btc
2020-04-17,7096.1845703125,32513423567,btc
2020-04-18,7257.6650390625,32447188386,btc
2020-04-19,7189.4248046875,31311210215,btc
2020-04-20,6881.95849609375,37747113936,btc
2020-04-21,6880.3232421875,32589741511,btc
2020-04-22,7117.20751953125,33249153866,btc
2020-04-23,7429.724609375,43500782316,btc
2020-04-24,7550.90087890625,34636526286,btc
2020-04-25,7569.93603515625,32941541447,btc
2020-04-26,7679.8671875,33070154491,btc
2020-04-27,7795.60107421875,36162144725,btc
2020-04-28,7807.05859375,33187959921,btc
2020-04-29,8801.0380859375,60201052203,btc
2020-04-30,8658.5537109375,66964629541,btc
2020-05-01,8864.7666015625,44068389997,btc
2020-05-02,8988.5966796875,40134388683,btc
2020-05-03,8897.46875,47101785174,btc
2020-05-04,8912.654296875,45718796276,btc
2020-05-05,9003.0703125,43148462663,btc
2020-05-06,9268.76171875,49371886931,btc
2020-05-07,9951.5185546875,61112700562,btc
2020-05-08,9842.666015625,51780748042,btc
2020-05-09,9593.896484375,46566121841,btc
2020-05-10,8756.4306640625,63325279337,btc
2020-05-11,8601.7958984375,57119858802,btc
2020-05-12,8804.4775390625,42142717533,btc
2020-05-13,9269.9873046875,45558144023,btc
2020-05-14,9733.7216796875,56426907637,btc
2020-05-15,9328.197265625,48158802327,btc
2020-05-16,9377.013671875,36164766408,btc
2020-05-17,9670.7392578125,40084250663,btc
2020-05-18,9726.5751953125,41827139896,btc
2020-05-19,9729.0380859375,39254288955,btc
2020-05-20,9522.9814453125,36546239703,btc
2020-05-21,9081.76171875,39326160532,btc
2020-05-22,9182.5771484375,29810773699,btc
2020-05-23,9209.287109375,27727866812,btc
2020-05-24,8790.3681640625,32518803300,btc
2020-05-25,8906.9345703125,31288157264,btc
2020-05-26,8835.052734375,29584186947,btc
2020-05-27,9181.017578125,32740536902,btc
2020-05-28,9525.7509765625,34367073114,btc
2020-05-29,9439.1240234375,32896642044,btc
2020-05-30,9700.4140625,32722975141,btc
2020-05-31,9461.05859375,27773290299,btc
2020-06-01,10167.2685546875,35198901068,btc
2020-06-02,9529.8037109375,39137252109,btc
2020-06-03,9656.7177734375,25007459262,btc
2020-06-04,9800.63671875,25921805072,btc
2020-06-05,9665.533203125,23509628646,btc
2020-06-06,9653.6796875,20438419222,btc
2020-06-07,9758.8525390625,25015250846,btc
2020-06-08,9771.4892578125,21486346312,btc
2020-06-09,9795.7001953125,23717842783,btc
2020-06-10,9870.0947265625,25706567601,btc
2020-06-11,9321.78125,30247143440,btc
2020-06-12,9480.84375,22610564515,btc
2020-06-13,9475.27734375,17564322315,btc
2020-06-14,9386.7880859375,18991732746,btc
2020-06-15,9450.7021484375,26699704768,btc
2020-06-16,9538.0244140625,21565537209,btc
2020-06-17,9480.2548828125,20177709879,btc
2020-06-18,9411.8408203125,17770083003,btc
2020-06-19,9288.0185546875,19632223107,btc
2020-06-20,9332.3408203125,17130541557,btc
2020-06-21,9303.6298828125,15324301169,btc
2020-06-22,9648.7177734375,21104009514,btc
2020-06-23,9629.658203125,17006433272,btc
2020-06-24,9313.6103515625,18961716076,btc
2020-06-25,9264.8134765625,18616048626,btc
2020-06-26,9162.91796875,18341465837,btc
2020-06-27,9045.390625,17273093144,btc
2020-06-28,9143.58203125,14560870760,btc
2020-06-29,9190.8544921875,16460547078,btc
2020-06-30,9137.9931640625,15735797744,btc
2020-07-01,9228.3251953125,15971550355,btc
2020-07-02,9123.41015625,16338916796,btc
2020-07-03,9087.3037109375,13078970999,btc
2020-07-04,9132.48828125,12290528515,btc
2020-07-05,9073.9423828125,12903406143,btc
2020-07-06,9375.474609375,17889263252,btc
2020-07-07,9252.27734375,13839652595,btc
2020-07-08,9428.3330078125,19702359883,btc
2020-07-09,9277.9677734375,18000702524,btc
2020-07-10,9278.8076171875,16860035605,btc
2020-07-11,9240.3466796875,13249910444,btc
2020-07-12,9276.5,14452361907,btc
2020-07-13,9243.6142578125,17519821266,btc
2020-07-14,9243.2138671875,18085038362,btc
2020-07-15,9192.8369140625,15844731575,btc
2020-07-16,9132.2275390625,15713967523,btc
2020-07-17,9151.392578125,13944570749,btc
2020-07-18,9159.0400390625,12252601475,btc
2020-07-19,9185.8173828125,12939002784,btc
2020-07-20,9164.2314453125,13755604146,btc
2020-07-21,9374.8876953125,18069581956,btc
2020-07-22,9525.36328125,16532254884,btc
2020-07-23,9581.072265625,18146399002,btc
2020-07-24,9536.892578125,16552768325,btc
2020-07-25,9677.11328125,16610070933,btc
2020-07-26,9905.1669921875,20507998997,btc
2020-07-27,10990.873046875,35359749590,btc
2020-07-28,10912.8232421875,28766551142,btc
2020-07-29,11100.4677734375,24617249715,btc
2020-07-30,11111.2138671875,22857247901,btc
2020-07-31,11323.466796875,23160469766,btc
2020-08-01,11759.5927734375,26075670303,btc
2020-08-02,11053.6142578125,27410067336,btc
2020-08-03,11246.3486328125,20271713443,btc
2020-08-04,11205.892578125,21250197042,btc
2020-08-05,11747.0224609375,24411254471,btc
2020-08-06,11779.7734375,23400740340,btc
2020-08-07,11601.47265625,23132312867,btc
2020-08-08,11754.0458984375,17572057837,btc
2020-08-09,11675.7392578125,17489608833,btc
2020-08-10,11878.111328125,26114112569,btc
2020-08-11,11410.525390625,27039782640,btc
2020-08-12,11584.9345703125,25064548486,btc
2020-08-13,11784.1376953125,27522199497,btc
2020-08-14,11768.87109375,24237958589,btc
2020-08-15,11865.6982421875,23354924400,btc
2020-08-16,11892.8037109375,20583375490,btc
2020-08-17,12254.40234375,28227687027,btc
2020-08-18,11991.2333984375,26043227672,btc
2020-08-19,11758.283203125,24502851117,btc
2020-08-20,11878.3720703125,20175242945,btc
2020-08-21,11592.4892578125,23762425999,btc
2020-08-22,11681.8251953125,20224191306,btc
2020-08-23,11664.84765625,18482062658,btc
2020-08-24,11774.595703125,20681511755,btc
2020-08-25,11366.134765625,26301509932,btc
2020-08-26,11488.36328125,22466660958,btc
2020-08-27,11323.3974609375,23240415076,btc
2020-08-28,11542.5,19807127588,btc
2020-08-29,11506.865234375,17485597759,btc
2020-08-30,11711.505859375,19760127945,btc
2020-08-31,11680.8203125,22285928250,btc
2020-09-01,11970.478515625,27311555343,btc
2020-09-02,11414.0341796875,28037405299,btc
2020-09-03,10245.296875,31927261555,btc
2020-09-04,10511.8134765625,29965130374,btc
2020-09-05,10169.5673828125,44916565292,btc
2020-09-06,10280.3515625,37071460174,btc
2020-09-07,10369.5634765625,33703098409,btc
2020-09-08,10131.5166015625,33430927462,btc
2020-09-09,10242.34765625,24128292755,btc
2020-09-10,10363.138671875,54406443211,btc
2020-09-11,10400.9150390625,45201121775,btc
2020-09-12,10442.1708984375,36750077324,btc
2020-09-13,10323.755859375,36506852789,btc
2020-09-14,10680.837890625,35453581940,btc
2020-09-15,10796.951171875,32509451925,btc
2020-09-16,10974.9052734375,30769986455,btc
2020-09-17,10948.990234375,38151810523,btc
2020-09-18,10944.5859375,26341903912,btc
2020-09-19,11094.3466796875,22764204008,btc
2020-09-20,10938.271484375,24699523788,btc
2020-09-21,10462.259765625,28884999244,btc
2020-09-22,10538.4599609375,23621787804,btc
2020-09-23,10246.1865234375,23788661867,btc
2020-09-24,10760.06640625,47144380902,btc
2020-09-25,10692.716796875,39348590957,btc
2020-09-26,10750.7236328125,46852525493,btc
2020-09-27,10775.26953125,53745972818,btc
2020-09-28,10709.65234375,47762394731,btc
2020-09-29,10844.640625,46582396602,btc
2020-09-30,10784.4912109375,44171073700,btc
2020-10-01,10619.4521484375,40023134100,btc
2020-10-02,10575.974609375,48661453918,btc
2020-10-03,10549.3291015625,44660271563,btc
2020-10-04,10669.5830078125,71251776995,btc
2020-10-05,10793.33984375,47537578009,btc
2020-10-06,10604.40625,42623695307,btc
2020-10-07,10668.96875,37799458436,btc
2020-10-08,10915.685546875,63314794397,btc
2020-10-09,11064.4580078125,22799117613,btc
2020-10-10,11296.361328125,22877978588,btc
2020-10-11,11384.181640625,19968627060,btc
2020-10-12,11555.36328125,26163972642,btc
2020-10-13,11425.8994140625,24241420251,btc
2020-10-14,11429.5068359375,24103426719,btc
2020-10-15,11495.349609375,24487233058,btc
2020-10-16,11322.123046875,25635480772,btc
2020-10-17,11358.1015625,19130430174,btc
2020-10-18,11483.359375,18283314340,btc
2020-10-19,11742.037109375,23860769928,btc
2020-10-20,11916.3349609375,30915821592,btc
2020-10-21,12823.689453125,43414712626,btc
2020-10-22,12965.8916015625,34729759598,btc
2020-10-23,12931.5390625,28974975003,btc
2020-10-24,13108.0625,24542317940,btc
2020-10-25,13031.173828125,24406920575,btc
2020-10-26,13075.248046875,29461458313,btc
2020-10-27,13654.21875,33749878156,btc
2020-10-28,13271.28515625,35867318895,btc
2020-10-29,13437.8828125,56499499598,btc
2020-10-30,13546.5224609375,30581485201,btc
2020-10-31,13780.9951171875,30306464719,btc
2020-11-01,13737.109375,24453857900,btc
2020-11-02,13550.4892578125,30771455468,btc
2020-11-03,13950.30078125,29869951617,btc
2020-11-04,14133.70703125,35116364962,btc
2020-11-05,15579.8486328125,40856321439,btc
2020-11-06,15565.880859375,39837841971,btc
2020-11-07,14833.75390625,35024953706,btc
2020-11-08,15479.5673828125,26632075029,btc
2020-11-09,15332.3154296875,34149115566,btc
2020-11-10,15290.90234375,25574938143,btc
2020-11-11,15701.33984375,29772374934,btc
2020-11-12,16276.34375,34175758344,btc
2020-11-13,16317.80859375,31599492172,btc
2020-11-14,16068.138671875,27481710135,btc
2020-11-15,15955.587890625,23653867583,btc
2020-11-16,16716.111328125,31526766675,btc
2020-11-17,17645.40625,39006849170,btc
2020-11-18,17804.005859375,49064800278,btc
2020-11-19,17817.08984375,36985055355,btc
2020-11-20,18621.314453125,36992873940,btc
2020-11-21,18642.232421875,39650210707,btc
2020-11-22,18370.001953125,41280434226,btc
2020-11-23,18364.12109375,42741112308,btc
2020-11-24,19107.46484375,51469565009,btc
2020-11-25,18732.12109375,43710357371,btc
2020-11-26,17150.623046875,61396835737,btc
2020-11-27,17108.40234375,38886494645,btc
2020-11-28,17717.4140625,32601040734,btc
2020-11-29,18177.484375,31133957704,btc
2020-11-30,19625.8359375,47728480399,btc
2020-12-01,18802.998046875,49633658712,btc
2020-12-02,19201.091796875,37387697139,btc
2020-12-03,19445.3984375,31930317405,btc
2020-12-04,18699.765625,33872388058,btc
2020-12-05,19154.23046875,27242455064,btc
2020-12-06,19345.12109375,25293775714,btc
2020-12-07,19191.630859375,26896357742,btc
2020-12-08,18321.14453125,31692288756,btc
2020-12-09,18553.916015625,34420373071,btc
2020-12-10,18264.9921875,25547132265,btc
2020-12-11,18058.904296875,27919640985,btc
2020-12-12,18803.65625,21752580802,btc
2020-12-13,19142.3828125,25450468637,btc
2020-12-14,19246.64453125,22473997681,btc
2020-12-15,19417.076171875,26741982541,btc
2020-12-16,21310.59765625,44409011479,btc
2020-12-17,22805.162109375,71378606374,btc
2020-12-18,23137.9609375,40387896275,btc
2020-12-19,23869.83203125,38487546580,btc
2020-12-20,23477.294921875,37844228422,btc
2020-12-21,22803.08203125,45852713981,btc
2020-12-22,23783.029296875,44171632681,btc
2020-12-23,23241.345703125,51146161904,btc
2020-12-24,23735.94921875,41080759713,btc
2020-12-25,24664.791015625,42068395846,btc
2020-12-26,26437.037109375,48332647295,btc
2020-12-27,26272.294921875,66479895605,btc
2020-12-28,27084.80859375,49056742893,btc
2020-12-29,27362.4375,45265946774,btc
2020-12-30,28840.953125,51287442704,btc
2020-12-31,29001.720703125,46754964848,btc
2021-01-01,29374.15234375,40730301359,btc
2021-01-02,32127.267578125,67865420765,btc
2021-01-03,32782.0234375,78665235202,btc
2021-01-04,31971.9140625,81163475344,btc
2021-01-05,33992.4296875,67547324782,btc
2021-01-06,36824.36328125,75289433811,btc
2021-01-07,39371.04296875,84762141031,btc
2021-01-08,40797.609375,88107519480,btc
2021-01-09,40254.546875,61984162837,btc
2021-01-10,38356.44140625,79980747690,btc
2021-01-11,35566.65625,123320567399,btc
2021-01-12,33922.9609375,74773277909,btc
2021-01-13,37316.359375,69364315979,btc
2021-01-14,39187.328125,63615990033,btc
2021-01-15,36825.3671875,67760757881,btc
2021-01-16,36178.140625,57706187875,btc
2021-01-17,35791.27734375,52359854336,btc
2021-01-18,36630.07421875,49511702429,btc
2021-01-19,36069.8046875,57244195486,btc
2021-01-20,35547.75,66834573161,btc
2021-01-21,30825.69921875,75643067688,btc
2021-01-22,33005.76171875,77207272511,btc
2021-01-23,32067.642578125,48354737975,btc
2021-01-24,32289.37890625,48643830599,btc
2021-01-25,32366.392578125,59897054838,btc
2021-01-26,32569.849609375,60255421470,btc
2021-01-27,30432.546875,62576762015,btc
2021-01-28,33466.09765625,76517157706,btc
2021-01-29,34316.38671875,117894572511,btc
2021-01-30,34269.5234375,65141828798,btc
2021-01-31,33114.359375,52754542671,btc
2021-02-01,33537.17578125,61400400660,btc
2021-02-02,35510.2890625,63088585433,btc
2021-02-03,37472.08984375,61166818159,btc
2021-02-04,36926.06640625,68838074392,btc
2021-02-05,38144.30859375,58598066402,btc
2021-02-06,39266.01171875,71326033653,btc
2021-02-07,38903.44140625,65500641143,btc
2021-02-08,46196.46484375,101467222687,btc
2021-02-09,46481.10546875,91809846886,btc
2021-02-10,44918.18359375,87301089896,btc
2021-02-11,47909.33203125,81388911810,btc
2021-02-12,47504.8515625,76555041196,btc
2021-02-13,47105.515625,70250456155,btc
2021-02-14,48717.2890625,71248675228,btc
2021-02-15,47945.05859375,77069903166,btc
2021-02-16,49199.87109375,77049582886,btc
2021-02-17,52149.0078125,80820545404,btc
2021-02-18,51679.796875,52054723579,btc
2021-02-19,55888.1328125,63495496918,btc
2021-02-20,56099.51953125,68145460026,btc
2021-02-21,57539.9453125,51897585191,btc
2021-02-22,54207.3203125,92052420332,btc
2021-02-23,48824.42578125,106102492824,btc
2021-02-24,49705.33203125,63695521388,btc
2021-02-25,47093.8515625,54506565949,btc
2021-02-26,46339.76171875,350967941479,btc
2021-02-27,46188.453125,45910946382,btc
2021-02-28,45137.76953125,53443887451,btc
2021-03-01,49631.2421875,53891300112,btc
2021-03-02,48378.98828125,47530897720,btc
2021-03-03,50538.2421875,53220811975,btc
2021-03-04,48561.16796875,52343816680,btc
2021-03-05,48927.3046875,48625928883,btc
2021-03-06,48912.3828125,34363564661,btc
2021-03-07,51206.69140625,43137459378,btc
2021-03-08,52246.5234375,48597428048,btc
2021-03-09,54824.1171875,50912227385,btc
2021-03-10,56008.55078125,57295577614,btc
2021-03-11,57805.12109375,56772343595,btc
2021-03-12,57332.08984375,55689944702,btc
2021-03-13,61243.0859375,60669829814,btc
2021-03-14,59302.31640625,43901225564,btc
2021-03-15,55907.19921875,66419369890,btc
2021-03-16,56804.90234375,59749798599,btc
2021-03-17,58870.89453125,60258313191,btc
2021-03-18,57858.921875,55746041000,btc
2021-03-19,58346.65234375,49063873786,btc
2021-03-20,58313.64453125,50361731222,btc
2021-03-21,57523.421875,51943414539,btc
2021-03-22,54529.14453125,56521454974,btc
2021-03-23,54738.9453125,56435023914,btc
2021-03-24,52774.265625,70567223787,btc
2021-03-25,51704.16015625,67999812841,btc
2021-03-26,55137.3125,56652197978,btc
2021-03-27,55973.51171875,47266542233,btc
2021-03-28,55950.74609375,47686580918,btc
2021-03-29,57750.19921875,57625587027,btc
2021-03-30,58917.69140625,54414116432,btc
2021-03-31,58918.83203125,65520826225,btc
2021-04-01,59095.80859375,61669163792,btc
2021-04-02,59384.3125,58727860620,btc
2021-04-03,57603.890625,59641344484,btc
2021-04-04,58758.5546875,50749662970,btc
2021-04-05,59057.87890625,60706272115,btc
2021-04-06,58192.359375,66058027988,btc
2021-04-07,56048.9375,75645303584,btc
2021-04-08,58323.953125,53053855641,btc
2021-04-09,58245.00390625,46655208546,btc
2021-04-10,59793.234375,58238470525,btc
2021-04-11,60204.96484375,46280252580,btc
2021-04-12,59893.453125,51828688519,btc
2021-04-13,63503.45703125,69983454362,btc
2021-04-14,63109.6953125,77451779687,btc
2021-04-15,63314.01171875,60954381579,btc
2021-04-16,61572.7890625,84293007468,btc
2021-04-17,60683.8203125,66138759198,btc
2021-04-18,56216.18359375,97468872758,btc
2021-04-19,55724.265625,65344865159,btc
2021-04-20,56473.03125,67849323955,btc
2021-04-21,53906.08984375,54926612466,btc
2021-04-22,51762.2734375,74798630778,btc
2021-04-23,51093.65234375,86668667320,btc
2021-04-24,50050.8671875,49014494781,btc
2021-04-25,49004.25390625,46117114240,btc
2021-04-26,54021.75390625,58284039825,btc
2021-04-27,55033.1171875,49448222757,btc
2021-04-28,54824.703125,48000572955,btc
2021-04-29,53555.109375,46088929780,btc
2021-04-30,57750.17578125,52395931985,btc
2021-05-01,57828.05078125,42836427360,btc
2021-05-02,56631.078125,38177405335,btc
2021-05-03,57200.29296875,51713139031,btc
2021-05-04,53333.5390625,68564706967,btc
2021-05-05,57424.0078125,69241316747,btc
2021-05-06,56396.515625,69523285106,btc
2021-05-07,57356.40234375,68434023376,btc
2021-05-08,58803.77734375,65382980634,btc
2021-05-09,58232.31640625,65906690347,btc
2021-05-10,55859.796875,71776546298,btc
2021-05-11,56704.57421875,61308396325,btc
2021-05-12,49150.53515625,75215403907,btc
2021-05-13,49716.19140625,96721152926,btc
2021-05-14,49880.53515625,55737497453,btc
2021-05-15,46760.1875,59161047474,btc
2021-05-16,46456.05859375,64047871555,btc
2021-05-17,43537.51171875,74903638450,btc
2021-05-18,42909.40234375,56187365084,btc
2021-05-19,37002.44140625,126358098747,btc
2021-05-20,40782.73828125,88281943359,btc
2021-05-21,37304.69140625,82051616861,btc
2021-05-22,37536.6328125,57377273240,btc
2021-05-23,34770.58203125,78469274361,btc
2021-05-24,38705.98046875,67359584098,btc
2021-05-25,38402.22265625,56211915803,btc
2021-05-26,39294.19921875,51346735160,btc
2021-05-27,38436.96875,43210968721,btc
2021-05-28,35697.60546875,55200191952,btc
2021-05-29,34616.06640625,45231013335,btc
2021-05-30,35678.12890625,31646080921,btc
2021-05-31,37332.85546875,39009847639,btc
2021-06-01,36684.92578125,34639423297,btc
2021-06-02,37575.1796875,33070867190,btc
2021-06-03,39208.765625,35460750427,btc
2021-06-04,36894.40625,41831090187,btc
2021-06-05,35551.95703125,35959473399,btc
2021-06-06,35862.37890625,28913440585,btc
2021-06-07,33560.70703125,33683936663,btc
2021-06-08,33472.6328125,49902050442,btc
2021-06-09,37345.12109375,53972919008,btc
2021-06-10,36702.59765625,43576032854,btc
2021-06-11,37334.3984375,38699736985,btc
2021-06-12,35552.515625,37924228550,btc
2021-06-13,39097.859375,40669112838,btc
2021-06-14,40218.4765625,43148914673,btc
2021-06-15,40406.26953125,46420149185,btc
2021-06-16,38347.0625,39211635100,btc
2021-06-17,38053.50390625,37096670047,btc
2021-06-18,35787.24609375,36200887275,btc
2021-06-19,35615.87109375,31207279719,btc
2021-06-20,35698.296875,36664034054,btc
2021-06-21,31676.693359375,52809038594,btc
2021-06-22,32505.66015625,58964353058,btc
2021-06-23,33723.02734375,46317108925,btc
2021-06-24,34662.4375,33123368116,btc
2021-06-25,31637.779296875,40230904226,btc
2021-06-26,32186.27734375,38585385521,btc
2021-06-27,34649.64453125,35511640894,btc
2021-06-28,34434.3359375,33892523752,btc
2021-06-29,35867.77734375,37901460044,btc
2021-06-30,35040.8359375,34059036099,btc
2021-07-01,33572.1171875,37838957079,btc
2021-07-02,33897.046875,38728974942,btc
2021-07-03,34668.546875,24383958643,btc
2021-07-04,35287.78125,24924307911,btc
2021-07-05,33746.00390625,26721554282,btc
2021-07-06,34235.1953125,26501259870,btc
2021-07-07,33855.328125,24796027477,btc
2021-07-08,32877.37109375,29910396946,btc
2021-07-09,33798.01171875,27436021028,btc
2021-07-10,33520.51953125,22971873468,btc
2021-07-11,34240.1875,20108729370,btc
2021-07-12,33155.84765625,24321499537,btc
2021-07-13,32702.025390625,19120856669,btc
2021-07-14,32822.34765625,21376531210,btc
2021-07-15,31780.73046875,21300524237,btc
2021-07-16,31421.5390625,23699476918,btc
2021-07-17,31533.068359375,18895018942,btc
2021-07-18,31796.810546875,18787986667,btc
2021-07-19,30817.83203125,20434789545,btc
2021-07-20,29807.34765625,23148267245,btc
2021-07-21,32110.693359375,28203024559,btc
2021-07-22,32313.10546875,19555230518,btc
2021-07-23,33581.55078125,22552046192,btc
2021-07-24,34292.4453125,21664706865,btc
2021-07-25,35350.1875,20856685287,btc
2021-07-26,37337.53515625,51022126212,btc
2021-07-27,39406.94140625,35097370560,btc
2021-07-28,39995.90625,38702404695,btc
2021-07-29,40008.421875,27167146027,btc
2021-07-30,42235.546875,33072782960,btc
2021-07-31,41626.1953125,25802845343,btc
2021-08-01,39974.89453125,26688438115,btc
2021-08-02,39201.9453125,25595265436,btc
2021-08-03,38152.98046875,26189830450,btc
2021-08-04,39747.50390625,25372562724,btc
2021-08-05,40869.5546875,35185031017,btc
2021-08-06,42816.5,38226483046,btc
2021-08-07,44555.80078125,40030862141,btc
2021-08-08,43798.1171875,36302664750,btc
2021-08-09,46365.40234375,38734079049,btc
2021-08-10,45585.03125,33546019517,btc
2021-08-11,45593.63671875,34319709073,btc
2021-08-12,44428.2890625,33723620826,btc
2021-08-13,47793.3203125,31744259539,btc
2021-08-14,47096.9453125,31211354442,btc
2021-08-15,47047.00390625,30988958446,btc
2021-08-16,46004.484375,32776876610,btc
2021-08-17,44695.359375,33451362600,btc
2021-08-18,44801.1875,32194123075,btc
2021-08-19,46717.578125,37204312299,btc
2021-08-20,49339.17578125,34706867452,btc
2021-08-21,48905.4921875,40585205312,btc
2021-08-22,49321.65234375,25370975378,btc
2021-08-23,49546.1484375,34305053719,btc
2021-08-24,47706.1171875,35361168834,btc
2021-08-25,48960.7890625,32646349931,btc
2021-08-26,46942.21875,32666549568,btc
2021-08-27,49058.66796875,34511076995,btc
2021-08-28,48902.40234375,28568103401,btc
2021-08-29,48829.83203125,25889650240,btc
2021-08-30,47054.984375,31847007016,btc
2021-08-31,47166.6875,34730363427,btc
2021-09-01,48847.02734375,39139399125,btc
2021-09-02,49327.72265625,39508070319,btc
2021-09-03,50025.375,43206179619,btc
2021-09-04,49944.625,37471327794,btc
2021-09-05,51753.41015625,30322676319,btc
2021-09-06,52633.53515625,38884105426,btc
2021-09-07,46811.12890625,65210059683,btc
2021-09-08,46091.390625,49007762488,btc
2021-09-09,46391.421875,38672657013,btc
2021-09-10,44883.91015625,39154666597,btc
2021-09-11,45201.45703125,34499835245,btc
2021-09-12,46063.26953125,27881980161,btc
2021-09-13,44963.07421875,40969943253,btc
2021-09-14,47092.4921875,38652152880,btc
2021-09-15,48176.34765625,30484496466,btc
2021-09-16,47783.359375,31764293754,btc
2021-09-17,47267.51953125,28727713711,btc
2021-09-18,48278.36328125,28575630451,btc
2021-09-19,47260.21875,26967722648,btc
2021-09-20,42843.80078125,43909845642,btc
2021-09-21,40693.67578125,48701090088,btc
2021-09-22,43574.5078125,38139709246,btc
2021-09-23,44895.09765625,34244064430,btc
2021-09-24,42839.75,42839345714,btc
2021-09-25,42716.59375,31604717236,btc
2021-09-26,43208.5390625,30661222077,btc
2021-09-27,42235.73046875,30980029059,btc
2021-09-28,41034.54296875,30214940550,btc
2021-09-29,41564.36328125,30602359905,btc
2021-09-30,43790.89453125,31141681925,btc
2021-10-01,48116.94140625,42850641582,btc
2021-10-02,47711.48828125,30614346492,btc
2021-10-03,48199.953125,26638115879,btc
2021-10-04,49112.90234375,33383173002,btc
2021-10-05,51514.8125,35873904236,btc
2021-10-06,55361.44921875,49034730168,btc
2021-10-07,53805.984375,36807860413,btc
2021-10-08,53967.84765625,34800873924,btc
2021-10-09,54968.22265625,32491211414,btc
2021-10-10,54771.578125,39527792364,btc
2021-10-11,57484.7890625,42637331698,btc
2021-10-12,56041.05859375,41083758949,btc
2021-10-13,57401.09765625,41684252783,btc
2021-10-14,57321.5234375,36615791366,btc
2021-10-15,61593.94921875,51780081801,btc
2021-10-16,60892.1796875,34250964237,btc
2021-10-17,61553.6171875,29032367511,btc
2021-10-18,62026.078125,38055562075,btc
2021-10-19,64261.9921875,40471196346,btc
2021-10-20,65992.8359375,40788955582,btc
2021-10-21,62210.171875,45908121370,btc
2021-10-22,60692.265625,38434082775,btc
2021-10-23,61393.6171875,26882546034,btc
2021-10-24,60930.8359375,27316183882,btc
2021-10-25,63039.82421875,31064911614,btc
2021-10-26,60363.79296875,34878965587,btc
2021-10-27,58482.38671875,43657076893,btc
2021-10-28,60622.13671875,45257083247,btc
2021-10-29,62227.96484375,36856881767,btc
2021-10-30,61888.83203125,32157938616,btc
2021-10-31,61318.95703125,32241199927,btc
2021-11-01,61004.40625,36150572843,btc
2021-11-02,63226.40234375,37746665647,btc
2021-11-03,62970.046875,36124731509,btc
2021-11-04,61452.23046875,32615846901,btc
2021-11-05,61125.67578125,30605102446,btc
2021-11-06,61527.48046875,29094934221,btc
2021-11-07,63326.98828125,24726754302,btc
2021-11-08,67566.828125,41125608330,btc
2021-11-09,66971.828125,42357991721,btc
2021-11-10,64995.23046875,48730828378,btc
2021-11-11,64949.9609375,35880633236,btc
2021-11-12,64155.94140625,36084893887,btc
2021-11-13,64469.52734375,30474228777,btc
2021-11-14,65466.83984375,25122092191,btc
2021-11-15,63557.87109375,30558763548,btc
2021-11-16,60161.24609375,46844335592,btc
2021-11-17,60368.01171875,39178392930,btc
2021-11-18,56942.13671875,41388338699,btc
2021-11-19,58119.578125,38702407772,btc
2021-11-20,59697.1953125,30624264863,btc
2021-11-21,58730.4765625,26123447605,btc
2021-11-22,56289.2890625,35036121783,btc
2021-11-23,57569.07421875,37485803899,btc
2021-11-24,56280.42578125,36635566789,btc
2021-11-25,57274.6796875,34284016248,btc
2021-11-26,53569.765625,41810748221,btc
2021-11-27,54815.078125,30560857714,btc
2021-11-28,57248.45703125,28116886357,btc
2021-11-29,57806.56640625,32370840356,btc
2021-11-30,57005.42578125,36708594618,btc
2021-12-01,57229.828125,36858195307,btc
2021-12-02,56477.81640625,32379968686,btc
2021-12-03,53598.24609375,39789134215,btc
2021-12-04,49200.703125,61385677469,btc
2021-12-05,49368.84765625,37198201161,btc
2021-12-06,50582.625,37707308001,btc
2021-12-07,50700.0859375,33676814852,btc
2021-12-08,50504.796875,28479699446,btc
2021-12-09,47672.12109375,29603577251,btc
2021-12-10,47243.3046875,30966005122,btc
2021-12-11,49362.5078125,25775869261,btc
2021-12-12,50098.3359375,21939223599,btc
2021-12-13,46737.48046875,32166727776,btc
2021-12-14,46612.6328125,34638619079,btc
2021-12-15,48896.72265625,36541828520,btc
2021-12-16,47665.42578125,27268150947,btc
2021-12-17,46202.14453125,32902725329,btc
2021-12-18,46848.77734375,26098292690,btc
2021-12-19,46707.015625,25154053861,btc
2021-12-20,46880.27734375,30961902129,btc
2021-12-21,48936.61328125,27055803928,btc
2021-12-22,48628.51171875,24447979559,btc
2021-12-23,50784.5390625,28223878108,btc
2021-12-24,50822.1953125,24367912228,btc
2021-12-25,50429.859375,19030650914,btc
2021-12-26,50809.515625,20964372926,btc
2021-12-27,50640.41796875,24324345758,btc
2021-12-28,47588.85546875,33430376883,btc
2021-12-29,46444.7109375,30049226299,btc
2021-12-30,47178.125,26686491018,btc
2021-12-31,46306.4453125,36974172400,btc
2022-01-01,47686.8125,24582667004,btc
2022-01-02,47345.21875,27951569547,btc
2022-01-03,46458.1171875,33071628362,btc
2022-01-04,45897.57421875,42494677905,btc
2022-01-05,43569.00390625,36851084859,btc
2022-01-06,43160.9296875,30208048289,btc
2022-01-07,41557.90234375,84196607520,btc
2022-01-08,41733.94140625,28066355845,btc
2022-01-09,41911.6015625,21294384372,btc
2022-01-10,41821.26171875,32104232331,btc
2022-01-11,42735.85546875,26327648900,btc
2022-01-12,43949.1015625,33499938689,btc
2022-01-13,42591.5703125,47691135082,btc
2022-01-14,43099.69921875,23577403399,btc
2022-01-15,43177.3984375,18371348298,btc
2022-01-16,43113.87890625,17902097845,btc
2022-01-17,42250.55078125,21690904261,btc
2022-01-18,42375.6328125,22417209227,btc
2022-01-19,41744.328125,23091543258,btc
2022-01-20,40680.41796875,20382033940,btc
2022-01-21,36457.31640625,43011992031,btc
2022-01-22,35030.25,39714385405,btc
2022-01-23,36276.8046875,26017975951,btc
2022-01-24,36654.328125,41856658597,btc
2022-01-25,36954.00390625,26428189594,btc
2022-01-26,36852.12109375,31324598034,btc
2022-01-27,37138.234375,25041426629,btc
2022-01-28,37784.33203125,22238830523,btc
2022-01-29,38138.1796875,17194183075,btc
2022-01-30,37917.6015625,14643548444,btc
2022-01-31,38483.125,20734730465,btc
2022-02-01,38743.2734375,20288500328,btc
2022-02-02,36952.984375,19155189416,btc
2022-02-03,37154.6015625,18591534769,btc
2022-02-04,41500.875,29412210792,btc
2022-02-05,41441.1640625,19652846215,btc
2022-02-06,42412.43359375,16142097334,btc
2022-02-07,43840.28515625,28641855926,btc
2022-02-08,44118.4453125,33079398868,btc
2022-02-09,44338.796875,23245887300,btc
2022-02-10,43565.11328125,32142048537,btc
2022-02-11,42407.9375,26954925781,btc
2022-02-12,42244.46875,18152390304,btc
2022-02-13,42197.515625,14741589015,btc
2022-02-14,42586.91796875,20827783012,btc
2022-02-15,44575.203125,22721659051,btc
2022-02-16,43961.859375,19792547657,btc
2022-02-17,40538.01171875,26246662813,btc
2022-02-18,40030.9765625,23310007704,btc
2022-02-19,40122.15625,13736557863,btc
2022-02-20,38431.37890625,18340576452,btc
2022-02-21,37075.28125,29280402798,btc
2022-02-22,38286.02734375,25493150450,btc
2022-02-23,37296.5703125,21849073843,btc
2022-02-24,38332.609375,46383802093,btc
2022-02-25,39214.21875,26545599159,btc
2022-02-26,39105.1484375,17467554129,btc
2022-02-27,37709.78515625,23450127612,btc
2022-02-28,43193.234375,35690014104,btc
2022-03-01,44354.63671875,32479047645,btc
2022-03-02,43924.1171875,29183112630,btc
2022-03-03,42451.7890625,24967782593,btc
2022-03-04,39137.60546875,28516271427,btc
2022-03-05,39400.5859375,16975917450,btc
2022-03-06,38419.984375,19745229902,btc
2022-03-07,38062.0390625,28546143503,btc
2022-03-08,38737.26953125,25776583476,btc
2022-03-09,41982.92578125,32284121034,btc
2022-03-10,39437.4609375,31078064711,btc
2022-03-11,38794.97265625,26364890465,btc
2022-03-12,38904.01171875,14616450657,btc
2022-03-13,37849.6640625,17300745310,btc
2022-03-14,39666.75390625,24322159070,btc
2022-03-15,39338.78515625,23934000868,btc
2022-03-16,41143.9296875,39616916192,btc
2022-03-17,40951.37890625,22009601093,btc
2022-03-18,41801.15625,34421564942,btc
2022-03-19,42190.65234375,19664853187,btc
2022-03-20,41247.82421875,20127946682,btc
2022-03-21,41077.99609375,24615543271,btc
2022-03-22,42358.80859375,32004652376,btc
2022-03-23,42892.95703125,25242943069,btc
2022-03-24,43960.93359375,31042992291,btc
2022-03-25,44348.73046875,30574413034,btc
2022-03-26,44500.828125,16950455995,btc
2022-03-27,46820.4921875,28160889722,btc
2022-03-28,47128.00390625,36362175703,btc
2022-03-29,47465.73046875,31397059069,btc
2022-03-30,47062.6640625,29333883962,btc
2022-03-31,45538.67578125,33327427106,btc
2022-04-01,46281.64453125,38162644287,btc
2022-04-02,45868.94921875,29336594194,btc
2022-04-03,46453.56640625,25414397610,btc
2022-04-04,46622.67578125,32499785455,btc
2022-04-05,45555.9921875,29640604055,btc
2022-04-06,43206.73828125,39393395788,btc
2022-04-07,43503.84765625,26101973106,btc
2022-04-08,42287.6640625,27215995394,btc
2022-04-09,42782.13671875,16050772496,btc
2022-04-10,42207.671875,17654475582,btc
2022-04-11,39521.90234375,33949912166,btc
2022-04-12,40127.18359375,30991500854,btc
2022-04-13,41166.73046875,27691105228,btc
2022-04-14,39935.515625,24342001973,btc
2022-04-15,40553.46484375,21756855753,btc
2022-04-16,40424.484375,16833150693,btc
2022-04-17,39716.953125,19087633042,btc
2022-04-18,40826.21484375,33705182072,btc
2022-04-19,41502.75,25303206547,btc
2022-04-20,41374.37890625,27819532341,btc
2022-04-21,40527.36328125,35372786395,btc
2022-04-22,39740.3203125,28011716745,btc
2022-04-23,39486.73046875,16138021249,btc
2022-04-24,39469.29296875,17964398167,btc
2022-04-25,40458.30859375,35445730570,btc
2022-04-26,38117.4609375,34569088416,btc
2022-04-27,39241.12109375,30981015184,btc
2022-04-28,39773.828125,33903704907,btc
2022-04-29,38609.82421875,30882994649,btc
2022-04-30,37714.875,23895713731,btc
2022-05-01,38469.09375,27002760110,btc
2022-05-02,38529.328125,32922642426,btc
2022-05-03,37750.453125,27326943244,btc
2022-05-04,39698.37109375,36754404490,btc
2022-05-05,36575.140625,43106256317,btc
2022-05-06,36040.921875,37795577489,btc
2022-05-07,35501.953125,24375896406,btc
2022-05-08,34059.265625,36763041910,btc
2022-05-09,30296.953125,63355494961,btc
2022-05-10,31022.90625,59811038817,btc
2022-05-11,28936.35546875,70388855818,btc
2022-05-12,29047.751953125,66989173272,btc
2022-05-13,29283.103515625,42841124537,btc
2022-05-14,30101.265625,28579868620,btc
2022-05-15,31305.11328125,25835372065,btc
2022-05-16,29862.91796875,32613897286,btc
2022-05-17,30425.857421875,29101473475,btc
2022-05-18,28720.271484375,31285268319,btc
2022-05-19,30314.333984375,33773447707,btc
2022-05-20,29200.740234375,30749382605,btc
2022-05-21,29432.2265625,17274840442,btc
2022-05-22,30323.72265625,21631532270,btc
2022-05-23,29098.91015625,31483454557,btc
2022-05-24,29655.5859375,26616506245,btc
2022-05-25,29562.361328125,27525063551,btc
2022-05-26,29267.224609375,36774325352,btc
2022-05-27,28627.57421875,36582005748,btc
2022-05-28,28814.900390625,35519577634,btc
2022-05-29,29445.95703125,18093886409,btc
2022-05-30,31726.390625,39277993274,btc
2022-05-31,31792.310546875,33538210634,btc
2022-06-01,29799.080078125,41135817341,btc
2022-06-02,30467.48828125,29083562061,btc
2022-06-03,29704.390625,26175547452,btc
2022-06-04,29832.9140625,16588370958,btc
2022-06-05,29906.662109375,17264085441,btc
2022-06-06,31370.671875,31947336829,btc
2022-06-07,31155.478515625,40770974039,btc
2022-06-08,30214.35546875,30242059107,btc
2022-06-09,30111.998046875,21692004719,btc
2022-06-10,29083.8046875,29867476527,btc
2022-06-11,28360.810546875,27246574439,btc
2022-06-12,26762.6484375,34163220274,btc
2022-06-13,22487.388671875,68204556440,btc
2022-06-14,22206.79296875,50913575242,btc
2022-06-15,22572.83984375,54912007015,btc
2022-06-16,20381.650390625,31183975654,btc
2022-06-17,20471.482421875,27132421514,btc
2022-06-18,19017.642578125,42009436760,btc
2022-06-19,20553.271484375,35329942625,btc
2022-06-20,20599.537109375,30818458597,btc
2022-06-21,20710.59765625,28970212744,btc
2022-06-22,19987.029296875,28574793478,btc
2022-06-23,21085.876953125,26188097173,btc
2022-06-24,21231.65625,24957784918,btc
2022-06-25,21502.337890625,18372538715,btc
2022-06-26,21027.294921875,18027170497,btc
2022-06-27,20735.478515625,20965695707,btc
2022-06-28,20280.634765625,21381535161,btc
2022-06-29,20104.0234375,23552740328,btc
2022-06-30,19784.7265625,26267239923,btc
2022-07-01,19269.3671875,30767551159,btc
2022-07-02,19242.255859375,18100418740,btc
2022-07-03,19297.076171875,16390821947,btc
2022-07-04,20231.26171875,21594638208,btc
2022-07-05,20190.115234375,26715546990,btc
2022-07-06,20548.24609375,24598943708,btc
2022-07-07,21637.587890625,25814972520,btc
2022-07-08,21731.1171875,49899834488,btc
2022-07-09,21592.20703125,29641127858,btc
2022-07-10,20860.44921875,28688807249,btc
2022-07-11,19970.556640625,24150249025,btc
2022-07-12,19323.9140625,25810220018,btc
2022-07-13,20212.07421875,33042430345,btc
2022-07-14,20569.919921875,31158743333,btc
2022-07-15,20836.328125,25905575359,btc
2022-07-16,21190.31640625,24302954056,btc
2022-07-17,20779.34375,22927802083,btc
2022-07-18,22485.689453125,39974475562,btc
2022-07-19,23389.43359375,48765202697,btc
2022-07-20,23231.732421875,42932549127,btc
2022-07-21,23164.62890625,33631012204,btc
2022-07-22,22714.978515625,31421555646,btc
2022-07-23,22465.478515625,24021799169,btc
2022-07-24,22609.1640625,23565495303,btc
2022-07-25,21361.701171875,35574561406,btc
2022-07-26,21239.75390625,28624673855,btc
2022-07-27,22930.548828125,31758955233,btc
2022-07-28,23843.88671875,40212386158,btc
2022-07-29,23804.6328125,35887249746,btc
2022-07-30,23656.20703125,28148218301,btc
2022-07-31,23336.896484375,23553591896,btc
2022-08-01,23314.19921875,25849159141,btc
2022-08-02,22978.1171875,28389250717,btc
2022-08-03,22846.5078125,26288169966,btc
2022-08-04,22630.95703125,25120229769,btc
2022-08-05,23289.314453125,28881249043,btc
2022-08-06,22961.279296875,15978259885,btc
2022-08-07,23175.890625,15886817043,btc
2022-08-08,23809.486328125,28575544847,btc
2022-08-09,23164.318359375,23555719219,btc
2022-08-10,23947.642578125,32837431722,btc
2022-08-11,23957.529296875,37127036580,btc
2022-08-12,24402.818359375,27265804688,btc
2022-08-13,24424.068359375,22987346289,btc
2022-08-14,24319.333984375,22994133555,btc
2022-08-15,24136.97265625,35123501685,btc
2022-08-16,23883.291015625,27753685646,btc
2022-08-17,23335.998046875,30931623076,btc
2022-08-18,23212.73828125,23747613147,btc
2022-08-19,20877.552734375,40509610260,btc
2022-08-20,21166.060546875,27595671000,btc
2022-08-21,21534.12109375,23102307723,btc
2022-08-22,21398.908203125,31666498758,btc
2022-08-23,21528.087890625,31878280659,btc
2022-08-24,21395.01953125,31962253368,btc
2022-08-25,21600.904296875,31028679593,btc
2022-08-26,20260.01953125,42326789564,btc
2022-08-27,20041.73828125,30116729776,btc
2022-08-28,19616.814453125,24366810591,btc
2022-08-29,20297.994140625,32637854078,btc
2022-08-30,19796.80859375,34483360283,btc
2022-08-31,20049.763671875,33225232872,btc
2022-09-01,20127.140625,30182031010,btc
2022-09-02,19969.771484375,29123998928,btc
2022-09-03,19832.087890625,23613051457,btc
2022-09-04,19986.712890625,25245861652,btc
2022-09-05,19812.37109375,28813460025,btc
2022-09-06,18837.66796875,43403978910,btc
2022-09-07,19290.32421875,35239757134,btc
2022-09-08,19329.833984375,32194477850,btc
2022-09-09,21381.15234375,48469528171,btc
2022-09-10,21680.5390625,36913738894,btc
2022-09-11,21769.255859375,34493951963,btc
2022-09-12,22370.44921875,50212088965,btc
2022-09-13,20296.70703125,51091116622,btc
2022-09-14,20241.08984375,37872380889,btc
2022-09-15,19701.2109375,36389011503,btc
2022-09-16,19772.583984375,30123362273,btc
2022-09-17,20127.576171875,24957448100,btc
2022-09-18,19419.505859375,31254779144,btc
2022-09-19,19544.12890625,40177002624,btc
2022-09-20,18890.7890625,36791346508,btc
2022-09-21,18547.400390625,46363793975,btc
2022-09-22,19413.55078125,41135767926,btc
2022-09-23,19297.638671875,38896078052,btc
2022-09-24,18937.01171875,26149643168,btc
2022-09-25,18802.09765625,23359966112,btc
2022-09-26,19222.671875,44148798321,btc
2022-09-27,19110.546875,58571439619,btc
2022-09-28,19426.720703125,53071298734,btc
2022-09-29,19573.05078125,41037843771,btc
2022-09-30,19431.7890625,43975248085,btc
2022-10-01,19312.095703125,18719537670,btc
2022-10-02,19044.107421875,20765955327,btc
2022-10-03,19623.580078125,30484729489,btc
2022-10-04,20336.84375,35887278685,btc
2022-10-05,20160.716796875,33223790572,btc
2022-10-06,19955.443359375,34711412966,btc
2022-10-07,19546.849609375,29227315390,btc
2022-10-08,19416.568359375,16437423167,btc
2022-10-09,19446.42578125,16837262532,btc
2022-10-10,19141.484375,27425022774,btc
2022-10-11,19051.41796875,28711532910,btc
2022-10-12,19157.4453125,24950173846,btc
2022-10-13,19382.904296875,44219840004,btc
2022-10-14,19185.65625,38452356727,btc
2022-10-15,19067.634765625,16192235532,btc
2022-10-16,19268.09375,17988916650,btc
2022-10-17,19550.7578125,27472552998,btc
2022-10-18,19334.416015625,30580012344,btc
2022-10-19,19139.53515625,22425387184,btc
2022-10-20,19053.740234375,24493974420,btc
2022-10-21,19172.46875,32459287866,btc
2022-10-22,19208.189453125,16104440957,btc
2022-10-23,19567.0078125,22128794335,btc
2022-10-24,19345.572265625,30202235805,btc
2022-10-25,20095.857421875,47761524910,btc
2022-10-26,20770.44140625,58895950537,btc
2022-10-27,20285.8359375,49625110402,btc
2022-10-28,20595.3515625,43994715910,btc
2022-10-29,20818.4765625,40369840645,btc
2022-10-30,20635.603515625,31486345556,btc
2022-10-31,20495.7734375,45668466815,btc
2022-11-01,20485.2734375,39819303159,btc
2022-11-02,20159.50390625,55552169483,btc
2022-11-03,20209.98828125,43228750179,btc
2022-11-04,21147.23046875,64072727950,btc
2022-11-05,21282.69140625,37846047609,btc
2022-11-06,20926.486328125,35082693210,btc
2022-11-07,20602.81640625,53510852236,btc
2022-11-08,18541.271484375,118992465607,btc
2022-11-09,15880.7802734375,102905151606,btc
2022-11-10,17586.771484375,83202283721,btc
2022-11-11,17034.29296875,55871616488,btc
2022-11-12,16799.185546875,29717699419,btc
2022-11-13,16353.365234375,27209183682,btc
2022-11-14,16618.19921875,49630243054,btc
2022-11-15,16884.61328125,36599436183,btc
2022-11-16,16669.439453125,33925512989,btc
2022-11-17,16687.517578125,27868914022,btc
2022-11-18,16697.77734375,26862218609,btc
2022-11-19,16711.546875,16106223492,btc
2022-11-20,16291.83203125,21313378652,btc
2022-11-21,15787.2841796875,37429485518,btc
2022-11-22,16189.76953125,30726828760,btc
2022-11-23,16610.70703125,32958875628,btc
2022-11-24,16604.46484375,26129037414,btc
2022-11-25,16521.841796875,18678255976,btc
2022-11-26,16464.28125,18000008764,btc
2022-11-27,16444.626953125,20443898509,btc
2022-11-28,16217.322265625,27743025156,btc
2022-11-29,16444.982421875,23581685468,btc
2022-11-30,17168.56640625,29523576583,btc
2022-12-01,16967.1328125,22895392882,btc
2022-12-02,17088.66015625,19539705127,btc
2022-12-03,16908.236328125,16217776704,btc
2022-12-04,17130.486328125,16824520830,btc
2022-12-05,16974.826171875,22209086834,btc
2022-12-06,17089.50390625,19889922369,btc
2022-12-07,16848.126953125,19675404389,btc
2022-12-08,17233.474609375,20496603770,btc
2022-12-09,17133.15234375,20328426366,btc
2022-12-10,17128.724609375,12706781969,btc
2022-12-11,17104.193359375,14122486832,btc
2022-12-12,17206.4375,19617581341,btc
2022-12-13,17781.318359375,26634741631,btc
2022-12-14,17815.650390625,25534481470,btc
2022-12-15,17364.865234375,20964448341,btc
2022-12-16,16647.484375,24031608960,btc
2022-12-17,16795.091796875,14463581825,btc
2022-12-18,16757.9765625,10924354698,btc
2022-12-19,16439.6796875,17221074814,btc
2022-12-20,16906.3046875,22722096615,btc
2022-12-21,16817.53515625,14882945045,btc
2022-12-22,16830.341796875,16441573050,btc
2022-12-23,16796.953125,15329265213,btc
2022-12-24,16847.755859375,9744636213,btc
2022-12-25,16841.986328125,11656379938,btc
2022-12-26,16919.8046875,11886957804,btc
2022-12-27,16717.173828125,15748580239,btc
2022-12-28,16552.572265625,17005713920,btc
2022-12-29,16642.341796875,14472237479,btc
2022-12-30,16602.5859375,15929162910,btc
2022-12-31,16547.49609375,11239186456,btc
2023-01-01,16625.080078125,9244361700,btc
2023-01-02,16688.470703125,12097775227,btc
2023-01-03,16679.857421875,13903079207,btc
2023-01-04,16863.23828125,18421743322,btc
2023-01-05,16836.736328125,13692758566,btc
2023-01-06,16951.96875,14413662913,btc
2023-01-07,16955.078125,7714767174,btc
2023-01-08,17091.14453125,9768827914,btc
2023-01-09,17196.5546875,18624736866,btc
2023-01-10,17446.29296875,15808338949,btc
2023-01-11,17934.896484375,18372283782,btc
2023-01-12,18869.587890625,34971338710,btc
2023-01-13,19909.57421875,29225029694,btc
2023-01-14,20976.298828125,38967784639,btc
2023-01-15,20880.798828125,19298407543,btc
2023-01-16,21169.6328125,26792494050,btc
2023-01-17,21161.51953125,24999983362,btc
2023-01-18,20688.78125,30005625418,btc
2023-01-19,21086.79296875,21152848261,btc
2023-01-20,22676.552734375,28799154319,btc
2023-01-21,22777.625,32442278429,btc
2023-01-22,22720.416015625,24746386230,btc
2023-01-23,22934.431640625,26518700512,btc
2023-01-24,22636.46875,26405069715,btc
2023-01-25,23117.859375,30685366709,btc
2023-01-26,23032.77734375,26357839322,btc
2023-01-27,23078.728515625,25383335641,btc
2023-01-28,23031.08984375,14712928379,btc
2023-01-29,23774.56640625,27423687259,btc
2023-01-30,22840.138671875,27205595568,btc
2023-01-31,23139.283203125,22837828665,btc
2023-02-01,23723.76953125,26683255504,btc
2023-02-02,23471.87109375,32066936882,btc
2023-02-03,23449.322265625,27083066007,btc
2023-02-04,23331.84765625,15639298538,btc
2023-02-05,22955.666015625,19564262605,btc
2023-02-06,22760.109375,23825006542,btc
2023-02-07,23264.291015625,27187964471,btc
2023-02-08,22939.3984375,25371367758,btc
2023-02-09,21819.0390625,32572572185,btc
2023-02-10,21651.18359375,27078406594,btc
2023-02-11,21870.875,16356226232,btc
2023-02-12,21788.203125,17821046406,btc
2023-02-13,21808.1015625,23918742607,btc
2023-02-14,22220.8046875,26792596581,btc
2023-02-15,24307.841796875,32483312909,btc
2023-02-16,23623.474609375,39316664596,btc
2023-02-17,24565.6015625,41358451255,btc
2023-02-18,24641.27734375,19625427158,btc
2023-02-19,24327.642578125,25555105670,btc
2023-02-20,24829.1484375,28987376573,btc
2023-02-21,24436.353515625,31252098714,btc
2023-02-22,24188.84375,30199996781,btc
2023-02-23,23947.4921875,30476264066,btc
2023-02-24,23198.126953125,26811744928,btc
2023-02-25,23175.375,16100721565,btc
2023-02-26,23561.212890625,16644534842,btc
2023-02-27,23522.87109375,22660763494,btc
2023-02-28,23147.353515625,20535363434,btc
2023-03-01,23646.55078125,24662841200,btc
2023-03-02,23475.466796875,20386398516,btc
2023-03-03,22362.6796875,26062404610,btc
2023-03-04,22353.349609375,11166012913,btc
2023-03-05,22435.513671875,13317001733,btc
2023-03-06,22429.7578125,17353192895,btc
2023-03-07,22219.76953125,22765452204,btc
2023-03-08,21718.080078125,22536575684,btc
2023-03-09,20363.021484375,30364664171,btc
2023-03-10,20187.244140625,39578257695,btc
2023-03-11,20632.41015625,30180288176,btc
2023-03-12,22163.94921875,29279035521,btc
2023-03-13,24197.533203125,49466362688,btc
2023-03-14,24746.07421875,54622230164,btc
2023-03-15,24375.9609375,43655701450,btc
2023-03-16,25052.7890625,33866061747,btc
2023-03-17,27423.9296875,50730261335,btc
2023-03-18,26965.87890625,35723036817,btc
2023-03-19,28038.67578125,37769448859,btc
2023-03-20,27767.236328125,44774027664,btc
2023-03-21,28175.81640625,36102192830,btc
2023-03-22,27307.4375,33382021890,btc
2023-03-23,28333.97265625,24220433689,btc
2023-03-24,27493.28515625,25980310960,btc
2023-03-25,27494.70703125,13383005987,btc
2023-03-26,27994.330078125,13878363192,btc
2023-03-27,27139.888671875,18188895178,btc
2023-03-28,27268.130859375,17783600385,btc
2023-03-29,28348.44140625,20684945906,btc
2023-03-30,28033.5625,22435349951,btc
2023-03-31,28478.484375,19001327598,btc
2023-04-01,28411.03515625,10876469901,btc
2023-04-02,28199.30859375,12284641999,btc
2023-04-03,27790.220703125,19556501327,btc
2023-04-04,28168.08984375,15284538859,btc
2023-04-05,28177.984375,17052315986,btc
2023-04-06,28044.140625,13837809380,btc
2023-04-07,27925.859375,10861680497,btc
2023-04-08,27947.794921875,9373255556,btc
2023-04-09,28333.05078125,12175322951,btc
2023-04-10,29652.98046875,19282400094,btc
2023-04-11,30235.05859375,20121259843,btc
2023-04-12,30139.052734375,18651929926,btc
2023-04-13,30399.06640625,17487721001,btc
2023-04-14,30485.69921875,22659995079,btc
2023-04-15,30318.49609375,11940685378,btc
2023-04-16,30315.35546875,12854816417,btc
2023-04-17,29445.044921875,17872186762,btc
2023-04-18,30397.552734375,19480529496,btc
2023-04-19,28822.6796875,24571565421,btc
2023-04-20,28245.98828125,21340360360,btc
2023-04-21,27276.91015625,20759504330,btc
2023-04-22,27817.5,13125734602,btc
2023-04-23,27591.384765625,12785446832,btc
2023-04-24,27525.33984375,17703288330,btc
2023-04-25,28307.59765625,17733373139,btc
2023-04-26,28422.701171875,31854242019,btc
2023-04-27,29473.787109375,27153445027,btc
2023-04-28,29340.26171875,17544464887,btc
2023-04-29,29248.48828125,10662634333,btc
2023-04-30,29268.806640625,14652199272,btc
2023-05-01,28091.568359375,18655599976,btc
2023-05-02,28680.537109375,16432924527,btc
2023-05-03,29006.30859375,19122972518,btc
2023-05-04,28847.7109375,15548678514,btc
2023-05-05,29534.384765625,17936566518,btc
2023-05-06,28904.623046875,15913866714,btc
2023-05-07,28454.978515625,11301355486,btc
2023-05-08,27694.2734375,19122903752,btc
2023-05-09,27658.775390625,14128593256,btc
2023-05-10,27621.755859375,20656025026,btc
2023-05-11,27000.7890625,16724343943,btc
2023-05-12,26804.990234375,19313599897,btc
2023-05-13,26784.078125,9999171605,btc
2023-05-14,26930.638671875,10014858959,btc
2023-05-15,27192.693359375,14413231792,btc
2023-05-16,27036.650390625,12732238816,btc
2023-05-17,27398.802734375,15140006925,btc
2023-05-18,26832.208984375,15222938600,btc
2023-05-19,26890.12890625,11258983301,btc
2023-05-20,27129.5859375,7044911360,btc
2023-05-21,26753.826171875,8647416921,btc
2023-05-22,26851.27734375,11056770492,btc
2023-05-23,27225.7265625,13697203143,btc
2023-05-24,26334.818359375,16299104428,btc
2023-05-25,26476.20703125,13851122697,btc
2023-05-26,26719.291015625,12711619225,btc
2023-05-27,26868.353515625,7892015141,btc
2023-05-28,28085.646484375,14545229578,btc
2023-05-29,27745.884765625,15181308984,btc
2023-05-30,27702.349609375,13251081851,btc
2023-05-31,27219.658203125,15656371534,btc
2023-06-01,26819.97265625,14678970415,btc
2023-06-02,27249.58984375,14837415000,btc
2023-06-03,27075.12890625,8385597470,btc
2023-06-04,27119.06640625,9360912318,btc
2023-06-05,25760.09765625,21513292646,btc
2023-06-06,27238.783203125,21929670693,btc
2023-06-07,26345.998046875,19530045082,btc
2023-06-08,26508.216796875,11904824295,btc
2023-06-09,26480.375,11015551640,btc
2023-06-10,25851.240234375,19872933189,btc
2023-06-11,25940.16796875,10732609603,btc
2023-06-12,25902.5,11677889997,btc
2023-06-13,25918.728515625,14143474486,btc
2023-06-14,25124.67578125,14265717766,btc
2023-06-15,25576.39453125,15837384409,btc
2023-06-16,26327.462890625,16324646965,btc
2023-06-17,26510.67578125,11090276850,btc
2023-06-18,26336.212890625,9565695129,btc
2023-06-19,26851.029296875,12826986222,btc
2023-06-20,28327.48828125,22211859147,btc
2023-06-21,30027.296875,33346760979,btc
2023-06-22,29912.28125,20653160491,btc
2023-06-23,30695.46875,24115570085,btc
2023-06-24,30548.6953125,12147822496,btc
2023-06-25,30480.26171875,12703464114,btc
2023-06-26,30271.130859375,16493186997,btc
2023-06-27,30688.1640625,16428827944,btc
2023-06-28,30086.24609375,14571500779,btc
2023-06-29,30445.3515625,13180860821,btc
2023-06-30,30477.251953125,26387306197,btc
2023-07-01,30590.078125,9086606733,btc
2023-07-02,30620.76953125,10533418042,btc
2023-07-03,31156.439453125,15271884873,btc
2023-07-04,30777.58203125,12810828427,btc
2023-07-05,30514.166015625,12481622280,btc
2023-07-06,29909.337890625,21129219509,btc
2023-07-07,30342.265625,13384770155,btc
2023-07-08,30292.541015625,7509378699,btc
2023-07-09,30171.234375,7903327692,btc
2023-07-10,30414.470703125,14828209155,btc
2023-07-11,30620.951171875,12151839152,btc
2023-07-12,30391.646484375,14805659717,btc
2023-07-13,31476.048828125,23686079548,btc
2023-07-14,30334.068359375,20917902660,btc
2023-07-15,30295.806640625,8011667756,btc
2023-07-16,30249.1328125,8516564470,btc
2023-07-17,30145.888671875,13240156074,btc
2023-07-18,29856.5625,13138897269,btc
2023-07-19,29913.923828125,12128602812,btc
2023-07-20,29792.015625,14655207121,btc
2023-07-21,29908.744140625,10972789818,btc
2023-07-22,29771.802734375,7873300598,btc
2023-07-23,30084.5390625,9220145050,btc
2023-07-24,29176.916015625,15395817395,btc
2023-07-25,29227.390625,10266772793,btc
2023-07-26,29354.97265625,13497554655,btc
2023-07-27,29210.689453125,10770779217,btc
2023-07-28,29319.24609375,11218474952,btc
2023-07-29,29356.91796875,6481775959,btc
2023-07-30,29275.30859375,8678454527,btc
2023-07-31,29230.111328125,11656781982,btc
2023-08-01,29675.732421875,18272392391,btc
2023-08-02,29151.958984375,19212655598,btc
2023-08-03,29178.6796875,12780357746,btc
2023-08-04,29074.091796875,12036639988,btc
2023-08-05,29042.126953125,6598366353,btc
2023-08-06,29041.85546875,7269806994,btc
2023-08-07,29180.578125,13618163710,btc
2023-08-08,29765.4921875,17570561357,btc
2023-08-09,29561.494140625,18379521213,btc
2023-08-10,29429.591796875,11865344789,btc
2023-08-11,29397.71484375,10195168197,btc
2023-08-12,29415.96484375,6194358008,btc
2023-08-13,29282.9140625,7329897180,btc
2023-08-14,29408.443359375,14013695304,btc
2023-08-15,29170.34765625,12640195779,btc
2023-08-16,28701.779296875,14949271904,btc
2023-08-17,26664.55078125,31120851211,btc
2023-08-18,26049.556640625,24026236529,btc
2023-08-19,26096.205078125,10631443812,btc
2023-08-20,26189.583984375,9036580420,btc
2023-08-21,26124.140625,13371557893,btc
2023-08-22,26031.65625,14503820706,btc
2023-08-23,26431.640625,16985265785,btc
2023-08-24,26162.373046875,12871532023,btc
2023-08-25,26047.66796875,12406045118,btc
2023-08-26,26008.462890625,6034817316,btc
2023-08-27,26089.693359375,6913768611,btc
2023-08-28,26106.150390625,11002805166,btc
2023-08-29,27727.392578125,29368391712,btc
2023-08-30,27297.265625,16343655235,btc
2023-08-31,25931.47265625,20181001451,btc
2023-09-01,25800.724609375,17202862221,btc
2023-09-02,25868.798828125,10100387473,btc
2023-09-03,25969.56640625,8962524523,btc
2023-09-04,25812.416015625,10680635106,btc
2023-09-05,25779.982421875,11094740040,btc
2023-09-06,25753.236328125,12752705327,btc
2023-09-07,26240.1953125,11088307100,btc
2023-09-08,25905.654296875,10817356400,btc
2023-09-09,25895.677734375,5481314132,btc
2023-09-10,25832.2265625,7899553047,btc
2023-09-11,25162.654296875,14600006467,btc
2023-09-12,25833.34375,18657279324,btc
2023-09-13,26228.32421875,13072077070,btc
2023-09-14,26539.673828125,13811359124,btc
2023-09-15,26608.693359375,11479735788,btc
2023-09-16,26568.28125,7402031417,btc
2023-09-17,26534.1875,6774210670,btc
2023-09-18,26754.28125,15615339655,btc
2023-09-19,27211.1171875,13807690550,btc
2023-09-20,27132.0078125,13281116604,btc
2023-09-21,26567.6328125,13371443708,btc
2023-09-22,26579.568359375,10578746709,btc
2023-09-23,26579.390625,7404700301,btc
2023-09-24,26256.826171875,8192867686,btc
2023-09-25,26298.48046875,11997833257,btc
2023-09-26,26217.25,9985498161,btc
2023-09-27,26352.716796875,11718380997,btc
2023-09-28,27021.546875,14079002707,btc
2023-09-29,26911.720703125,10396435377,btc
2023-09-30,26967.916015625,5331172801,btc
2023-10-01,27983.75,9503917434,btc
2023-10-02,27530.78515625,19793041322,btc
2023-10-03,27429.978515625,11407814187,btc
2023-10-04,27799.39453125,11143355314,btc
2023-10-05,27415.912109375,11877253670,btc
2023-10-06,27946.59765625,13492391599,btc
2023-10-07,27968.83984375,6553044316,btc
2023-10-08,27935.08984375,7916875290,btc
2023-10-09,27583.677734375,12007668568,btc
2023-10-10,27391.01953125,9973350678,btc
2023-10-11,26873.3203125,13648094333,btc
2023-10-12,26756.798828125,9392909295,btc
2023-10-13,26862.375,15165312851,btc
2023-10-14,26861.70703125,5388116782,btc
2023-10-15,27159.65234375,7098201980,btc
2023-10-16,28519.466796875,27833876539,btc
2023-10-17,28415.748046875,14872527508,btc
2023-10-18,28328.341796875,12724128586,btc
2023-10-19,28719.806640625,14448058195,btc
2023-10-20,29682.94921875,21536125230,btc
2023-10-21,29918.412109375,11541146996,btc
2023-10-22,29993.896484375,10446520040,btc
2023-10-23,33086.234375,38363572311,btc
2023-10-24,33901.52734375,44934999645,btc
2023-10-25,34502.8203125,25254318008,btc
2023-10-26,34156.6484375,19427195376,btc
2023-10-27,33909.80078125,16418032871,btc
2023-10-28,34089.57421875,10160330825,btc
2023-10-29,34538.48046875,11160323986,btc
2023-10-30,34502.36328125,17184860315,btc
2023-10-31,34667.78125,15758270810,btc
2023-11-01,35437.25390625,22446272005,btc
2023-11-02,34938.2421875,20998158544,btc
2023-11-03,34732.32421875,17158456701,btc
2023-11-04,35082.1953125,9561294264,btc
2023-11-05,35049.35546875,12412743996,btc
2023-11-06,35037.37109375,12693436420,btc
2023-11-07,35443.5625,18834737789,btc
2023-11-08,35655.27734375,17295394918,btc
2023-11-09,36693.125,37762672382,btc
2023-11-10,37313.96875,22711265155,btc
2023-11-11,37138.05078125,13924272142,btc
2023-11-12,37054.51953125,11545715999,btc
2023-11-13,36502.35546875,19057712790,btc
2023-11-14,35537.640625,23857403554,btc
2023-11-15,37880.58203125,27365821679,btc
2023-11-16,36154.76953125,26007385366,btc
2023-11-17,36596.68359375,22445028430,btc
2023-11-18,36585.703125,11886022717,btc
2023-11-19,37386.546875,12915986553,btc
2023-11-20,37476.95703125,20888209068,btc
2023-11-21,35813.8125,25172163756,btc
2023-11-22,37432.33984375,24397247860,btc
2023-11-23,37289.62109375,14214948217,btc
2023-11-24,37720.28125,22922957823,btc
2023-11-25,37796.79296875,9099571165,btc
2023-11-26,37479.12109375,13744796068,btc
2023-11-27,37254.16796875,19002925720,btc
2023-11-28,37831.0859375,21696137014,btc
2023-11-29,37858.4921875,20728546658,btc
2023-11-30,37712.74609375,18115982627,btc
2023-12-01,38688.75,23512784002,btc
2023-12-02,39476.33203125,15534035612,btc
2023-12-03,39978.390625,15769696322,btc
2023-12-04,41980.09765625,39856129827,btc
2023-12-05,44080.6484375,36312154535,btc
2023-12-06,43746.4453125,29909761586,btc
2023-12-07,43292.6640625,27635760671,btc
2023-12-08,44166.6015625,24421116687,btc
2023-12-09,43725.984375,17368210171,btc
2023-12-10,43779.69921875,13000481418,btc
2023-12-11,41243.83203125,40632672038,btc
2023-12-12,41450.22265625,24779520132,btc
2023-12-13,42890.7421875,26797884674,btc
2023-12-14,43023.97265625,25578530178,btc
2023-12-15,41929.7578125,19639442462,btc
2023-12-16,42240.1171875,14386729590,btc
2023-12-17,41364.6640625,16678702876,btc
2023-12-18,42623.5390625,25224642008,btc
2023-12-19,42270.52734375,23171001281,btc
2023-12-20,43652.25,27868908174,btc
2023-12-21,43869.15234375,22452766169,btc
2023-12-22,43997.90234375,21028503216,btc
2023-12-23,43739.54296875,13507796558,btc
2023-12-24,43016.1171875,18830554085,btc
2023-12-25,43613.140625,21115795370,btc
2023-12-26,42520.40234375,30026850982,btc
2023-12-27,43442.85546875,25260941032,btc
2023-12-28,42627.85546875,22992093014,btc
2023-12-29,42099.40234375,26000021055,btc
2023-12-30,42156.90234375,16013925945,btc
2023-12-31,42265.1875,16397498810,btc
2024-01-01,44167.33203125,18426978443,btc
2024-01-02,44957.96875,39335274536,btc
2024-01-03,42848.17578125,46342323118,btc
2024-01-04,44179.921875,30448091210,btc
2024-01-05,44162.69140625,32336029347,btc
2024-01-06,43989.1953125,16092503468,btc
2024-01-07,43943.09765625,19330573863,btc
2024-01-08,46970.50390625,42746192015,btc
2024-01-09,46139.73046875,39821290992,btc
2024-01-10,46627.77734375,50114613298,btc
2024-01-11,46368.5859375,45833734549,btc
2024-01-12,42853.16796875,43332698900,btc
2024-01-13,42842.3828125,20601860469,btc
2024-01-14,41796.26953125,17521429522,btc
2024-01-15,42511.96875,22320220558,btc
2024-01-16,43154.9453125,24062872740,btc
2024-01-17,42742.65234375,20851232595,btc
2024-01-18,41262.05859375,25218357242,btc
2024-01-19,41618.40625,25752407154,btc
2024-01-20,41665.5859375,11586690904,btc
2024-01-21,41545.78515625,9344043642,btc
2024-01-22,39507.3671875,31338708143,btc
2024-01-23,39845.55078125,29244553045,btc
2024-01-24,40077.07421875,22359526178,btc
2024-01-25,39933.80859375,18491782013,btc
2024-01-26,41816.87109375,25598119893,btc
2024-01-27,42120.0546875,11422941934,btc
2024-01-28,42035.59375,16858971687,btc
2024-01-29,43288.24609375,20668476578,btc
2024-01-30,42952.609375,23842814518,btc
2024-01-31,42582.60546875,24673628793,btc
2024-02-01,43075.7734375,21423953779,btc
2024-02-02,43185.859375,18603843039,btc
2024-02-03,42992.25,11169245236,btc
2024-02-04,42583.58203125,14802225490,btc
2024-02-05,42658.66796875,18715487317,btc
2024-02-06,43084.671875,16798476726,btc
2024-02-07,44318.22265625,21126587775,btc
2024-02-08,45301.56640625,26154524080,btc
2024-02-09,47147.19921875,39316770844,btc
2024-02-10,47771.27734375,16398681570,btc
2024-02-11,48293.91796875,19315867136,btc
2024-02-12,49958.22265625,34511985805,btc
2024-02-13,49742.44140625,35593051468,btc
2024-02-14,51826.6953125,39105608050,btc
2024-02-15,51938.5546875,38564360533,btc
2024-02-16,52160.203125,28180567298,btc
2024-02-17,51662.99609375,20009091006,btc
2024-02-18,52122.546875,17595377311,btc
2024-02-19,51779.14453125,21362184346,btc
2024-02-20,52284.875,33353758256,btc
2024-02-21,51839.1796875,28624907020,btc
2024-02-22,51304.97265625,25413900611,btc
2024-02-23,50731.94921875,21427078270,btc
2024-02-24,51571.1015625,15174077879,btc
2024-02-25,51733.23828125,15413239245,btc
2024-02-26,54522.40234375,34074411896,btc
2024-02-27,57085.37109375,49756832031,btc
2024-02-28,62504.7890625,83239156760,btc
2024-02-29,61198.3828125,65496611844,btc
2024-03-01,62440.6328125,40186368423,btc
2024-03-02,62029.84765625,23888473685,btc
2024-03-03,63167.37109375,26253811450,btc
2024-03-04,68330.4140625,70670471105,btc
2024-03-05,63801.19921875,102802940877,btc
2024-03-06,66106.8046875,68750229073,btc
2024-03-07,66925.484375,46989543159,btc
2024-03-08,68300.09375,59202881172,btc
2024-03-09,68498.8828125,21609650379,btc
2024-03-10,69019.7890625,35683977532,btc
2024-03-11,72123.90625,65716656765,btc
2024-03-12,71481.2890625,62554434520,btc
2024-03-13,73083.5,48212536929,btc
2024-03-14,71396.59375,59594605698,btc
2024-03-15,69403.7734375,78320453976,btc
2024-03-16,65315.1171875,46842198371,btc
2024-03-17,68390.625,44716864318,btc
2024-03-18,67548.59375,49261579492,btc
2024-03-19,61912.7734375,74215844794,btc
2024-03-20,67913.671875,66792634382,btc
2024-03-21,65491.390625,44480350565,btc
2024-03-22,63778.76171875,41401116964,btc
2024-03-23,64062.203125,24738964812,btc
2024-03-24,67234.171875,27206630673,btc
2024-03-25,69958.8125,42700139523,btc
2024-03-26,69987.8359375,36010437368,btc
2024-03-27,69455.34375,40827113309,btc
2024-03-28,70744.953125,34374900617,btc
2024-03-29,69892.828125,25230851763,btc
2024-03-30,69645.3046875,17130241883,btc
2024-03-31,71333.6484375,20050941373,btc
2024-04-01,69702.1484375,34873527352,btc
2024-04-02,65446.97265625,50705240709,btc
2024-04-03,65980.8125,34488018367,btc
2024-04-04,68508.84375,34439527442,btc
2024-04-05,67837.640625,33748230056,btc
2024-04-06,68896.109375,19967785809,btc
2024-04-07,69362.5546875,21204930369,btc
2024-04-08,71631.359375,37261432669,btc
2024-04-09,69139.015625,36426900409,btc
2024-04-10,70587.8828125,38318601774,btc
2024-04-11,70060.609375,30153382941,btc
2024-04-12,67195.8671875,44129299406,btc
2024-04-13,63821.47265625,52869738185,btc
2024-04-14,65738.7265625,49084320047,btc
2024-04-15,63426.2109375,43595917654,btc
2024-04-16,63811.86328125,42847528078,btc
2024-04-17,61276.69140625,41915247049,btc
2024-04-18,63512.75390625,36006307335,btc
2024-04-19,63843.5703125,49920425401,btc
2024-04-20,64994.44140625,23097485495,btc
2024-04-21,64926.64453125,20506644853,btc
2024-04-22,66837.6796875,28282686673,btc
2024-04-23,66407.2734375,24310975583,btc
2024-04-24,64276.8984375,30276655120,btc
2024-04-25,64481.70703125,32155786816,btc
2024-04-26,63755.3203125,24139372950,btc
2024-04-27,63419.140625,19530783039,btc
2024-04-28,63113.23046875,17334827993,btc
2024-04-29,63841.12109375,26635912073,btc
2024-04-30,60636.85546875,37840840057,btc
2024-05-01,58254.01171875,48439780271,btc
2024-05-02,59123.43359375,32711813559,btc
2024-05-03,62889.8359375,33172023048,btc
2024-05-04,63891.47265625,20620477992,btc
2024-05-05,64031.1328125,18296164805,btc
2024-05-06,63161.94921875,28697928697,btc
2024-05-07,62334.81640625,25930730982,btc
2024-05-08,61187.94140625,26088172222,btc
2024-05-09,63049.9609375,25453338161,btc
2024-05-10,60792.77734375,27804954694,btc
2024-05-11,60793.7109375,13842272968,btc
2024-05-12,61448.39453125,13800459405,btc
2024-05-13,62901.44921875,27889181179,btc
2024-05-14,61552.7890625,28186271527,btc
2024-05-15,66267.4921875,39815167074,btc
2024-05-16,65231.58203125,31573077994,btc
2024-05-17,67051.875,28031279310,btc
2024-05-18,66940.8046875,16712277406,btc
2024-05-19,66278.3671875,19249094538,btc
2024-05-20,71448.1953125,43850655717,btc
2024-05-21,70136.53125,46932005990,btc
2024-05-22,69122.3359375,32802561717,btc
2024-05-23,67929.5625,41895680979,btc
2024-05-24,68526.1015625,29197308153,btc
2024-05-25,69265.9453125,15473071741,btc
2024-05-26,68518.09375,15628433737,btc
2024-05-27,69394.5546875,25870990717,btc
2024-05-28,68296.21875,32722265965,btc
2024-05-29,67578.09375,26707072906,btc
2024-05-30,68364.9921875,29509712534,btc
2024-05-31,67491.4140625,27387283769,btc
2024-06-01,67706.9375,11641495604,btc
2024-06-02,67751.6015625,17110588415,btc
2024-06-03,68804.78125,32401285324,btc
2024-06-04,70567.765625,33149696545,btc
2024-06-05,71082.8203125,32810771409,btc
2024-06-06,70757.1640625,25223152007,btc
2024-06-07,69342.5859375,36188381096,btc
2024-06-08,69305.7734375,14262185861,btc
2024-06-09,69647.9921875,13534028500,btc
2024-06-10,69512.28125,20597699541,btc
2024-06-11,67332.03125,37116136345,btc
2024-06-12,68241.1875,34497940694,btc
2024-06-13,66756.3984375,28955204146,btc
2024-06-14,66011.09375,27403884779,btc
2024-06-15,66191.0,14121265576,btc
2024-06-16,66639.046875,13281140541,btc
2024-06-17,66490.296875,30006354476,btc
2024-06-18,65140.74609375,39481285950,btc
2024-06-19,64960.296875,21103423504,btc
2024-06-20,64828.65625,25641109124,btc
2024-06-21,64096.19921875,26188171739,btc
2024-06-22,64252.578125,9858198793,btc
2024-06-23,63180.796875,11170471802,btc
2024-06-24,60277.4140625,43152133651,btc
2024-06-25,61804.640625,29201215431,btc
2024-06-26,60811.27734375,22506003064,btc
2024-06-27,61604.80078125,21231745045,btc
2024-06-28,60320.13671875,24952866877,btc
2024-06-29,60887.37890625,12652903396,btc
2024-06-30,62678.29296875,17333226409,btc
2024-07-01,62851.98046875,25468379421,btc
2024-07-02,62029.015625,20151616992,btc
2024-07-03,60173.921875,29756701685,btc
2024-07-04,56977.703125,41149609230,btc
2024-07-05,56662.375,55417544033,btc
2024-07-06,58303.5390625,20610320577,btc
2024-07-07,55849.109375,20553359505,btc
2024-07-08,56705.09765625,39766159899,btc
2024-07-09,58009.2265625,27849512607,btc
2024-07-10,57742.49609375,26175260526,btc
2024-07-11,57344.9140625,28707803842,btc
2024-07-12,57899.46484375,25604805221,btc
2024-07-13,59231.953125,17080061806,btc
2024-07-14,60787.79296875,22223416061,btc
2024-07-15,64870.15234375,38094526099,btc
2024-07-16,65097.1484375,41617346768,btc
2024-07-17,64118.79296875,32525071311,btc
2024-07-18,63974.06640625,27239305337,btc
2024-07-19,66710.15625,37003855410,btc
2024-07-20,67163.6484375,19029581250,btc
2024-07-21,68154.5234375,26652190004,btc
2024-07-22,67585.25,42649109453,btc
2024-07-23,65927.671875,35605668666,btc
2024-07-24,65372.1328125,27470942309,btc
2024-07-25,65777.2265625,38315761670,btc
2024-07-26,67912.0625,30488630457,btc
2024-07-27,67813.3359375,34691905492,btc
2024-07-28,68255.8671875,18043166945,btc
2024-07-29,66819.9140625,40780682628,btc
2024-07-30,66201.015625,31380492109,btc
2024-07-31,64619.25,31292785994,btc
2024-08-01,65357.5,40975554494,btc
2024-08-02,61415.06640625,43060875727,btc
2024-08-03,60680.09375,31753030589,btc
2024-08-04,58116.9765625,31758917219,btc
2024-08-05,53991.45703125,108991085584,btc
2024-08-06,56034.31640625,49300484106,btc
2024-08-07,55027.4609375,41637562185,btc
2024-08-08,61710.13671875,45298472567,btc
2024-08-09,60880.11328125,33425553115,btc
2024-08-10,60945.8125,15745822278,btc
2024-08-11,58719.484375,22759754812,btc
2024-08-12,59354.515625,37078637820,btc
2024-08-13,60609.56640625,30327698167,btc
2024-08-14,58737.26953125,29961696180,btc
2024-08-15,57560.09765625,35682112440,btc
2024-08-16,58894.10546875,29350938673,btc
2024-08-17,59478.97265625,13589684021,btc
2024-08-18,58483.96484375,17740625837,btc
2024-08-19,59493.453125,25911207712,btc
2024-08-20,59012.79296875,31613400008,btc
2024-08-21,61175.19140625,32731154072,btc
2024-08-22,60381.9140625,27625734377,btc
2024-08-23,64094.35546875,42530509233,btc
2024-08-24,64178.9921875,21430585163,btc
2024-08-25,64333.54296875,18827683555,btc
2024-08-26,62880.66015625,27682040631,btc
2024-08-27,59504.1328125,39103882198,btc
2024-08-28,59027.625,40289564698,btc
2024-08-29,59388.1796875,32224990582,btc
2024-08-30,59119.4765625,32292756405,btc
2024-08-31,58969.8984375,12403470760,btc
2024-09-01,57325.48828125,24592449997,btc
2024-09-02,59112.48046875,27036454524,btc
2024-09-03,57431.0234375,26666961053,btc
2024-09-04,57971.5390625,35627680312,btc
2024-09-05,56160.48828125,31030280656,btc
2024-09-06,53948.75390625,49361693566,btc
2024-09-07,54139.6875,19061486526,btc
2024-09-08,54841.56640625,18268287531,btc
2024-09-09,57019.53515625,34618096173,btc
2024-09-10,57648.7109375,28857630507,btc
2024-09-11,57343.171875,37049062672,btc
2024-09-12,58127.01171875,33835707949,btc
2024-09-13,60571.30078125,32490528356,btc
2024-09-14,60005.12109375,16428405496,btc
2024-09-15,59182.8359375,18120960867,btc
2024-09-16,58192.5078125,32032822113,btc
2024-09-17,60308.5390625,38075570118,btc
2024-09-18,61649.6796875,40990702891,btc
2024-09-19,62940.45703125,42710252573,btc
2024-09-20,63192.9765625,35177164222,btc
2024-09-21,63394.83984375,14408616220,btc
2024-09-22,63648.7109375,20183348802,btc
2024-09-23,63329.80078125,31400285425,btc
2024-09-24,64301.96875,29938335243,btc
2024-09-25,63143.14453125,25078377700,btc
2024-09-26,65181.01953125,36873129847,btc
2024-09-27,65790.6640625,32058813449,btc
2024-09-28,65887.6484375,15243637984,btc
2024-09-29,65635.3046875,14788214575,btc
2024-09-30,63329.5,37112957475,btc
2024-10-01,60837.0078125,50220923500,btc
2024-10-02,60632.78515625,40762722398,btc
2024-10-03,60759.40234375,36106447279,btc
2024-10-04,62067.4765625,29585472513,btc
2024-10-05,62089.94921875,13305410749,btc
2024-10-06,62818.953125,14776233667,btc
2024-10-07,62236.66015625,34253562610,btc
2024-10-08,62131.96875,28134475157,btc
2024-10-09,60582.1015625,27670982363,btc
2024-10-10,60274.5,30452813570,btc
2024-10-11,62445.08984375,30327141594,btc
2024-10-12,63193.0234375,16744110886,btc
2024-10-13,62851.375,18177529690,btc
2024-10-14,66046.125,43706958056,btc
2024-10-15,67041.109375,48863870879,btc
2024-10-16,67612.71875,38195189534,btc
2024-10-17,67399.8359375,32790898511,btc
2024-10-18,68418.7890625,36857165014,btc
2024-10-19,68362.734375,14443497908,btc
2024-10-20,69001.703125,18975847518,btc
2024-10-21,67367.8515625,37498611780,btc
2024-10-22,67361.40625,31808472566,btc
2024-10-23,66432.1953125,32263980353,btc
2024-10-24,68161.0546875,31414428647,btc
2024-10-25,66642.4140625,41469984306,btc
2024-10-26,67014.6953125,19588098156,btc
2024-10-27,67929.296875,16721307878,btc
2024-10-28,69907.7578125,38799856657,btc
2024-10-29,72720.4921875,58541874402,btc
2024-10-30,72339.5390625,40646637831,btc
2024-10-31,70215.1875,40627912076,btc
2024-11-01,69482.46875,49989795365,btc
2024-11-02,69289.2734375,18184612091,btc
2024-11-03,68741.1171875,34868307655,btc
2024-11-04,67811.5078125,41184819348,btc
2024-11-05,69359.5625,46046889204,btc
2024-11-06,75639.078125,118592653963,btc
2024-11-07,75904.859375,63467654989,btc
2024-11-08,76545.4765625,55176858003,btc
2024-11-09,76778.8671875,29009480361,btc
2024-11-10,80474.1875,82570594495,btc
2024-11-11,88701.484375,117966845037,btc
2024-11-12,87955.8125,133673285375,btc
2024-11-13,90584.1640625,123559027869,btc
2024-11-14,87250.4296875,87616705248,btc
2024-11-15,91066.0078125,78243109518,btc
2024-11-16,90558.4765625,44333192814,btc
2024-11-17,89845.8515625,46350159305,btc
2024-11-18,90542.640625,75535775084,btc
2024-11-19,92343.7890625,74521048295,btc
2024-11-20,94339.4921875,71730956426,btc
2024-11-21,98504.7265625,106024505582,btc
2024-11-22,98997.6640625,78473580551,btc
2024-11-23,97777.28125,44414644677,btc
2024-11-24,98013.8203125,51712020623,btc
2024-11-25,93102.296875,80909462490,btc
2024-11-26,91985.3203125,91656519855,btc
2024-11-27,95962.53125,71133452438,btc
2024-11-28,95652.46875,52260008261,btc
2024-11-29,97461.5234375,54968682476,btc
2024-11-30,96449.0546875,31634227866,btc
2024-12-01,97279.7890625,36590695296,btc
2024-12-02,95865.3046875,72680784305,btc
2024-12-03,96002.1640625,67067810961,btc
2024-12-04,98768.53125,77199817112,btc
2024-12-05,96593.5703125,149218945580,btc
2024-12-06,99920.7109375,94534772658,btc
2024-12-07,99923.3359375,44177510897,btc
2024-12-08,101236.015625,44125751925,btc
2024-12-09,97432.71875,110676473908,btc
2024-12-10,96675.4296875,104823780634,btc
2024-12-11,101173.03125,85391409936,btc
2024-12-12,100043.0,72073983533,btc
2024-12-13,101459.2578125,56894751583,btc
2024-12-14,101372.96875,40422968793,btc
2024-12-15,104298.6953125,51145914137,btc
2024-12-16,106029.71875,91020417816,btc
2024-12-17,106140.6015625,68589364868,btc
2024-12-18,100041.5390625,93865656139,btc
2024-12-19,97490.953125,97221662392,btc
2024-12-20,97755.9296875,105634083408,btc
2024-12-21,97224.7265625,51765334294,btc
2024-12-22,95104.9375,43147981314,btc
2024-12-23,94686.2421875,65239002919,btc
2024-12-24,98676.09375,47114953674,btc
2024-12-25,99299.1953125,33700394629,btc
2024-12-26,95795.515625,47054980873,btc
2024-12-27,94164.859375,52419934565,btc
2024-12-28,95163.9296875,24107436185,btc
2024-12-29,93530.2265625,29635885267,btc
2024-12-30,92643.2109375,56188003691,btc
2024-12-31,93429.203125,43625106843,btc
2025-01-01,94419.7578125,24519888919,btc
2025-01-02,96886.875,46009564411,btc
2025-01-03,98107.4296875,35611391163,btc
2025-01-04,98236.2265625,22342608078,btc
2025-01-05,98314.9609375,20525254825,btc
2025-01-06,102078.0859375,51823432705,btc
2025-01-07,96922.703125,58685738547,btc
2025-01-08,95043.5234375,63875859171,btc
2025-01-09,92484.0390625,62777261693,btc
2025-01-10,94701.453125,62058693684,btc
2025-01-11,94566.59375,18860894100,btc
2025-01-12,94488.4375,20885130965,btc
2025-01-13,94516.5234375,72978998252,btc
2025-01-14,96534.046875,53769675818,btc
2025-01-15,100504.4921875,57805923627,btc
2025-01-16,99756.90625,54103781805,btc
2025-01-17,104462.0390625,71888972663,btc
2025-01-18,104408.0703125,50445655726,btc
2025-01-19,101089.609375,76789928525,btc
2025-01-20,102016.6640625,126279678351,btc
2025-01-21,106146.265625,88733878242,btc
2025-01-22,103653.0703125,53878181052,btc
2025-01-23,103960.171875,104104515428,btc
2025-01-24,104819.484375,52388229265,btc
2025-01-25,104714.6484375,23888996502,btc
2025-01-26,102682.5,22543395879,btc
2025-01-27,102087.6875,89006608428,btc
2025-01-28,101332.4765625,47180685494,btc
2025-01-29,103703.2109375,47432049818,btc
2025-01-30,104735.3046875,41915744521,btc
2025-01-31,102405.0234375,45732764360,btc
2025-02-01,100655.90625,27757944848,btc
2025-02-02,97688.9765625,63091816853,btc
2025-02-03,101405.421875,115400897748,btc
2025-02-04,97871.8203125,73002130211,btc
2025-02-05,96615.4453125,49125911241,btc
2025-02-06,96593.296875,45302471947,btc
2025-02-07,96529.0859375,55741290456,btc
2025-02-08,96482.453125,22447526395,btc
2025-02-09,96500.09375,27732901800,btc
2025-02-10,97437.5546875,40078962391,btc
2025-02-11,95747.4296875,37488783272,btc
2025-02-12,97885.859375,49340445530,btc
2025-02-13,96623.8671875,37147280860,btc
2025-02-14,97508.96875,32697987277,btc
2025-02-15,97580.3515625,17047266288,btc
2025-02-16,96175.03125,16536755396,btc
2025-02-17,95773.3828125,27336550690,btc
2025-02-18,95539.546875,37325720482,btc
2025-02-19,96635.609375,28990872862,btc
2025-02-20,98333.9375,31668022771,btc
2025-02-21,96125.546875,49608706470,btc
2025-02-22,96577.7578125,18353824477,btc
2025-02-23,96273.921875,16999478976,btc
2025-02-24,91418.171875,44046480529,btc
2025-02-25,88736.171875,92139104128,btc
2025-02-26,84347.0234375,64597492134,btc
2025-02-27,84704.2265625,52659591954,btc
2025-02-28,84373.0078125,83610570576,btc
2025-03-01,86031.9140625,29190628396,btc
2025-03-02,94248.3515625,58398341092,btc
2025-03-03,86065.671875,70072228536,btc
2025-03-04,87222.1953125,68095241474,btc
2025-03-05,90623.5625,50498988027,btc
2025-03-06,89961.7265625,47749810486,btc
2025-03-07,86742.671875,65945677657,btc
2025-03-08,86154.59375,18206118081,btc
2025-03-09,80601.0390625,30899345977,btc
2025-03-10,78532.0,54061099422,btc
2025-03-11,82862.2109375,54702837196,btc
2025-03-12,83722.359375,40353484454,btc
2025-03-13,81066.703125,31412940153,btc
2025-03-14,83969.1015625,29588112414,btc
2025-03-15,84343.109375,13650491277,btc
2025-03-16,82579.6875,21330270174,btc
2025-03-17,84075.6875,25092785558,btc
2025-03-18,82718.5,24095774594,btc
2025-03-19,86854.2265625,34931960257,btc
2025-03-20,84167.1953125,29028988961,btc
2025-03-21,84043.2421875,19030452299,btc
2025-03-22,83832.484375,9863214091,btc
2025-03-23,86054.375,12594615537,btc
2025-03-24,87498.9140625,34582604933,btc
2025-03-25,87471.703125,30005840049,btc
2025-03-26,86900.8828125,26704046038,btc
2025-03-27,87177.1015625,24413471941,btc
2025-03-28,84353.1484375,34198619509,btc
2025-03-29,82597.5859375,16969396135,btc
2025-03-30,82334.5234375,14763760943,btc
2025-03-31,82548.9140625,29004228247,btc
2025-04-01,85169.171875,28175650319,btc
2025-04-02,82485.7109375,47584398470,btc
2025-04-03,83102.828125,36852112080,btc
2025-04-04,83843.8046875,45157640207,btc
2025-04-05,83504.796875,14380803631,btc
2025-04-06,78214.484375,36294853736,btc
2025-04-07,79235.3359375,91262424987,btc
2025-04-08,76271.953125,48314590749,btc
2025-04-09,82573.953125,84213627038,btc
2025-04-10,79626.140625,44718000633,btc
2025-04-11,83404.8359375,41656778779,btc
2025-04-12,85287.109375,24258059104,btc
2025-04-13,83684.9765625,28796984817,btc
2025-04-14,84542.390625,34090769777,btc
2025-04-15,83668.9921875,28040322885,btc
2025-04-16,84033.8671875,29617804112,btc
2025-04-17,84895.75,21276866029,btc
2025-04-18,84450.8046875,12728372364,btc
2025-04-19,85063.4140625,15259300427,btc
2025-04-20,85174.3046875,14664050812,btc
2025-04-21,87518.90625,41396190190,btc
2025-04-22,93441.890625,55899038456,btc
2025-04-23,93699.109375,41719568821,btc
2025-04-24,93943.796875,31483175315,btc
2025-04-25,94720.5,40915232364,btc
2025-04-26,94646.9296875,17612825123,btc
2025-04-27,93754.84375,18090367764,btc
2025-04-28,94978.75,32363449569,btc
2025-04-29,94284.7890625,25806129921,btc
2025-04-30,94207.3125,28344679831,btc
2025-05-01,96492.3359375,32875889623,btc
2025-05-02,96910.0703125,26421924677,btc
2025-05-03,95891.796875,15775154889,btc
2025-05-04,94315.9765625,18198688416,btc
2025-05-05,94748.0546875,25816260327,btc
2025-05-06,96802.4765625,26551275827,btc
2025-05-07,97032.3203125,76983822462,btc
2025-05-08,103241.4609375,69895404397,btc
2025-05-09,102970.8515625,58198593958,btc
2025-05-10,104696.328125,42276713994,btc
2025-05-11,104106.359375,46285517406,btc
2025-05-12,102812.953125,63250475404,btc
2025-05-13,104169.8125,52608876410,btc
2025-05-14,103539.4140625,45956071155,btc
2025-05-15,103744.640625,50408241840,btc
2025-05-16,103489.2890625,44386499364,btc
2025-05-17,103191.0859375,37898552742,btc
2025-05-18,106446.0078125,49887082058,btc
2025-05-19,105606.1796875,61761126647,btc
2025-05-20,106791.0859375,36515726122,btc
2025-05-21,109678.078125,78086364051,btc
2025-05-22,111673.28125,70157575642,btc
2025-05-23,107287.796875,67548133399,btc
2025-05-24,107791.15625,45903627163,btc
2025-05-25,109035.390625,47518041841,btc
2025-05-26,109440.3671875,45950461571,btc
2025-05-27,108994.640625,57450176272,btc
2025-05-28,107802.328125,49155377493,btc
2025-05-29,105641.7578125,56022752042,btc
2025-05-30,103998.5703125,57655287183,btc
2025-05-31,104638.09375,38997843858,btc
2025-06-01,105652.1015625,37397056873,btc
2025-06-02,105881.53125,45819706290,btc
2025-06-03,105432.46875,46196508367,btc
2025-06-04,104731.984375,44544857105,btc
2025-06-05,101575.953125,57479298400,btc
2025-06-06,104390.34375,48856653697,btc
2025-06-07,105615.625,38365033776,btc
2025-06-08,105793.6484375,36626232328,btc
2025-06-09,110294.1015625,55903193732,btc
2025-06-10,110257.234375,54700101509,btc
2025-06-11,108686.625,50842662052,btc
2025-06-12,105929.0546875,54843867968,btc
2025-06-13,106090.96875,69550440846,btc
2025-06-14,105472.40625,38007870453,btc
2025-06-15,105552.0234375,36744307742,btc
2025-06-16,106796.7578125,50366626945,btc
2025-06-17,104601.1171875,55964092176,btc
2025-06-18,104883.328125,47318089133,btc
2025-06-19,104684.2890625,37333806920,btc
2025-06-20,103309.6015625,50951862476,btc
2025-06-21,102257.40625,38360555118,btc
2025-06-22,100987.140625,65536997201,btc
2025-06-23,105577.7734375,65237759656,btc
2025-06-24,106045.6328125,48822986421,btc
2025-06-25,107361.2578125,51624120283,btc
2025-06-26,106960.0,43891990613,btc
2025-06-27,107088.4296875,45353692675,btc
2025-06-28,107327.703125,30037708335,btc
2025-06-29,108385.5703125,35534874438,btc
2025-06-30,107135.3359375,42064804590,btc
2025-07-01,105698.28125,44110692247,btc
2025-07-02,108859.3203125,56248657737,btc
2025-07-03,109647.9765625,50494742270,btc
2025-07-04,108034.3359375,42616442656,btc
2025-07-05,108231.1796875,30615537520,btc
2025-07-06,109232.0703125,36746020463,btc
2025-07-07,108299.8515625,45415696597,btc
2025-07-08,108950.2734375,44282204127,btc
2025-07-09,111326.5546875,57927418065,btc
2025-07-10,115987.203125,95911605728,btc
2025-07-11,117516.9921875,86928361085,btc
2025-07-12,117435.2265625,45524560304,btc
2025-07-13,119116.1171875,49021091807,btc
2025-07-14,119849.703125,181746419401,btc
2025-07-15,117777.1875,98321661181,btc
2025-07-16,118738.5078125,72162029070,btc
2025-07-17,119289.84375,72363841798,btc
2025-07-18,118003.2265625,77945799785,btc
2025-07-19,117939.9765625,47564562765,btc
2025-07-20,117300.7890625,57515447231,btc
2025-07-21,117439.5390625,69820091744,btc
2025-07-22,119995.4140625,79217583118,btc
2025-07-23,118754.9609375,66608604537,btc
2025-07-24,118368.0,72627318560,btc
2025-07-25,117635.8828125,104857024569,btc
2025-07-26,117947.3671875,48508954046,btc
2025-07-27,119448.4921875,54683390892,btc
2025-07-28,117924.4765625,64822943193,btc
2025-07-29,117922.1484375,68463107433,btc
2025-07-30,117831.1875,68896148592,btc
2025-07-31,115758.203125,69370346018,btc
2025-08-01,113320.0859375,91294530181,btc
2025-08-02,112526.9140625,56870866000,btc
2025-08-03,114217.671875,48099615826,btc
2025-08-04,115071.8828125,35783028986,btc
2025-08-05,114141.4453125,61039182286,btc
2025-08-06,115028.0,56379133510,btc
2025-08-07,117496.8984375,64051649681,btc
2025-08-08,116688.7265625,59713005166,btc
2025-08-09,116500.359375,54004312429,btc
2025-08-10,119306.7578125,64755458694,btc
2025-08-11,118731.4453125,90528784177,btc
2025-08-12,120172.90625,72803657984,btc
2025-08-13,123344.0625,90904808795,btc
2025-08-14,118359.578125,104055627395,btc
2025-08-15,117398.3515625,68665353159,btc
2025-08-16,117491.3515625,48036922378,btc
2025-08-17,117453.0625,45852169525,btc
2025-08-18,116252.3125,72787808090,btc
2025-08-19,112831.1796875,71657600353,btc
2025-08-20,114274.7421875,67993811526,btc
2025-08-21,112419.03125,57817883700,btc
2025-08-22,116874.0859375,82528088240,btc
2025-08-23,115374.328125,55377142586,btc
2025-08-24,113458.4296875,73961489632,btc
2025-08-25,110124.3515625,85706860190,btc
2025-08-26,111802.65625,69396320317,btc
2025-08-27,111222.0625,62137056409,btc
2025-08-28,112544.8046875,58860155962,btc
2025-08-29,108410.8359375,77843379644,btc
2025-08-30,108808.0703125,51486264208,btc
2025-08-31,108236.7109375,47986191770,btc
2025-09-01,109250.59375,66870372995,btc
2025-09-02,111200.5859375,74776999491,btc
2025-09-03,111723.2109375,61119643565,btc
2025-09-04,110723.6015625,60131132901,btc
2025-09-05,110650.984375,60241647677,btc
2025-09-06,110224.6953125,21500719036,btc
2025-09-07,111167.6171875,24618007520,btc
2025-09-08,112071.4296875,40212813407,btc
2025-09-09,111530.546875,45984480722,btc
2025-09-10,113955.359375,56377473784,btc
2025-09-11,115507.5390625,45685065332,btc
2025-09-12,116101.578125,54785725894,btc
2025-09-13,115950.5078125,34549454947,btc
2025-09-14,115407.65625,32798036057,btc
2025-09-15,115444.875,52937859416,btc
2025-09-16,116843.1875,45781744593,btc
2025-09-17,116468.5078125,60528025996,btc
2025-09-18,117137.203125,49457272032,btc
2025-09-19,115688.859375,38828473971,btc
2025-09-20,115721.9609375,22864449614,btc
2025-09-21,115306.09375,22495852193,btc
2025-09-22,112748.5078125,70684158591,btc
2025-09-23,112014.5,47211853279,btc
2025-09-24,113328.6328125,48044595085,btc
2025-09-25,109049.2890625,75528654284,btc
2025-09-26,109712.828125,57738288949,btc
2025-09-27,109681.9453125,26308042910,btc
2025-09-28,112122.640625,33371048505,btc
2025-09-29,114400.3828125,60000147466,btc
2025-09-30,114056.0859375,58986330258,btc
2025-10-01,118648.9296875,71328680132,btc
2025-10-02,120681.2578125,71415163912,btc
2025-10-03,122266.53125,83941392228,btc
2025-10-04,122425.4296875,36769171735,btc
2025-10-05,123513.4765625,73689317763,btc
2025-10-06,124752.53125,72568881188,btc
2025-10-07,121451.3828125,76149412513,btc
2025-10-08,123354.8671875,65354305286,btc
2025-10-09,121705.5859375,74653009425,btc
2025-10-10,113214.3671875,153125018868,btc
2025-10-11,110807.8828125,110236934340,btc
2025-10-12,115169.765625,93710414091,btc
2025-10-13,115271.078125,71582026739,btc
2025-10-14,113118.6640625,92212917403,btc
2025-10-15,110783.1640625,72574132855,btc
2025-10-16,108186.0390625,87306423067,btc
2025-10-17,106467.7890625,99703051669,btc
2025-10-18,107198.265625,37779905278,btc
2025-10-19,108666.7109375,47657008953,btc
2025-10-20,110588.9296875,63507793085,btc
2025-10-21,108476.890625,101194375480,btc
2025-10-22,107688.5859375,80807013218,btc
2025-10-23,110069.7265625,54944076060,btc
2025-10-24,111033.921875,48160816980,btc
2025-10-25,111641.7265625,24707667305,btc
2025-10-26,114472.4453125,41708524143,btc
2025-10-27,114119.328125,61761358733,btc
2025-10-28,112956.1640625,64528066504,btc
2025-10-29,110055.3046875,62192043469,btc
2025-10-30,108305.546875,69673964814,btc
2025-10-31,109556.1640625,60090359560,btc
2025-11-01,110064.015625,25871668762,btc
2025-11-02,110639.625,34284209459,btc
2025-11-03,106547.5234375,72852006359,btc
2025-11-04,101590.5234375,110967184773,btc
2025-11-05,103891.8359375,77584934804,btc
2025-11-06,101301.2890625,63932752861,btc
2025-11-07,103372.40625,92168030081,btc
2025-11-08,102282.1171875,51446691095,btc
2025-11-09,104719.640625,59679243013,btc
2025-11-10,105996.59375,69585887229,btc
2025-11-11,102997.46875,71130078574,btc
2025-11-12,101663.1875,64347179408,btc
2025-11-13,99697.4921875,101546815416,btc
2025-11-14,94397.7890625,114346441890,btc
2025-11-15,95549.1484375,38500716654,btc
2025-11-16,94177.078125,71086235862,btc
2025-11-17,92093.875,94186165724,btc
2025-11-18,92948.875,101333569062,btc
2025-11-19,91465.9921875,80350354656,btc
2025-11-20,86631.8984375,97970645638,btc
2025-11-21,85090.6875,129157506112,btc
2025-11-22,84648.359375,40793099246,btc
2025-11-23,86805.0078125,58083435576,btc
2025-11-24,88270.5625,74433896110,btc
2025-11-25,87341.890625,64837343545,btc
2025-11-26,90518.3671875,66496301869,btc
2025-11-27,91285.375,57040622845,btc
2025-11-28,90919.265625,60895830289,btc
2025-11-29,90851.7578125,37921773455,btc
2025-11-30,90394.3125,38497902869,btc
2025-12-01,86321.5703125,87962894424,btc
2025-12-02,91350.203125,78546798211,btc
2025-12-03,93527.8046875,77650204986,btc
2025-12-04,92141.625,64538402681,btc
2025-12-05,89387.7578125,63256398633,btc
2025-12-06,89272.375,37994042405,btc
2025-12-07,90405.640625,47394898960,btc
2025-12-08,90640.203125,57394099056,btc
2025-12-09,92691.7109375,66861721440,btc
2025-12-10,92020.9453125,65420694513,btc
2025-12-11,92511.3359375,64532834621,btc
2025-12-12,90270.4140625,80275884583,btc
2025-12-13,90298.7109375,64237748110,btc
2025-12-14,88175.1796875,50465972205,btc
2025-12-15,86419.78125,45559514323,btc
2025-12-16,87843.984375,41262178223,btc
2025-12-17,86143.7578125,44243392914,btc
2025-12-18,85462.5078125,52667115348,btc
2025-12-19,88103.3828125,46733310561,btc
2025-12-20,88344.0,14688196659,btc
2025-12-21,88621.75,19845522660,btc
2025-12-22,88490.015625,38047472118,btc
2025-12-23,87414.0,43683011533,btc
2025-12-24,87611.9609375,25550297986,btc
2025-12-25,87234.7421875,19953216347,btc
2025-12-26,87301.4296875,42455674908,btc
2025-12-27,87802.15625,13741199310,btc
2025-12-28,87835.8359375,15156557929,btc
2025-12-29,87138.140625,48411625849,btc
2025-12-30,88430.1328125,35586356225,btc
2025-12-31,87508.828125,33830210616,btc
2026-01-01,88731.984375,18849043990,btc
2026-01-02,89944.6953125,46398906171,btc
2026-01-03,90603.1875,20774828592,btc
2026-01-04,91413.4921875,26770491368,btc
2026-01-05,93882.5546875,53376407252,btc
2026-01-06,93729.03125,52430605257,btc
2026-01-07,91308.0546875,43461295053,btc
2026-01-08,91027.125,42386697030,btc
2026-01-09,90513.1015625,38305906684,btc
2026-01-10,90386.6484375,12385895282,btc
2026-01-11,90827.4609375,17165568977,btc
2026-01-12,91192.9921875,41346275358,btc
2026-01-13,95321.78125,54980674354,btc
2026-01-14,96929.328125,60592490863,btc
2026-01-15,95551.1875,53086363027,btc
2026-01-16,95525.1171875,33248170537,btc
2026-01-17,95099.921875,16021715122,btc
2026-01-18,93634.4296875,20809781232,btc
2026-01-19,92553.59375,39195241508,btc
2026-01-20,88310.90625,53072968031,btc
2026-01-21,89376.9609375,56330422434,btc
2026-01-22,89462.453125,35549685694,btc
2026-01-23,89503.875,38997586037,btc
2026-01-24,89110.734375,14558687712,btc
2026-01-25,86572.21875,36124986722,btc
2026-01-26,88267.140625,45329286974,btc
2026-01-27,89102.5703125,38744942267,btc
2026-01-28,89184.5703125,39807419296,btc
2026-01-29,84561.5859375,64653083162,btc
2026-01-30,84128.65625,72083816087,btc
2026-01-31,78621.1171875,70479259159,btc
2026-02-01,76974.4453125,53372509744,btc
2026-02-02,78688.765625,75140589684,btc
2026-02-03,75633.546875,68249110822,btc
2026-02-04,73019.703125,67215363944,btc
2026-02-05,62702.09765625,125509410908,btc
2026-02-06,70555.390625,114674259489,btc
2026-02-07,69281.96875,62347107663,btc
2026-02-08,70264.7265625,39721722619,btc
2026-02-09,70120.78125,52081598792,btc
2026-02-10,68793.9609375,40593063077,btc
2026-02-11,66991.96875,49671946030,btc
2017-11-09,320.8840026855469,893249984,eth
2017-11-10,299.25299072265625,885985984,eth
2017-11-11,314.6809997558594,842300992,eth
2017-11-12,307.9079895019531,1613479936,eth
2017-11-13,316.71600341796875,1041889984,eth
2017-11-14,337.6310119628906,1069680000,eth
2017-11-15,333.35699462890625,722665984,eth
2017-11-16,330.92401123046875,797254016,eth
2017-11-17,332.3940124511719,621732992,eth
2017-11-18,347.61199951171875,649638976,eth
2017-11-19,354.385986328125,1181529984,eth
2017-11-20,366.7300109863281,807027008,eth
2017-11-21,360.4010009765625,949912000,eth
2017-11-22,380.6520080566406,800819008,eth
2017-11-23,410.1659851074219,1845680000,eth
2017-11-24,474.9110107421875,2292829952,eth
2017-11-25,466.2760009765625,1422080000,eth
2017-11-26,471.3299865722656,1197779968,eth
2017-11-27,480.3550109863281,1396480000,eth
2017-11-28,472.9020080566406,1346499968,eth
2017-11-29,427.52301025390625,2675940096,eth
2017-11-30,447.114013671875,1903040000,eth
2017-12-01,466.5400085449219,1247879936,eth
2017-12-02,463.4490051269531,943649984,eth
2017-12-03,465.8529968261719,990556992,eth
2017-12-04,470.2040100097656,1005550016,eth
2017-12-05,463.281005859375,1216720000,eth
2017-12-06,428.5880126953125,1998259968,eth
2017-12-07,434.4079895019531,2129570048,eth
2017-12-08,456.031005859375,2336379904,eth
2017-12-09,473.50201416015625,2003849984,eth
2017-12-10,441.72100830078125,1404179968,eth
2017-12-11,515.135986328125,1771440000,eth
2017-12-12,651.4310302734375,5179829760,eth
2017-12-13,702.7670288085938,4524539904,eth
2017-12-14,695.8159790039062,3821580032,eth
2017-12-15,684.447998046875,2758710016,eth
2017-12-16,696.208984375,2165690112,eth
2017-12-17,719.9749755859375,2147389952,eth
2017-12-18,794.64501953125,3249230080,eth
2017-12-19,826.822998046875,4096549888,eth
2017-12-20,819.0859985351562,3969939968,eth
2017-12-21,821.06298828125,3569060096,eth
2017-12-22,674.8599853515625,4977710080,eth
2017-12-23,719.3870239257812,2480339968,eth
2017-12-24,694.1480102539062,2300549888,eth
2017-12-25,765.833984375,2491760128,eth
2017-12-26,773.8359985351562,2201159936,eth
2017-12-27,762.8419799804688,2100029952,eth
2017-12-28,737.0230102539062,2389149952,eth
2017-12-29,753.5919799804688,2648969984,eth
2017-12-30,717.2570190429688,3187780096,eth
2017-12-31,756.7329711914062,2554269952,eth
2018-01-01,772.6409912109375,2595760128,eth
2018-01-02,884.4439697265625,5783349760,eth
2018-01-03,962.719970703125,5093159936,eth
2018-01-04,980.9219970703125,6502859776,eth
2018-01-05,997.719970703125,6683149824,eth
2018-01-06,1041.6800537109375,4662219776,eth
2018-01-07,1153.1700439453125,5569880064,eth
2018-01-08,1148.530029296875,8450970112,eth
2018-01-09,1299.739990234375,7965459968,eth
2018-01-10,1255.8199462890625,9214950400,eth
2018-01-11,1154.9300537109375,7235899904,eth
2018-01-12,1273.199951171875,5222300160,eth
2018-01-13,1396.4200439453125,5746760192,eth
2018-01-14,1366.77001953125,4841630208,eth
2018-01-15,1291.9200439453125,4781100032,eth
2018-01-16,1053.68994140625,8405139968,eth
2018-01-17,1014.25,8545160192,eth
2018-01-18,1036.280029296875,5938319872,eth
2018-01-19,1039.0999755859375,4084450048,eth
2018-01-20,1155.1500244140625,3975190016,eth
2018-01-21,1049.5799560546875,3378089984,eth
2018-01-22,1003.260009765625,3810099968,eth
2018-01-23,986.22900390625,3556699904,eth
2018-01-24,1058.780029296875,3944039936,eth
2018-01-25,1056.030029296875,4050190080,eth
2018-01-26,1055.1700439453125,3617690112,eth
2018-01-27,1107.0699462890625,3002870016,eth
2018-01-28,1246.010009765625,5372329984,eth
2018-01-29,1182.3599853515625,3715079936,eth
2018-01-30,1071.1300048828125,4107859968,eth
2018-01-31,1118.31005859375,3757560064,eth
2018-02-01,1036.7900390625,5261680128,eth
2018-02-02,915.7849731445312,6713290240,eth
2018-02-03,964.0189819335938,3243480064,eth
2018-02-04,834.6820068359375,2997090048,eth
2018-02-05,697.9509887695312,4269530112,eth
2018-02-06,793.1220092773438,6518269952,eth
2018-02-07,757.0679931640625,3896179968,eth
2018-02-08,817.8070068359375,3708189952,eth
2018-02-09,883.864990234375,2495820032,eth
2018-02-10,860.4149780273438,2930530048,eth
2018-02-11,814.6599731445312,2486650112,eth
2018-02-12,868.7069702148438,2243450112,eth
2018-02-13,845.2579956054688,2081170048,eth
2018-02-14,923.5609741210938,2818370048,eth
2018-02-15,936.9760131835938,2900100096,eth
2018-02-16,944.2100219726562,2369449984,eth
2018-02-17,974.114990234375,2525720064,eth
2018-02-18,923.9210205078125,2567290112,eth
2018-02-19,943.864990234375,2169019904,eth
2018-02-20,895.3709716796875,2545260032,eth
2018-02-21,849.9710083007812,2531729920,eth
2018-02-22,812.844970703125,2150370048,eth
2018-02-23,864.1890258789062,2334820096,eth
2018-02-24,840.5150146484375,1926579968,eth
2018-02-25,844.8099975585938,1646960000,eth
2018-02-26,869.3150024414062,2044480000,eth
2018-02-27,878.2650146484375,2053980032,eth
2018-02-28,855.198974609375,1963980032,eth
2018-03-01,872.2000122070312,1868519936,eth
2018-03-02,856.85302734375,1894419968,eth
2018-03-03,857.2249755859375,1699369984,eth
2018-03-04,866.677978515625,1697939968,eth
2018-03-05,853.6840209960938,1898489984,eth
2018-03-06,816.9509887695312,1943069952,eth
2018-03-07,752.8309936523438,2175419904,eth
2018-03-08,704.5960083007812,1891640064,eth
2018-03-09,728.916015625,2233019904,eth
2018-03-10,686.8900146484375,1532960000,eth
2018-03-11,723.3389892578125,1562680064,eth
2018-03-12,699.8309936523438,1764999936,eth
2018-03-13,690.8270263671875,1425959936,eth
2018-03-14,614.291015625,1810560000,eth
2018-03-15,611.3040161132812,1770460032,eth
2018-03-16,601.666015625,1417350016,eth
2018-03-17,552.7789916992188,1267810048,eth
2018-03-18,538.6439819335938,2685499904,eth
2018-03-19,556.7260131835938,2046790016,eth
2018-03-20,557.1749877929688,1833680000,eth
2018-03-21,561.7319946289062,1781270016,eth
2018-03-22,539.7020263671875,1523459968,eth
2018-03-23,539.6190185546875,1596349952,eth
2018-03-24,526.4390258789062,1300009984,eth
2018-03-25,524.2869873046875,1151170048,eth
2018-03-26,489.95098876953125,1638880000,eth
2018-03-27,450.1159973144531,1617939968,eth
2018-03-28,446.27899169921875,1514179968,eth
2018-03-29,385.9679870605469,1970230016,eth
2018-03-30,394.6449890136719,1878130048,eth
2018-03-31,396.4570007324219,1323920000,eth
2018-04-01,379.60699462890625,1256930048,eth
2018-04-02,386.42498779296875,1102259968,eth
2018-04-03,416.89300537109375,1363399936,eth
2018-04-04,380.5429992675781,1287730048,eth
2018-04-05,383.23199462890625,1210680064,eth
2018-04-06,370.2850036621094,967105984,eth
2018-04-07,385.3139953613281,951475008,eth
2018-04-08,400.50799560546875,948488000,eth
2018-04-09,398.5260009765625,1478390016,eth
2018-04-10,414.2430114746094,1196000000,eth
2018-04-11,430.5400085449219,1439040000,eth
2018-04-12,492.9410095214844,2519360000,eth
2018-04-13,492.7349853515625,2419249920,eth
2018-04-14,501.4779968261719,1519079936,eth
2018-04-15,531.7020263671875,1726089984,eth
2018-04-16,511.1470031738281,1758979968,eth
2018-04-17,502.8940124511719,1760359936,eth
2018-04-18,524.7890014648438,1762940032,eth
2018-04-19,567.8889770507812,2256869888,eth
2018-04-20,615.718017578125,2849469952,eth
2018-04-21,605.39501953125,2612460032,eth
2018-04-22,621.8599853515625,2426269952,eth
2018-04-23,642.5479736328125,2386830080,eth
2018-04-24,708.1580200195312,3581860096,eth
2018-04-25,615.416015625,4216140032,eth
2018-04-26,662.8090209960938,2984009984,eth
2018-04-27,647.031982421875,2598129920,eth
2018-04-28,683.677978515625,2496659968,eth
2018-04-29,688.8809814453125,2740559872,eth
2018-04-30,669.9240112304688,2853100032,eth
2018-05-01,673.6129760742188,2678960128,eth
2018-05-02,687.1489868164062,2822269952,eth
2018-05-03,779.5430297851562,4210939904,eth
2018-05-04,785.6240234375,3533410048,eth
2018-05-05,816.1199951171875,3035040000,eth
2018-05-06,792.3109741210938,3105570048,eth
2018-05-07,753.7249755859375,4316120064,eth
2018-05-08,752.8569946289062,2920489984,eth
2018-05-09,752.2750244140625,2877870080,eth
2018-05-10,727.2769775390625,2748950016,eth
2018-05-11,679.5859985351562,3290080000,eth
2018-05-12,686.0479736328125,2668480000,eth
2018-05-13,733.4959716796875,2362500096,eth
2018-05-14,730.5490112304688,3005110016,eth
2018-05-15,708.8709716796875,2523069952,eth
2018-05-16,707.0499877929688,2476130048,eth
2018-05-17,672.656982421875,2350619904,eth
2018-05-18,694.3670043945312,2305740032,eth
2018-05-19,696.530029296875,2021549952,eth
2018-05-20,715.3690185546875,2156910080,eth
2018-05-21,699.2219848632812,2005170048,eth
2018-05-22,647.7410278320312,2230469888,eth
2018-05-23,583.5850219726562,2995429888,eth
2018-05-24,601.7550048828125,2791099904,eth
2018-05-25,586.7340087890625,2110919936,eth
2018-05-26,587.280029296875,1694300032,eth
2018-05-27,572.6680297851562,1788790016,eth
2018-05-28,516.0360107421875,2356900096,eth
2018-05-29,565.3880004882812,2330820096,eth
2018-05-30,559.5900268554688,2053970048,eth
2018-05-31,577.64501953125,1985040000,eth
2018-06-01,580.0430297851562,1945890048,eth
2018-06-02,591.8079833984375,1880390016,eth
2018-06-03,618.3289794921875,1832550016,eth
2018-06-04,592.9849853515625,1903430016,eth
2018-06-05,609.302978515625,1844269952,eth
2018-06-06,607.1240234375,1756530048,eth
2018-06-07,605.18701171875,1880140032,eth
2018-06-08,601.0770263671875,1637779968,eth
2018-06-09,597.56201171875,1519309952,eth
2018-06-10,526.47900390625,2234880000,eth
2018-06-11,533.2839965820312,1982119936,eth
2018-06-12,496.8429870605469,1932760064,eth
2018-06-13,477.4939880371094,2080130048,eth
2018-06-14,519.7420043945312,2458650112,eth
2018-06-15,491.0039978027344,1808269952,eth
2018-06-16,499.6419982910156,1314109952,eth
2018-06-17,500.447998046875,1264870016,eth
2018-06-18,518.8909912109375,1513869952,eth
2018-06-19,537.9569702148438,1726569984,eth
2018-06-20,536.2680053710938,1596290048,eth
2018-06-21,527.3670043945312,1462070016,eth
2018-06-22,465.8169860839844,2226030080,eth
2018-06-23,474.5199890136719,1651379968,eth
2018-06-24,457.6719970703125,2490579968,eth
2018-06-25,460.30999755859375,4007950080,eth
2018-06-26,432.7720031738281,1356560000,eth
2018-06-27,442.364990234375,1368940032,eth
2018-06-28,422.364990234375,1360790016,eth
2018-06-29,436.0090026855469,1564499968,eth
2018-06-30,455.17999267578125,1475939968,eth
2018-07-01,453.9179992675781,1511730048,eth
2018-07-02,475.34698486328125,1625789952,eth
2018-07-03,464.19500732421875,1683939968,eth
2018-07-04,467.3179931640625,1549769984,eth
2018-07-05,474.4119873046875,1828610048,eth
2018-07-06,474.0119934082031,1627609984,eth
2018-07-07,491.6600036621094,1358360064,eth
2018-07-08,489.1189880371094,1344560000,eth
2018-07-09,476.6820068359375,1533799936,eth
2018-07-10,434.42401123046875,1789069952,eth
2018-07-11,446.51800537109375,1422470016,eth
2018-07-12,430.0740051269531,1495440000,eth
2018-07-13,434.0270080566406,1489670016,eth
2018-07-14,436.08599853515625,1235820032,eth
2018-07-15,449.8500061035156,1350160000,eth
2018-07-16,480.6579895019531,1858680064,eth
2018-07-17,501.00201416015625,2288100096,eth
2018-07-18,480.51300048828125,2371559936,eth
2018-07-19,469.6189880371094,2068739968,eth
2018-07-20,450.697998046875,1821350016,eth
2018-07-21,462.4360046386719,1504310016,eth
2018-07-22,459.6570129394531,1338589952,eth
2018-07-23,450.8529968261719,1596999936,eth
2018-07-24,479.37298583984375,2287520000,eth
2018-07-25,472.4930114746094,1930780032,eth
2018-07-26,464.0369873046875,1621560064,eth
2018-07-27,469.6659851074219,1734259968,eth
2018-07-28,466.89801025390625,1531890048,eth
2018-07-29,466.6650085449219,1631910016,eth
2018-07-30,457.08099365234375,2141590000,eth
2018-07-31,433.86700439453125,1820680000,eth
2018-08-01,420.74700927734375,1888060000,eth
2018-08-02,412.6210021972656,1569300000,eth
2018-08-03,418.2619934082031,1722340000,eth
2018-08-04,407.25201416015625,1466540000,eth
2018-08-05,410.5159912109375,1396820000,eth
2018-08-06,406.6579895019531,1384880000,eth
2018-08-07,380.2149963378906,1828350000,eth
2018-08-08,356.6130065917969,2016080000,eth
2018-08-09,365.5880126953125,1616610000,eth
2018-08-10,334.1759948730469,1699400000,eth
2018-08-11,322.11199951171875,1790370000,eth
2018-08-12,319.57000732421875,1625420000,eth
2018-08-13,286.4949951171875,1751190000,eth
2018-08-14,278.9320068359375,2137850000,eth
2018-08-15,282.364013671875,1878150000,eth
2018-08-16,288.0459899902344,1552970000,eth
2018-08-17,315.72900390625,1995460000,eth
2018-08-18,295.81201171875,1764020000,eth
2018-08-19,300.8340148925781,1447910000,eth
2018-08-20,274.31500244140625,1413790000,eth
2018-08-21,281.9440002441406,1164120000,eth
2018-08-22,271.34100341796875,1507660000,eth
2018-08-23,277.10400390625,1271160000,eth
2018-08-24,282.9670104980469,1450170000,eth
2018-08-25,279.64599609375,1208360000,eth
2018-08-26,275.1969909667969,1206650000,eth
2018-08-27,285.6029968261719,1406790000,eth
2018-08-28,296.4989929199219,1513350000,eth
2018-08-29,289.31201171875,1474460000,eth
2018-08-30,284.1050109863281,1513100000,eth
2018-08-31,283.0039978027344,1411910000,eth
2018-09-01,295.34100341796875,1546630000,eth
2018-09-02,294.3710021972656,1321050000,eth
2018-09-03,289.2590026855469,1394490000,eth
2018-09-04,285.7229919433594,1554870000,eth
2018-09-05,232.33099365234375,2390390000,eth
2018-09-06,230.21499633789062,2097310000,eth
2018-09-07,217.2030029296875,1678260000,eth
2018-09-08,197.9510040283203,1517200000,eth
2018-09-09,196.9239959716797,1585980000,eth
2018-09-10,197.07899475097656,1502960000,eth
2018-09-11,185.0659942626953,1568900000,eth
2018-09-12,183.33099365234375,1874850000,eth
2018-09-13,211.35400390625,2330720000,eth
2018-09-14,211.74899291992188,2232190000,eth
2018-09-15,223.07400512695312,1670490000,eth
2018-09-16,220.58900451660156,1502260000,eth
2018-09-17,197.875,2019910000,eth
2018-09-18,209.97500610351562,1800640000,eth
2018-09-19,209.968994140625,1733330000,eth
2018-09-20,224.59100341796875,1782070000,eth
2018-09-21,246.58399963378906,2836200000,eth
2018-09-22,240.47999572753906,1921820000,eth
2018-09-23,244.3300018310547,1693470000,eth
2018-09-24,228.72999572753906,1748740000,eth
2018-09-25,218.5050048828125,2120360000,eth
2018-09-26,215.8470001220703,1756100000,eth
2018-09-27,228.49400329589844,2030320000,eth
2018-09-28,222.40199279785156,2018120000,eth
2018-09-29,231.63499450683594,2208720000,eth
2018-09-30,232.84800720214844,1765560000,eth
2018-10-01,230.76800537109375,1597500000,eth
2018-10-02,227.18099975585938,1542080000,eth
2018-10-03,220.48899841308594,1683930000,eth
2018-10-04,222.21800231933594,1479500000,eth
2018-10-05,227.6009979248047,1547330000,eth
2018-10-06,225.1199951171875,1505070000,eth
2018-10-07,226.11900329589844,1470480000,eth
2018-10-08,229.2550048828125,1470740000,eth
2018-10-09,227.98199462890625,1405130000,eth
2018-10-10,225.7689971923828,1384040000,eth
2018-10-11,189.49899291992188,2167620000,eth
2018-10-12,196.7270050048828,1487900000,eth
2018-10-13,199.84100341796875,1167610000,eth
2018-10-14,195.71499633789062,1169260000,eth
2018-10-15,209.70399475097656,2865830000,eth
2018-10-16,210.1199951171875,1532280000,eth
2018-10-17,207.08299255371094,1444130000,eth
2018-10-18,203.3520050048828,1365860000,eth
2018-10-19,203.7270050048828,1264480000,eth
2018-10-20,205.42999267578125,1238780000,eth
2018-10-21,205.14199829101562,1190300000,eth
2018-10-22,204.04400634765625,1328980000,eth
2018-10-23,204.33599853515625,1237490000,eth
2018-10-24,203.8520050048828,1102220000,eth
2018-10-25,202.718994140625,1102900000,eth
2018-10-26,203.32899475097656,1161310000,eth
2018-10-27,204.2100067138672,1084810000,eth
2018-10-28,205.36599731445312,1139140000,eth
2018-10-29,197.2469940185547,1517230000,eth
2018-10-30,197.55599975585938,1363500000,eth
2018-10-31,197.38099670410156,1442380000,eth
2018-11-01,198.8719940185547,1336700000,eth
2018-11-02,200.63499450683594,1451870000,eth
2018-11-03,200.18600463867188,1307150000,eth
2018-11-04,207.48599243164062,1749300000,eth
2018-11-05,209.09100341796875,1613510000,eth
2018-11-06,218.45199584960938,1856940000,eth
2018-11-07,217.18299865722656,1927830000,eth
2018-11-08,212.2310028076172,1769080000,eth
2018-11-09,210.07400512695312,1554750000,eth
2018-11-10,212.5330047607422,1377760000,eth
2018-11-11,211.33999633789062,1501600000,eth
2018-11-12,210.41799926757812,1452380000,eth
2018-11-13,206.8260040283203,1610260000,eth
2018-11-14,181.39700317382812,2595330000,eth
2018-11-15,180.80599975585938,2638410000,eth
2018-11-16,175.177001953125,2015330000,eth
2018-11-17,174.00100708007812,1832800000,eth
2018-11-18,177.06700134277344,1810920000,eth
2018-11-19,149.1750030517578,2745160000,eth
2018-11-20,130.33900451660156,3134410000,eth
2018-11-21,136.7010040283203,2685930000,eth
2018-11-22,126.70600128173828,1792150000,eth
2018-11-23,123.2959976196289,1998010000,eth
2018-11-24,113.49400329589844,1800960000,eth
2018-11-25,116.44999694824219,2466750000,eth
2018-11-26,108.33499908447266,2139490000,eth
2018-11-27,110.01000213623047,2320010000,eth
2018-11-28,122.43800354003906,2673470000,eth
2018-11-29,117.54264831542969,2196099151,eth
2018-11-30,113.17141723632812,2020748396,eth
2018-12-01,118.63555908203125,2131475768,eth
2018-12-02,116.38890075683594,1856199149,eth
2018-12-03,108.92501831054688,1772756193,eth
2018-12-04,110.21418762207031,1748116495,eth
2018-12-05,102.47555541992188,1990157607,eth
2018-12-06,91.76105499267578,2310716932,eth
2018-12-07,93.29456329345703,2554304530,eth
2018-12-08,92.15963745117188,1855759401,eth
2018-12-09,95.14205932617188,1875567180,eth
2018-12-10,91.68565368652344,1756437577,eth
2018-12-11,88.94530487060547,1707497898,eth
2018-12-12,90.59329986572266,1533050103,eth
2018-12-13,86.53931427001953,1754475622,eth
2018-12-14,84.30829620361328,1651491877,eth
2018-12-15,84.44081115722656,1496176898,eth
2018-12-16,85.26210021972656,1565817037,eth
2018-12-17,95.13382720947266,2101453024,eth
2018-12-18,101.11245727539062,2277514076,eth
2018-12-19,101.2685775756836,2456482115,eth
2018-12-20,116.21687316894531,3063842618,eth
2018-12-21,109.49623107910156,2632539990,eth
2018-12-22,116.7594985961914,2338772939,eth
2018-12-23,130.7652587890625,3579715061,eth
2018-12-24,140.23800659179688,4370343387,eth
2018-12-25,129.84434509277344,3298280609,eth
2018-12-26,131.86563110351562,2720469126,eth
2018-12-27,116.57591247558594,2612804378,eth
2018-12-28,137.6470184326172,3130201009,eth
2018-12-29,138.01834106445312,3169029972,eth
2018-12-30,139.8594512939453,2660086834,eth
2018-12-31,133.36825561523438,2358360234,eth
2019-01-01,140.8194122314453,2258709868,eth
2019-01-02,155.0476837158203,3328240369,eth
2019-01-03,149.135009765625,2676164880,eth
2019-01-04,154.58193969726562,3126192535,eth
2019-01-05,155.6385955810547,3338211928,eth
2019-01-06,157.74620056152344,3231294371,eth
2019-01-07,151.69921875,2712108388,eth
2019-01-08,150.35963439941406,2459808140,eth
2019-01-09,150.80311584472656,2369241197,eth
2019-01-10,128.62518310546875,3397734456,eth
2019-01-11,127.54832458496094,2667585234,eth
2019-01-12,125.9665298461914,2212109224,eth
2019-01-13,116.8978042602539,2268263944,eth
2019-01-14,129.0687255859375,2798085735,eth
2019-01-15,122.03271484375,2735449164,eth
2019-01-16,123.54706573486328,2746469340,eth
2019-01-17,123.7419204711914,2594091285,eth
2019-01-18,121.01026153564453,2305389800,eth
2019-01-19,124.5190200805664,3048261797,eth
2019-01-20,119.4748306274414,2964108269,eth
2019-01-21,117.15785217285156,2421720343,eth
2019-01-22,118.74755096435547,2552507405,eth
2019-01-23,117.45260620117188,2556952198,eth
2019-01-24,117.36288452148438,2520843420,eth
2019-01-25,116.37834167480469,2606881898,eth
2019-01-26,116.48873901367188,2412181169,eth
2019-01-27,113.40528869628906,2775888287,eth
2019-01-28,106.58997344970703,3366895505,eth
2019-01-29,105.59821319580078,2900418606,eth
2019-01-30,108.90753936767578,2874370355,eth
2019-01-31,107.0610122680664,2828796031,eth
2019-02-01,107.60978698730469,2541271519,eth
2019-02-02,110.43025970458984,2385157838,eth
2019-02-03,107.49266815185547,2519334757,eth
2019-02-04,107.82160186767578,2491888675,eth
2019-02-05,107.44351959228516,2515863999,eth
2019-02-06,104.9192886352539,2593048199,eth
2019-02-07,104.5353012084961,2326764622,eth
2019-02-08,119.26774597167969,3656841347,eth
2019-02-09,119.4308853149414,2884650400,eth
2019-02-10,124.80648803710938,3148766590,eth
2019-02-11,121.29839324951172,3222473887,eth
2019-02-12,122.5722885131836,3149576429,eth
2019-02-13,122.55360412597656,3386585799,eth
2019-02-14,121.39020538330078,3331701628,eth
2019-02-15,122.10038757324219,3021741615,eth
2019-02-16,123.26021575927734,2905833287,eth
2019-02-17,133.598876953125,4236081130,eth
2019-02-18,146.09837341308594,5387525773,eth
2019-02-19,145.34619140625,5310842625,eth
2019-02-20,149.55433654785156,4500094965,eth
2019-02-21,146.13084411621094,3995766856,eth
2019-02-22,149.0924530029297,3731099284,eth
2019-02-23,158.79542541503906,4519468458,eth
2019-02-24,135.8526611328125,5957715043,eth
2019-02-25,139.82286071777344,4914392068,eth
2019-02-26,138.0896759033203,3791292839,eth
2019-02-27,136.12596130371094,4469776860,eth
2019-02-28,136.74624633789062,4535438953,eth
2019-03-01,136.44361877441406,3756124824,eth
2019-03-02,134.2069549560547,3747176425,eth
2019-03-03,132.24942016601562,3454374053,eth
2019-03-04,127.77412414550781,4008171341,eth
2019-03-05,137.8223876953125,4764849990,eth
2019-03-06,138.7893524169922,4589054219,eth
2019-03-07,138.0345001220703,4339206292,eth
2019-03-08,135.1270751953125,4678816794,eth
2019-03-09,137.96533203125,5011918715,eth
2019-03-10,136.75868225097656,4578438499,eth
2019-03-11,133.8340301513672,4689807419,eth
2019-03-12,134.44288635253906,4709988000,eth
2019-03-13,133.26307678222656,4265162099,eth
2019-03-14,133.7115936279297,4476532147,eth
2019-03-15,137.69178771972656,4506861856,eth
2019-03-16,142.39817810058594,4839003569,eth
2019-03-17,140.00054931640625,3827157729,eth
2019-03-18,139.37460327148438,4551739879,eth
2019-03-19,140.51919555664062,4251488129,eth
2019-03-20,140.6863555908203,4664134462,eth
2019-03-21,136.6360626220703,5087247796,eth
2019-03-22,137.1814422607422,4490899266,eth
2019-03-23,138.2398681640625,4436568613,eth
2019-03-24,136.98692321777344,4266845458,eth
2019-03-25,135.03102111816406,4480516753,eth
2019-03-26,135.46035766601562,4499271679,eth
2019-03-27,140.9881591796875,5228240093,eth
2019-03-28,139.41647338867188,4163212475,eth
2019-03-29,142.49742126464844,5125602702,eth
2019-03-30,142.09268188476562,5144662127,eth
2019-03-31,141.51409912109375,4249050197,eth
2019-04-01,141.830322265625,4611999536,eth
2019-04-02,163.9617462158203,9826645698,eth
2019-04-03,161.45880126953125,10622456246,eth
2019-04-04,158.0525360107422,7953123529,eth
2019-04-05,165.5148468017578,7531316908,eth
2019-04-06,165.94720458984375,7167016221,eth
2019-04-07,174.53164672851562,7596176020,eth
2019-04-08,180.25881958007812,9304964610,eth
2019-04-09,176.1145782470703,7632529578,eth
2019-04-10,177.3374786376953,7856924879,eth
2019-04-11,165.4970245361328,7859383417,eth
2019-04-12,164.736328125,6237185309,eth
2019-04-13,164.5133514404297,4959301561,eth
2019-04-14,167.83851623535156,4846298303,eth
2019-04-15,161.5741729736328,5672311824,eth
2019-04-16,167.62344360351562,5180105341,eth
2019-04-17,166.9507598876953,5596102715,eth
2019-04-18,173.81402587890625,6971581464,eth
2019-04-19,173.70843505859375,6541053061,eth
2019-04-20,173.7512664794922,6142567812,eth
2019-04-21,170.04652404785156,6005571688,eth
2019-04-22,171.87466430664062,6094878077,eth
2019-04-23,171.4477996826172,7097827092,eth
2019-04-24,165.8260955810547,7351304156,eth
2019-04-25,154.4593963623047,6820332362,eth
2019-04-26,156.3470916748047,7505283355,eth
2019-04-27,158.4349365234375,5863109118,eth
2019-04-28,157.29507446289062,5379894433,eth
2019-04-29,155.20199584960938,6053776253,eth
2019-04-30,162.16603088378906,6275803460,eth
2019-05-01,160.81834411621094,5789172433,eth
2019-05-02,162.12278747558594,6044171062,eth
2019-05-03,167.95240783691406,7299410672,eth
2019-05-04,164.02658081054688,6658100049,eth
2019-05-05,163.45069885253906,5938415562,eth
2019-05-06,172.65321350097656,7540096853,eth
2019-05-07,169.7986602783203,8411140170,eth
2019-05-08,170.9481658935547,6416569598,eth
2019-05-09,170.289306640625,6546914198,eth
2019-05-10,173.1427459716797,8036919053,eth
2019-05-11,194.30433654785156,12578331654,eth
2019-05-12,187.3253173828125,10326050090,eth
2019-05-13,196.84628295898438,10367149039,eth
2019-05-14,217.14857482910156,12751049755,eth
2019-05-15,247.15306091308594,13460006534,eth
2019-05-16,264.010009765625,18661465873,eth
2019-05-17,243.76458740234375,16037551694,eth
2019-05-18,234.59523010253906,10933142646,eth
2019-05-19,261.2922058105469,12049250894,eth
2019-05-20,251.86441040039062,10834541285,eth
2019-05-21,255.21588134765625,11545049593,eth
2019-05-22,244.69891357421875,9818257463,eth
2019-05-23,245.96566772460938,10671663487,eth
2019-05-24,249.4849853515625,9929433206,eth
2019-05-25,251.75987243652344,8924985385,eth
2019-05-26,267.06964111328125,9664267731,eth
2019-05-27,272.8626403808594,12074664736,eth
2019-05-28,271.7687072753906,10362846898,eth
2019-05-29,269.4556884765625,9819132174,eth
2019-05-30,255.85894775390625,13604268584,eth
2019-05-31,268.1135559082031,11255023515,eth
2019-06-01,265.3912658691406,9942869852,eth
2019-06-02,270.22552490234375,8744111713,eth
2019-06-03,252.60792541503906,9375712917,eth
2019-06-04,241.3387908935547,10132549747,eth
2019-06-05,247.05101013183594,8548917062,eth
2019-06-06,249.47433471679688,8265146806,eth
2019-06-07,250.93035888671875,8379534528,eth
2019-06-08,245.73809814453125,7225996863,eth
2019-06-09,233.08670043945312,7566421456,eth
2019-06-10,247.52012634277344,8141159848,eth
2019-06-11,245.78182983398438,7382269700,eth
2019-06-12,260.9032897949219,8645598618,eth
2019-06-13,256.1687927246094,8442077836,eth
2019-06-14,264.08746337890625,8676891267,eth
2019-06-15,269.0193176269531,8126853944,eth
2019-06-16,269.22320556640625,9676746453,eth
2019-06-17,274.3511047363281,6009795781,eth
2019-06-18,265.0518493652344,6205242504,eth
2019-06-19,269.4317932128906,5516510947,eth
2019-06-20,271.69500732421875,6408981097,eth
2019-06-21,294.9102783203125,9331694140,eth
2019-06-22,309.38031005859375,10613731255,eth
2019-06-23,307.8277893066406,8161062380,eth
2019-06-24,310.4246826171875,8205712062,eth
2019-06-25,318.1263122558594,9641764965,eth
2019-06-26,336.753173828125,16437084081,eth
2019-06-27,294.26763916015625,14038092503,eth
2019-06-28,311.2261047363281,11514656820,eth
2019-06-29,320.05889892578125,10929374565,eth
2019-06-30,290.69598388671875,10303111000,eth
2019-07-01,293.64111328125,10292223948,eth
2019-07-02,291.596435546875,10618413952,eth
2019-07-03,303.0999755859375,9926711979,eth
2019-07-04,284.5232238769531,8403513106,eth
2019-07-05,287.9975280761719,8723493015,eth
2019-07-06,287.547119140625,7674615025,eth
2019-07-07,305.7005615234375,8119724981,eth
2019-07-08,313.25140380859375,9078905628,eth
2019-07-09,308.8810119628906,10055159803,eth
2019-07-10,290.0023193359375,11679985167,eth
2019-07-11,268.70404052734375,10216287022,eth
2019-07-12,276.2767028808594,8148936015,eth
2019-07-13,269.45880126953125,6716829429,eth
2019-07-14,227.57806396484375,8578339386,eth
2019-07-15,229.7760009765625,9723674244,eth
2019-07-16,199.1886749267578,9036620494,eth
2019-07-17,211.48497009277344,9387747640,eth
2019-07-18,226.566162109375,9327816059,eth
2019-07-19,221.3334197998047,7606433131,eth
2019-07-20,229.1192169189453,7976245988,eth
2019-07-21,225.63076782226562,6685082868,eth
2019-07-22,217.5600128173828,6338843919,eth
2019-07-23,212.728515625,6976091534,eth
2019-07-24,217.04637145996094,7168982843,eth
2019-07-25,219.6179962158203,6731281160,eth
2019-07-26,219.62960815429688,5729852178,eth
2019-07-27,207.40830993652344,6257703908,eth
2019-07-28,211.18655395507812,5504887934,eth
2019-07-29,211.26805114746094,5485190664,eth
2019-07-30,210.52259826660156,5489918859,eth
2019-07-31,218.65414428710938,6003828340,eth
2019-08-01,217.80844116210938,5965442642,eth
2019-08-02,217.87156677246094,6159440229,eth
2019-08-03,222.49034118652344,5697798687,eth
2019-08-04,222.6697235107422,5238542572,eth
2019-08-05,234.21502685546875,7765060287,eth
2019-08-06,226.02064514160156,7647742672,eth
2019-08-07,226.39100646972656,7020342210,eth
2019-08-08,220.94186401367188,6713525644,eth
2019-08-09,210.48890686035156,6964818795,eth
2019-08-10,206.73353576660156,6584748527,eth
2019-08-11,216.09286499023438,6440605605,eth
2019-08-12,211.28807067871094,5674315559,eth
2019-08-13,208.70904541015625,5946313205,eth
2019-08-14,186.6077423095703,7444456154,eth
2019-08-15,188.50205993652344,8197244441,eth
2019-08-16,185.44007873535156,7133915837,eth
2019-08-17,185.68768310546875,5512696513,eth
2019-08-18,194.4935302734375,5969012024,eth
2019-08-19,203.09193420410156,6145148692,eth
2019-08-20,196.56541442871094,6408417610,eth
2019-08-21,186.89163208007812,7775772700,eth
2019-08-22,191.33291625976562,7569043874,eth
2019-08-23,194.70620727539062,6658162377,eth
2019-08-24,191.28956604003906,6249737982,eth
2019-08-25,186.84239196777344,5826017143,eth
2019-08-26,188.92938232421875,7207986636,eth
2019-08-27,187.51666259765625,6042327402,eth
2019-08-28,173.8899688720703,6696604087,eth
2019-08-29,169.51673889160156,7129569083,eth
2019-08-30,168.83486938476562,5776520220,eth
2019-08-31,172.46978759765625,5830212249,eth
2019-09-01,171.62942504882812,5554799576,eth
2019-09-02,178.34735107421875,6503447137,eth
2019-09-03,179.49932861328125,6962728938,eth
2019-09-04,175.99288940429688,5938120494,eth
2019-09-05,174.21713256835938,5589476516,eth
2019-09-06,169.9561767578125,6797611878,eth
2019-09-07,178.2626190185547,6791531342,eth
2019-09-08,181.35552978515625,6472677266,eth
2019-09-09,181.1494598388672,7232938985,eth
2019-09-10,179.78717041015625,6291476772,eth
2019-09-11,178.72549438476562,7157139035,eth
2019-09-12,181.01609802246094,5838605477,eth
2019-09-13,181.10972595214844,5955041237,eth
2019-09-14,188.1055145263672,6500686511,eth
2019-09-15,189.78912353515625,6222874780,eth
2019-09-16,197.11317443847656,8242029488,eth
2019-09-17,208.60874938964844,10232590812,eth
2019-09-18,211.39303588867188,9194634557,eth
2019-09-19,221.28085327148438,10620070913,eth
2019-09-20,218.050048828125,8027974273,eth
2019-09-21,215.51620483398438,7743309778,eth
2019-09-22,211.54537963867188,7812854576,eth
2019-09-23,201.9213104248047,7494673136,eth
2019-09-24,168.11073303222656,11757739233,eth
2019-09-25,170.8927001953125,9766632018,eth
2019-09-26,166.7271270751953,7848286154,eth
2019-09-27,174.71099853515625,7909313625,eth
2019-09-28,174.57289123535156,6895423445,eth
2019-09-29,170.50347900390625,6497088199,eth
2019-09-30,179.87220764160156,7552915148,eth
2019-10-01,177.34042358398438,7676276225,eth
2019-10-02,180.71051025390625,6335595250,eth
2019-10-03,175.1993408203125,6381403725,eth
2019-10-04,176.98500061035156,6248928449,eth
2019-10-05,176.3515167236328,5837211771,eth
2019-10-06,173.05914306640625,5852890674,eth
2019-10-07,181.18634033203125,7844316834,eth
2019-10-08,182.0215606689453,7466282780,eth
2019-10-09,193.2932586669922,9088122101,eth
2019-10-10,191.65966796875,8375913276,eth
2019-10-11,182.56968688964844,9128522970,eth
2019-10-12,180.82664489746094,7494328840,eth
2019-10-13,182.0751495361328,6733182273,eth
2019-10-14,186.96090698242188,7276520699,eth
2019-10-15,181.40606689453125,7731456579,eth
2019-10-16,176.0135040283203,7691244590,eth
2019-10-17,178.02835083007812,6737237423,eth
2019-10-18,173.621337890625,7566257807,eth
2019-10-19,172.91302490234375,6551453871,eth
2019-10-20,175.5343780517578,6801091120,eth
2019-10-21,174.92098999023438,6815820627,eth
2019-10-22,172.3008575439453,6990951966,eth
2019-10-23,162.4027862548828,9624925919,eth
2019-10-24,162.16854858398438,7300917537,eth
2019-10-25,181.52320861816406,10358594018,eth
2019-10-26,179.83547973632812,13831784986,eth
2019-10-27,184.24221801757812,10815941952,eth
2019-10-28,182.66281127929688,10406734124,eth
2019-10-29,190.3425750732422,10622761958,eth
2019-10-30,184.69216918945312,10484902804,eth
2019-10-31,183.9669189453125,9607939606,eth
2019-11-01,183.9698944091797,9145611130,eth
2019-11-02,183.92572021484375,8087991830,eth
2019-11-03,182.42501831054688,8760247744,eth
2019-11-04,186.35519409179688,10551917945,eth
2019-11-05,189.30416870117188,10024177342,eth
2019-11-06,191.59384155273438,10156458684,eth
2019-11-07,187.97654724121094,9081247799,eth
2019-11-08,184.2114715576172,9176780911,eth
2019-11-09,185.02871704101562,7277418704,eth
2019-11-10,189.47727966308594,8752784211,eth
2019-11-11,185.48963928222656,7877424106,eth
2019-11-12,186.84341430664062,7792186666,eth
2019-11-13,188.2587432861328,7343173596,eth
2019-11-14,185.9996337890625,7872664470,eth
2019-11-15,180.52117919921875,8815678477,eth
2019-11-16,183.34835815429688,6789888120,eth
2019-11-17,185.11923217773438,7364325471,eth
2019-11-18,180.55960083007812,7787662111,eth
2019-11-19,177.45555114746094,7536699743,eth
2019-11-20,175.69834899902344,7205785149,eth
2019-11-21,161.4627227783203,8546371325,eth
2019-11-22,150.26817321777344,12020749863,eth
2019-11-23,153.41778564453125,8289198330,eth
2019-11-24,142.83470153808594,7782769098,eth
2019-11-25,146.47653198242188,10962753356,eth
2019-11-26,148.96507263183594,7648516297,eth
2019-11-27,153.01055908203125,8778095308,eth
2019-11-28,151.7175750732422,7346531960,eth
2019-11-29,155.3041534423828,7503898278,eth
2019-11-30,152.53968811035156,6565950868,eth
2019-12-01,151.18572998046875,7102780298,eth
2019-12-02,149.0591583251953,6670561362,eth
2019-12-03,147.9564208984375,6204379850,eth
2019-12-04,146.74774169921875,7865937094,eth
2019-12-05,149.24899291992188,6745910228,eth
2019-12-06,149.19444274902344,6458766441,eth
2019-12-07,148.76815795898438,5911233284,eth
2019-12-08,151.2647247314453,6441727252,eth
2019-12-09,148.2251739501953,6744206747,eth
2019-12-10,146.2670440673828,6859512025,eth
2019-12-11,143.60800170898438,7037180049,eth
2019-12-12,145.60400390625,7890383413,eth
2019-12-13,144.9447479248047,7264810247,eth
2019-12-14,142.86923217773438,7048066973,eth
2019-12-15,143.114990234375,7235153411,eth
2019-12-16,133.61402893066406,8992282119,eth
2019-12-17,122.60388946533203,9057166141,eth
2019-12-18,133.09219360351562,11864518321,eth
2019-12-19,129.32113647460938,9564699140,eth
2019-12-20,129.06605529785156,8173594150,eth
2019-12-21,128.13095092773438,7449064703,eth
2019-12-22,132.3725128173828,9121058481,eth
2019-12-23,128.6140899658203,9622497693,eth
2019-12-24,129.0638885498047,7961819689,eth
2019-12-25,126.45463562011719,8418019054,eth
2019-12-26,126.36122131347656,8600871980,eth
2019-12-27,127.21460723876953,8299390176,eth
2019-12-28,128.3227081298828,8069298610,eth
2019-12-29,134.7579803466797,9708776786,eth
2019-12-30,132.63348388671875,9796951716,eth
2019-12-31,129.61085510253906,8936866397,eth
2020-01-01,130.802001953125,7935230330,eth
2020-01-02,127.4101791381836,8032709256,eth
2020-01-03,134.1717071533203,10476845358,eth
2020-01-04,135.06936645507812,7430904515,eth
2020-01-05,136.2767791748047,7526675353,eth
2020-01-06,144.3041534423828,9093747121,eth
2020-01-07,143.5439910888672,9257954672,eth
2020-01-08,141.2581329345703,9387194957,eth
2020-01-09,138.9792022705078,7697325348,eth
2020-01-10,143.96377563476562,9084816203,eth
2020-01-11,142.92710876464844,9332208590,eth
2020-01-12,145.87393188476562,8528167453,eth
2020-01-13,144.22659301757812,8378529470,eth
2020-01-14,165.95535278320312,16712318373,eth
2020-01-15,166.23068237304688,15173694057,eth
2020-01-16,164.39100646972656,13735193018,eth
2020-01-17,170.7799530029297,14997091826,eth
2020-01-18,175.3656768798828,14929342256,eth
2020-01-19,166.9698486328125,13713374132,eth
2020-01-20,167.12051391601562,11144529787,eth
2020-01-21,169.69715881347656,9789369362,eth
2020-01-22,168.29415893554688,9209827928,eth
2020-01-23,162.92855834960938,10396868698,eth
2020-01-24,163.05117797851562,10657671162,eth
2020-01-25,161.283935546875,8256956802,eth
2020-01-26,168.0771026611328,9261861590,eth
2020-01-27,170.93089294433594,11004476145,eth
2020-01-28,176.3703155517578,11772875064,eth
2020-01-29,175.0503387451172,10725267311,eth
2020-01-30,184.6904754638672,12604789338,eth
2020-01-31,180.16017150878906,11728616394,eth
2020-02-01,183.6739501953125,11569697182,eth
2020-02-02,188.61753845214844,14054425389,eth
2020-02-03,189.8650665283203,12392875241,eth
2020-02-04,189.25059509277344,11714191695,eth
2020-02-05,204.23023986816406,14865434435,eth
2020-02-06,212.33908081054688,16425589683,eth
2020-02-07,222.72605895996094,16673443564,eth
2020-02-08,223.14651489257812,16741203125,eth
2020-02-09,228.5785675048828,15031356241,eth
2020-02-10,223.522705078125,16210008511,eth
2020-02-11,235.8511962890625,16964695963,eth
2020-02-12,265.4061279296875,24545049386,eth
2020-02-13,268.0992431640625,25801317504,eth
2020-02-14,284.2174987792969,23558253463,eth
2020-02-15,264.72857666015625,23682452994,eth
2020-02-16,259.89471435546875,25152366643,eth
2020-02-17,266.3634338378906,26024080089,eth
2020-02-18,281.944580078125,26511477187,eth
2020-02-19,259.76397705078125,22679414413,eth
2020-02-20,257.949462890625,23229828870,eth
2020-02-21,265.6006164550781,20867593292,eth
2020-02-22,262.33172607421875,16906032862,eth
2020-02-23,273.754150390625,19585998814,eth
2020-02-24,265.2164306640625,22400845640,eth
2020-02-25,247.81759643554688,21878882134,eth
2020-02-26,225.68026733398438,26235617201,eth
2020-02-27,226.75338745117188,25645522790,eth
2020-02-28,226.760498046875,22563530559,eth
2020-02-29,219.8485107421875,18181296376,eth
2020-03-01,218.97059631347656,18179807469,eth
2020-03-02,230.5697784423828,20305587789,eth
2020-03-03,224.47962951660156,19853178572,eth
2020-03-04,224.51797485351562,16567075208,eth
2020-03-05,229.2681884765625,18201291785,eth
2020-03-06,243.52529907226562,19374772256,eth
2020-03-07,237.85308837890625,19431652027,eth
2020-03-08,200.68905639648438,21381823651,eth
2020-03-09,201.986328125,23645428606,eth
2020-03-10,200.76724243164062,18344930072,eth
2020-03-11,194.8685302734375,16984790291,eth
2020-03-12,112.34712219238281,22134741655,eth
2020-03-13,133.20181274414062,27864623061,eth
2020-03-14,123.30602264404297,12740784545,eth
2020-03-15,125.21430206298828,12719251813,eth
2020-03-16,110.60587310791016,15984904590,eth
2020-03-17,113.9427490234375,12087490572,eth
2020-03-18,114.84226989746094,11617854009,eth
2020-03-19,136.59385681152344,16396753275,eth
2020-03-20,132.73716735839844,18960388062,eth
2020-03-21,132.81871032714844,13684083308,eth
2020-03-22,123.32115173339844,12497707224,eth
2020-03-23,134.91160583496094,14149877968,eth
2020-03-24,138.76144409179688,14609068673,eth
2020-03-25,136.19589233398438,13433092920,eth
2020-03-26,138.36155700683594,11367261176,eth
2020-03-27,133.9379425048828,11396286629,eth
2020-03-28,130.9864959716797,12162403960,eth
2020-03-29,125.58373260498047,9938133669,eth
2020-03-30,132.904541015625,11841123306,eth
2020-03-31,133.59356689453125,11065246317,eth
2020-04-01,135.63455200195312,12456564435,eth
2020-04-02,142.02914428710938,15322861686,eth
2020-04-03,142.09130859375,13184603402,eth
2020-04-04,145.21939086914062,11946658257,eth
2020-04-05,143.54664611816406,11280993591,eth
2020-04-06,169.13587951660156,21636382525,eth
2020-04-07,165.10194396972656,21659346091,eth
2020-04-08,172.64173889160156,17063110836,eth
2020-04-09,170.80714416503906,14901696210,eth
2020-04-10,158.41244506835938,17980944616,eth
2020-04-11,158.2160186767578,13555089447,eth
2020-04-12,161.14242553710938,15123721386,eth
2020-04-13,156.27955627441406,16465282133,eth
2020-04-14,157.5963897705078,14723156630,eth
2020-04-15,153.28689575195312,14171753737,eth
2020-04-16,172.15737915039062,22910469236,eth
2020-04-17,171.63858032226562,16714684266,eth
2020-04-18,186.91400146484375,20160323443,eth
2020-04-19,181.61495971679688,19146038381,eth
2020-04-20,172.2971649169922,21266681335,eth
2020-04-21,172.73770141601562,16458767984,eth
2020-04-22,182.59957885742188,17994666395,eth
2020-04-23,185.02867126464844,21275740032,eth
2020-04-24,189.2369384765625,16788555028,eth
2020-04-25,195.5153045654297,18260969748,eth
2020-04-26,197.31753540039062,18335367012,eth
2020-04-27,197.22471618652344,18670194595,eth
2020-04-28,198.41539001464844,18217507467,eth
2020-04-29,216.96823120117188,26397548759,eth
2020-04-30,207.60205078125,28089191904,eth
2020-05-01,214.21910095214844,20816320834,eth
2020-05-02,215.32537841796875,18260876092,eth
2020-05-03,210.9331512451172,20469034664,eth
2020-05-04,208.17401123046875,22602446422,eth
2020-05-05,206.77439880371094,19004689099,eth
2020-05-06,204.0557861328125,20343543799,eth
2020-05-07,212.28941345214844,23594744655,eth
2020-05-08,212.9915771484375,20445139356,eth
2020-05-09,211.60012817382812,18950547549,eth
2020-05-10,188.5995635986328,25211575193,eth
2020-05-11,185.912841796875,20054601647,eth
2020-05-12,189.3125,15899726284,eth
2020-05-13,199.1932830810547,17054662289,eth
2020-05-14,202.9490966796875,20150524861,eth
2020-05-15,195.62266540527344,16602342092,eth
2020-05-16,200.6771240234375,15379081645,eth
2020-05-17,207.15869140625,15470397303,eth
2020-05-18,214.52505493164062,17411566928,eth
2020-05-19,213.45111083984375,14346192779,eth
2020-05-20,210.09674072265625,12730175511,eth
2020-05-21,199.88360595703125,13308321229,eth
2020-05-22,207.169189453125,12041592114,eth
2020-05-23,208.69439697265625,10665476768,eth
2020-05-24,202.37034606933594,11833299572,eth
2020-05-25,205.3197479248047,10415044124,eth
2020-05-26,201.90231323242188,10159741290,eth
2020-05-27,208.86343383789062,10631034756,eth
2020-05-28,219.84042358398438,12212469604,eth
2020-05-29,220.6751251220703,12265816557,eth
2020-05-30,242.34559631347656,15027397867,eth
2020-05-31,230.9757080078125,12234904813,eth
2020-06-01,246.99176025390625,13951727936,eth
2020-06-02,237.21905517578125,13782107567,eth
2020-06-03,244.1793212890625,9861760817,eth
2020-06-04,244.4263916015625,10170414304,eth
2020-06-05,241.22198486328125,9293963914,eth
2020-06-06,241.9313201904297,8114873845,eth
2020-06-07,245.16725158691406,9544883157,eth
2020-06-08,246.30990600585938,8076783299,eth
2020-06-09,244.9114532470703,8446545788,eth
2020-06-10,247.4449462890625,8792990206,eth
2020-06-11,231.70266723632812,12356528860,eth
2020-06-12,237.4932098388672,8868955009,eth
2020-06-13,238.90884399414062,7141624980,eth
2020-06-14,234.1147003173828,7439385176,eth
2020-06-15,229.9289093017578,10536099884,eth
2020-06-16,234.41616821289062,7965648016,eth
2020-06-17,233.0282745361328,7701391592,eth
2020-06-18,232.10116577148438,6713800872,eth
2020-06-19,227.13829040527344,6946372590,eth
2020-06-20,229.27426147460938,6252830566,eth
2020-06-21,228.9898223876953,5600408178,eth
2020-06-22,242.53318786621094,9079586552,eth
2020-06-23,244.14215087890625,6624530348,eth
2020-06-24,235.7724609375,8815030025,eth
2020-06-25,232.94448852539062,7010426122,eth
2020-06-26,229.6680450439453,7187490226,eth
2020-06-27,222.9597930908203,6918380955,eth
2020-06-28,225.34716796875,6205925718,eth
2020-06-29,228.1948699951172,6726164653,eth
2020-06-30,226.31500244140625,6094093001,eth
2020-07-01,231.11341857910156,6463737443,eth
2020-07-02,229.39219665527344,6212210566,eth
2020-07-03,225.38706970214844,5109032700,eth
2020-07-04,229.07411193847656,5228310135,eth
2020-07-05,227.6645965576172,5292172429,eth
2020-07-06,241.51022338867188,8782917553,eth
2020-07-07,239.07553100585938,6441497597,eth
2020-07-08,246.67001342773438,9892586411,eth
2020-07-09,243.01596069335938,8429099199,eth
2020-07-10,240.9849853515625,7281370522,eth
2020-07-11,239.4581756591797,5643067316,eth
2020-07-12,242.13169860839844,6596394718,eth
2020-07-13,239.60458374023438,7787751468,eth
2020-07-14,240.21148681640625,7357458555,eth
2020-07-15,238.42352294921875,6189328448,eth
2020-07-16,233.64088439941406,5832057567,eth
2020-07-17,232.77308654785156,5859850529,eth
2020-07-18,235.4838104248047,5397402117,eth
2020-07-19,238.48751831054688,6251377305,eth
2020-07-20,236.15316772460938,5600686192,eth
2020-07-21,245.0167236328125,6806696015,eth
2020-07-22,262.1906433105469,7702077383,eth
2020-07-23,274.6890563964844,10281309262,eth
2020-07-24,279.2154235839844,9466060358,eth
2020-07-25,304.0567626953125,10785021813,eth
2020-07-26,309.64361572265625,12003973026,eth
2020-07-27,321.51409912109375,15644257058,eth
2020-07-28,316.6572570800781,12357108065,eth
2020-07-29,318.1908874511719,10878845706,eth
2020-07-30,334.5866394042969,11827689045,eth
2020-07-31,345.5546569824219,12030600492,eth
2020-08-01,385.19970703125,14045259477,eth
2020-08-02,370.6717224121094,18909744275,eth
2020-08-03,386.295166015625,12834648062,eth
2020-08-04,389.87548828125,14086704221,eth
2020-08-05,401.590576171875,12875466638,eth
2020-08-06,394.9619445800781,11304626458,eth
2020-08-07,379.5128479003906,12751687084,eth
2020-08-08,393.98736572265625,9342060531,eth
2020-08-09,391.1204528808594,9451065592,eth
2020-08-10,395.8875732421875,11685827893,eth
2020-08-11,380.3840637207031,12792218737,eth
2020-08-12,391.024169921875,12408772745,eth
2020-08-13,428.7417907714844,18480303526,eth
2020-08-14,437.3978271484375,15064589987,eth
2020-08-15,433.35491943359375,12416067894,eth
2020-08-16,433.78662109375,12168816874,eth
2020-08-17,429.53125,13227089410,eth
2020-08-18,423.6693115234375,11978984079,eth
2020-08-19,406.4637756347656,13137391167,eth
2020-08-20,416.4397888183594,10043032427,eth
2020-08-21,389.1263427734375,11781796374,eth
2020-08-22,395.83514404296875,10131847985,eth
2020-08-23,391.3844909667969,8137303970,eth
2020-08-24,408.1441955566406,10328860398,eth
2020-08-25,384.00103759765625,12428442042,eth
2020-08-26,386.46612548828125,9967343483,eth
2020-08-27,382.63262939453125,10457777652,eth
2020-08-28,395.8746643066406,9120674421,eth
2020-08-29,399.9214782714844,8777703481,eth
2020-08-30,428.3957214355469,11211948040,eth
2020-08-31,435.0797424316406,12774741797,eth
2020-09-01,477.0519104003906,18862763756,eth
2020-09-02,440.0404968261719,19691854014,eth
2020-09-03,385.67193603515625,19622845896,eth
2020-09-04,388.24114990234375,16747106257,eth
2020-09-05,335.26007080078125,29880047640,eth
2020-09-06,353.3622741699219,27643678917,eth
2020-09-07,352.6734924316406,21763614732,eth
2020-09-08,337.60211181640625,17991403432,eth
2020-09-09,351.1100158691406,14547933520,eth
2020-09-10,368.1018981933594,31421134556,eth
2020-09-11,374.6955871582031,27296269329,eth
2020-09-12,387.18310546875,13295405814,eth
2020-09-13,365.57000732421875,15005899191,eth
2020-09-14,377.26885986328125,17536695361,eth
2020-09-15,364.8392028808594,16140584321,eth
2020-09-16,365.8122863769531,16107612177,eth
2020-09-17,389.01922607421875,19899531080,eth
2020-09-18,384.3645324707031,14108357740,eth
2020-09-19,385.54437255859375,11049507684,eth
2020-09-20,371.0528259277344,12292195784,eth
2020-09-21,341.78607177734375,17398267133,eth
2020-09-22,344.503173828125,12732578043,eth
2020-09-23,321.1163024902344,12899346599,eth
2020-09-24,349.3555908203125,15714304470,eth
2020-09-25,352.1832580566406,14381086966,eth
2020-09-26,355.48809814453125,13049148579,eth
2020-09-27,357.4385070800781,13598126926,eth
2020-09-28,355.159423828125,14258455166,eth
2020-09-29,359.75738525390625,11600013236,eth
2020-09-30,359.9378662109375,11818610610,eth
2020-10-01,353.2059020996094,14679481911,eth
2020-10-02,346.2389221191406,14215390463,eth
2020-10-03,346.5220947265625,10060167889,eth
2020-10-04,352.5790100097656,10696959020,eth
2020-10-05,353.956787109375,11809507622,eth
2020-10-06,340.81585693359375,12830796112,eth
2020-10-07,341.80865478515625,11929918060,eth
2020-10-08,350.7661437988281,13461017711,eth
2020-10-09,365.5904846191406,13043501763,eth
2020-10-10,370.96759033203125,13618484324,eth
2020-10-11,375.1420593261719,12584512533,eth
2020-10-12,387.73126220703125,15867455424,eth
2020-10-13,381.1907653808594,14226744838,eth
2020-10-14,379.4840393066406,13918846567,eth
2020-10-15,377.44183349609375,14964182545,eth
2020-10-16,366.22900390625,14670784817,eth
2020-10-17,368.8559265136719,10951115359,eth
2020-10-18,378.21368408203125,11047103109,eth
2020-10-19,379.93560791015625,12811242092,eth
2020-10-20,369.13690185546875,13741586582,eth
2020-10-21,392.1899719238281,20241324322,eth
2020-10-22,413.7729797363281,15772846485,eth
2020-10-23,409.7666931152344,14256222052,eth
2020-10-24,412.4576110839844,12201739194,eth
2020-10-25,406.2177734375,10890207469,eth
2020-10-26,393.8883056640625,15155684229,eth
2020-10-27,403.9970397949219,13940434102,eth
2020-10-28,388.6507568359375,15276441134,eth
2020-10-29,386.7301025390625,12920477749,eth
2020-10-30,382.8199768066406,13688056970,eth
2020-10-31,386.59033203125,11276963426,eth
2020-11-01,396.3581848144531,10475146018,eth
2020-11-02,383.15673828125,13997574252,eth
2020-11-03,387.6021728515625,12588494762,eth
2020-11-04,402.1419982910156,15126077675,eth
2020-11-05,414.0673522949219,15440711038,eth
2020-11-06,454.71929931640625,16738305610,eth
2020-11-07,435.713134765625,18873289788,eth
2020-11-08,453.5547790527344,11292383601,eth
2020-11-09,444.1630554199219,13704320630,eth
2020-11-10,449.67962646484375,12090381666,eth
2020-11-11,462.9605407714844,14075403511,eth
2020-11-12,461.0052795410156,12877327234,eth
2020-11-13,474.6264343261719,13191505725,eth
2020-11-14,460.14984130859375,10312037942,eth
2020-11-15,447.55908203125,10308617165,eth
2020-11-16,459.9403076171875,11441239444,eth
2020-11-17,480.3600769042969,14593057877,eth
2020-11-18,479.48406982421875,17880199224,eth
2020-11-19,471.63043212890625,12473929218,eth
2020-11-20,509.74456787109375,18629943296,eth
2020-11-21,549.4866333007812,20757099184,eth
2020-11-22,558.068115234375,21967049601,eth
2020-11-23,608.4540405273438,27272302872,eth
2020-11-24,603.8977661132812,23281758100,eth
2020-11-25,570.6866455078125,20088492893,eth
2020-11-26,518.8011474609375,31104004592,eth
2020-11-27,517.4937133789062,16831105703,eth
2020-11-28,538.2297973632812,14770243833,eth
2020-11-29,575.758056640625,15017517758,eth
2020-11-30,614.842529296875,20276867833,eth
2020-12-01,587.3241577148438,27178964465,eth
2020-12-02,598.3523559570312,16883292129,eth
2020-12-03,616.708740234375,16146190946,eth
2020-12-04,569.3541870117188,16337589997,eth
2020-12-05,596.595458984375,13498010566,eth
2020-12-06,601.9089965820312,11290893016,eth
2020-12-07,591.8433837890625,10720480962,eth
2020-12-08,554.8277587890625,14398919320,eth
2020-12-09,573.4791259765625,15855915840,eth
2020-12-10,559.6785278320312,11672582040,eth
2020-12-11,545.79736328125,11098819124,eth
2020-12-12,568.5673217773438,8534557897,eth
2020-12-13,589.6632080078125,9070377862,eth
2020-12-14,586.0111694335938,8125837102,eth
2020-12-15,589.3555908203125,9326645840,eth
2020-12-16,636.1818237304688,15817248373,eth
2020-12-17,642.8689575195312,25479532147,eth
2020-12-18,654.8119506835938,15756303983,eth
2020-12-19,659.2979125976562,12830893778,eth
2020-12-20,638.2908325195312,13375855442,eth
2020-12-21,609.81787109375,14419493621,eth
2020-12-22,634.8541870117188,14745890080,eth
2020-12-23,583.714599609375,15261413038,eth
2020-12-24,611.607177734375,14317413703,eth
2020-12-25,626.4107055664062,13520927700,eth
2020-12-26,635.8358154296875,14761125202,eth
2020-12-27,682.642333984375,26093552821,eth
2020-12-28,730.3973388671875,24222565862,eth
2020-12-29,731.5201416015625,18710683199,eth
2020-12-30,751.6189575195312,17294574210,eth
2020-12-31,737.8034057617188,13926846861,eth
2021-01-01,730.3675537109375,13652004358,eth
2021-01-02,774.5349731445312,19740771179,eth
2021-01-03,975.5076904296875,45200463368,eth
2021-01-04,1040.2330322265625,56945985763,eth
2021-01-05,1100.006103515625,41535932781,eth
2021-01-06,1207.1121826171875,44699914188,eth
2021-01-07,1225.6781005859375,40468027280,eth
2021-01-08,1224.1971435546875,44334826666,eth
2021-01-09,1281.0772705078125,33233105361,eth
2021-01-10,1262.2467041015625,40616938053,eth
2021-01-11,1090.1453857421875,60733630300,eth
2021-01-12,1043.4345703125,37494601692,eth
2021-01-13,1130.7393798828125,30109792795,eth
2021-01-14,1218.4530029296875,33410915929,eth
2021-01-15,1171.8345947265625,35972039310,eth
2021-01-16,1233.53759765625,32319240157,eth
2021-01-17,1230.1722412109375,29258032819,eth
2021-01-18,1257.279541015625,25817455560,eth
2021-01-19,1377.2958984375,47195935190,eth
2021-01-20,1382.2740478515625,46784030909,eth
2021-01-21,1121.5709228515625,45932464754,eth
2021-01-22,1236.51220703125,43918338506,eth
2021-01-23,1230.9906005859375,27253895441,eth
2021-01-24,1391.609375,36418163554,eth
2021-01-25,1324.414794921875,43565777745,eth
2021-01-26,1357.05810546875,41572917750,eth
2021-01-27,1253.1871337890625,39394416990,eth
2021-01-28,1332.4921875,34637234789,eth
2021-01-29,1382.5228271484375,53611955259,eth
2021-01-30,1376.115478515625,30616574234,eth
2021-01-31,1314.9862060546875,25198853581,eth
2021-02-01,1369.04052734375,29210670920,eth
2021-02-02,1515.1937255859375,45437142801,eth
2021-02-03,1660.9095458984375,41874566399,eth
2021-02-04,1594.7626953125,44396871836,eth
2021-02-05,1718.65087890625,40108628454,eth
2021-02-06,1677.8468017578125,39873420648,eth
2021-02-07,1614.227783203125,39889440151,eth
2021-02-08,1746.6168212890625,48012285956,eth
2021-02-09,1768.0350341796875,44180727529,eth
2021-02-10,1744.243408203125,41916084617,eth
2021-02-11,1783.7979736328125,36021495262,eth
2021-02-12,1843.5325927734375,37905036865,eth
2021-02-13,1814.10986328125,35359490535,eth
2021-02-14,1805.0841064453125,31439114900,eth
2021-02-15,1779.791015625,38955610883,eth
2021-02-16,1781.0675048828125,34269369268,eth
2021-02-17,1848.458251953125,35955412703,eth
2021-02-18,1937.44921875,28255902969,eth
2021-02-19,1960.164794921875,26268814253,eth
2021-02-20,1919.5340576171875,34696091102,eth
2021-02-21,1935.60107421875,23626547717,eth
2021-02-22,1781.992919921875,42409646036,eth
2021-02-23,1570.2039794921875,52029864713,eth
2021-02-24,1626.57568359375,31329000537,eth
2021-02-25,1475.7037353515625,24481681873,eth
2021-02-26,1446.03369140625,31435997881,eth
2021-02-27,1459.97314453125,20742103233,eth
2021-02-28,1416.0489501953125,27637026080,eth
2021-03-01,1564.7076416015625,24032838645,eth
2021-03-02,1492.6087646484375,22523669722,eth
2021-03-03,1575.8531494140625,22674780680,eth
2021-03-04,1541.914306640625,22906118718,eth
2021-03-05,1533.2750244140625,21067146937,eth
2021-03-06,1654.7415771484375,22746262366,eth
2021-03-07,1723.15380859375,23809935410,eth
2021-03-08,1834.7279052734375,27630991158,eth
2021-03-09,1868.048828125,23461244507,eth
2021-03-10,1799.166259765625,25154173185,eth
2021-03-11,1826.1949462890625,24013132909,eth
2021-03-12,1772.1024169921875,22435821312,eth
2021-03-13,1924.6854248046875,25014689475,eth
2021-03-14,1854.5643310546875,19344589211,eth
2021-03-15,1791.7022705078125,26244738810,eth
2021-03-16,1806.9718017578125,23828509590,eth
2021-03-17,1823.4493408203125,24512917348,eth
2021-03-18,1782.8551025390625,23263845504,eth
2021-03-19,1817.6241455078125,21249297710,eth
2021-03-20,1812.6346435546875,22677674970,eth
2021-03-21,1788.217041015625,22977404620,eth
2021-03-22,1691.333984375,23599296129,eth
2021-03-23,1678.650146484375,21998237965,eth
2021-03-24,1593.4134521484375,31228051473,eth
2021-03-25,1595.3592529296875,29650328701,eth
2021-03-26,1702.842041015625,22548516548,eth
2021-03-27,1716.49462890625,18102277710,eth
2021-03-28,1691.35595703125,16599472938,eth
2021-03-29,1819.6849365234375,22796570548,eth
2021-03-30,1846.03369140625,22512781703,eth
2021-03-31,1918.362060546875,30226902621,eth
2021-04-01,1977.27685546875,30914259795,eth
2021-04-02,2143.2255859375,34862511022,eth
2021-04-03,2028.4224853515625,32011518871,eth
2021-04-04,2093.122802734375,26006501902,eth
2021-04-05,2107.88720703125,28889391170,eth
2021-04-06,2118.37890625,29222865881,eth
2021-04-07,1971.0772705078125,36116271935,eth
2021-04-08,2088.57373046875,25312956529,eth
2021-04-09,2072.10888671875,19812472092,eth
2021-04-10,2135.942138671875,24986243611,eth
2021-04-11,2157.656982421875,19692836132,eth
2021-04-12,2139.353271484375,21727936609,eth
2021-04-13,2299.187744140625,29456642939,eth
2021-04-14,2435.10498046875,35592822986,eth
2021-04-15,2519.1162109375,32325606817,eth
2021-04-16,2431.946533203125,36196928256,eth
2021-04-17,2344.89501953125,32349808978,eth
2021-04-18,2237.136962890625,50696368718,eth
2021-04-19,2166.188720703125,34060654971,eth
2021-04-20,2330.2109375,39433483315,eth
2021-04-21,2364.751708984375,38899067643,eth
2021-04-22,2403.53515625,53575904724,eth
2021-04-23,2363.586181640625,55413933925,eth
2021-04-24,2211.625732421875,31854226936,eth
2021-04-25,2316.0595703125,31814355546,eth
2021-04-26,2534.481689453125,35208325408,eth
2021-04-27,2662.865234375,32275969215,eth
2021-04-28,2746.380126953125,34269031076,eth
2021-04-29,2756.876953125,32578127990,eth
2021-04-30,2773.20703125,29777179889,eth
2021-05-01,2945.892822265625,28726205272,eth
2021-05-02,2952.05615234375,28032013047,eth
2021-05-03,3431.086181640625,49174290212,eth
2021-05-04,3253.62939453125,62402045158,eth
2021-05-05,3522.783203125,48334198383,eth
2021-05-06,3490.88037109375,44300394788,eth
2021-05-07,3484.72900390625,39607240515,eth
2021-05-08,3902.647705078125,50208491286,eth
2021-05-09,3928.8447265625,50568290278,eth
2021-05-10,3952.2939453125,62691789007,eth
2021-05-11,4168.701171875,52679737865,eth
2021-05-12,3785.8486328125,69023382175,eth
2021-05-13,3715.1484375,78398214539,eth
2021-05-14,4079.057373046875,48174271215,eth
2021-05-15,3638.1220703125,42422321751,eth
2021-05-16,3587.506103515625,47359478734,eth
2021-05-17,3282.397705078125,54061732774,eth
2021-05-18,3380.070068359375,40416525218,eth
2021-05-19,2460.67919921875,84482912776,eth
2021-05-20,2784.294189453125,67610826680,eth
2021-05-21,2430.621337890625,53774070802,eth
2021-05-22,2295.70556640625,42089937660,eth
2021-05-23,2109.579833984375,56005721977,eth
2021-05-24,2643.591064453125,53697121740,eth
2021-05-25,2706.62890625,49558333256,eth
2021-05-26,2888.69873046875,42499766020,eth
2021-05-27,2736.488525390625,33373635283,eth
2021-05-28,2419.90625,39999114805,eth
2021-05-29,2279.51416015625,33773720220,eth
2021-05-30,2390.305419921875,25876619428,eth
2021-05-31,2714.9453125,31007383150,eth
2021-06-01,2633.518310546875,27363223090,eth
2021-06-02,2706.125,27723267359,eth
2021-06-03,2855.12646484375,30038207402,eth
2021-06-04,2688.195068359375,34173841611,eth
2021-06-05,2630.576904296875,30496672724,eth
2021-06-06,2715.0927734375,25311639414,eth
2021-06-07,2590.26318359375,30600111277,eth
2021-06-08,2517.438720703125,41909736778,eth
2021-06-09,2608.26708984375,36075832186,eth
2021-06-10,2471.5185546875,28753626390,eth
2021-06-11,2353.768798828125,24832564195,eth
2021-06-12,2372.484375,25724364410,eth
2021-06-13,2508.3916015625,27092945370,eth
2021-06-14,2537.89111328125,26964576331,eth
2021-06-15,2610.936767578125,29005279219,eth
2021-06-16,2367.66357421875,24101926180,eth
2021-06-17,2372.001953125,21871633186,eth
2021-06-18,2231.733154296875,22752818388,eth
2021-06-19,2178.4990234375,18765854896,eth
2021-06-20,2246.364501953125,22535930423,eth
2021-06-21,1888.447509765625,33745173825,eth
2021-06-22,1874.9500732421875,35547251725,eth
2021-06-23,1989.736328125,28408659206,eth
2021-06-24,1988.456298828125,20272845769,eth
2021-06-25,1813.21728515625,22774334998,eth
2021-06-26,1829.2392578125,20637542361,eth
2021-06-27,1978.8946533203125,19885474742,eth
2021-06-28,2079.657470703125,25514602841,eth
2021-06-29,2160.768310546875,24815124419,eth
2021-06-30,2274.547607421875,25828056268,eth
2021-07-01,2113.60546875,29061701793,eth
2021-07-02,2150.040283203125,31796212554,eth
2021-07-03,2226.1142578125,17433361641,eth
2021-07-04,2321.72412109375,18787107473,eth
2021-07-05,2198.58251953125,20103794829,eth
2021-07-06,2324.679443359375,20891861314,eth
2021-07-07,2315.161865234375,22398345285,eth
2021-07-08,2120.0263671875,23188123689,eth
2021-07-09,2146.6923828125,23029574602,eth
2021-07-10,2111.403564453125,17581542471,eth
2021-07-11,2139.664794921875,14705386138,eth
2021-07-12,2036.7210693359375,17768129077,eth
2021-07-13,1940.083984375,16621628658,eth
2021-07-14,1994.331298828125,17342819679,eth
2021-07-15,1911.1756591796875,15688092552,eth
2021-07-16,1880.3829345703125,14884569147,eth
2021-07-17,1898.8251953125,13364282076,eth
2021-07-18,1895.5521240234375,13791868728,eth
2021-07-19,1817.296630859375,14157735481,eth
2021-07-20,1787.5107421875,17368597636,eth
2021-07-21,1990.9708251953125,21253359756,eth
2021-07-22,2025.2027587890625,17495480331,eth
2021-07-23,2124.776611328125,16200392492,eth
2021-07-24,2189.21875,16057446601,eth
2021-07-25,2191.373779296875,14566483636,eth
2021-07-26,2233.36669921875,29614324233,eth
2021-07-27,2298.33349609375,23067480378,eth
2021-07-28,2296.54541015625,18991302378,eth
2021-07-29,2380.956787109375,16313373113,eth
2021-07-30,2466.96142578125,20212848934,eth
2021-07-31,2536.2099609375,18001710283,eth
2021-08-01,2561.85205078125,22697987055,eth
2021-08-02,2610.1533203125,22162754104,eth
2021-08-03,2502.349609375,22696753413,eth
2021-08-04,2724.619873046875,25038698173,eth
2021-08-05,2827.328857421875,31057928075,eth
2021-08-06,2890.941650390625,26528577879,eth
2021-08-07,3157.23876953125,33081467129,eth
2021-08-08,3013.732666015625,28433638008,eth
2021-08-09,3167.856201171875,31983260936,eth
2021-08-10,3141.691162109375,27605221710,eth
2021-08-11,3164.2451171875,26729035052,eth
2021-08-12,3043.414306640625,25403699845,eth
2021-08-13,3322.211669921875,23868866254,eth
2021-08-14,3265.443359375,19860862133,eth
2021-08-15,3310.504150390625,22166205051,eth
2021-08-16,3156.509521484375,23080039949,eth
2021-08-17,3014.845947265625,25509056745,eth
2021-08-18,3020.08984375,21539248425,eth
2021-08-19,3182.7021484375,19546290360,eth
2021-08-20,3286.935302734375,20885619828,eth
2021-08-21,3226.083984375,18113977628,eth
2021-08-22,3242.115478515625,15983278460,eth
2021-08-23,3319.25732421875,20511110509,eth
2021-08-24,3172.456298828125,20131028906,eth
2021-08-25,3224.915283203125,18902728235,eth
2021-08-26,3100.325439453125,17405668117,eth
2021-08-27,3270.600830078125,18489602004,eth
2021-08-28,3244.4033203125,13709633698,eth
2021-08-29,3227.002685546875,13296586731,eth
2021-08-30,3224.374267578125,19306924485,eth
2021-08-31,3433.732666015625,27280502987,eth
2021-09-01,3834.828125,30070890104,eth
2021-09-02,3790.989990234375,24387397330,eth
2021-09-03,3940.61474609375,26207765094,eth
2021-09-04,3887.828369140625,20806963328,eth
2021-09-05,3952.133544921875,18371468576,eth
2021-09-06,3928.37939453125,18674691198,eth
2021-09-07,3426.394287109375,39131346397,eth
2021-09-08,3497.315185546875,31738430771,eth
2021-09-09,3427.340087890625,24118055831,eth
2021-09-10,3211.505859375,22355974097,eth
2021-09-11,3270.278076171875,18627122934,eth
2021-09-12,3410.134521484375,16810411424,eth
2021-09-13,3285.51171875,22721552948,eth
2021-09-14,3429.169677734375,19125420848,eth
2021-09-15,3615.28271484375,17548551804,eth
2021-09-16,3571.294921875,20093903064,eth
2021-09-17,3398.538818359375,17722363229,eth
2021-09-18,3432.018310546875,15995220233,eth
2021-09-19,3329.447998046875,14257609743,eth
2021-09-20,2958.993408203125,27371684581,eth
2021-09-21,2764.43115234375,30405062665,eth
2021-09-22,3077.867919921875,23742102645,eth
2021-09-23,3155.523681640625,18516291047,eth
2021-09-24,2931.669189453125,25595422789,eth
2021-09-25,2925.565673828125,18932786754,eth
2021-09-26,3062.265380859375,21172766310,eth
2021-09-27,2934.138916015625,19164053681,eth
2021-09-28,2807.296630859375,16895079070,eth
2021-09-29,2853.143310546875,15763456158,eth
2021-09-30,3001.678955078125,17661065099,eth
2021-10-01,3307.51611328125,22307625573,eth
2021-10-02,3391.6943359375,19202671704,eth
2021-10-03,3418.358642578125,15516566862,eth
2021-10-04,3380.089111328125,17747154101,eth
2021-10-05,3518.5185546875,16632591670,eth
2021-10-06,3580.56201171875,21855226591,eth
2021-10-07,3587.974853515625,19090322927,eth
2021-10-08,3563.75927734375,16222029488,eth
2021-10-09,3575.716796875,12707036942,eth
2021-10-10,3425.852783203125,16171746693,eth
2021-10-11,3545.35400390625,18579189588,eth
2021-10-12,3492.5732421875,18109578443,eth
2021-10-13,3606.20166015625,16211275589,eth
2021-10-14,3786.01416015625,19443499909,eth
2021-10-15,3862.634765625,20966841512,eth
2021-10-16,3830.382080078125,16578095629,eth
2021-10-17,3847.1044921875,15908090346,eth
2021-10-18,3748.76025390625,17386204158,eth
2021-10-19,3877.65087890625,15998757133,eth
2021-10-20,4155.9921875,20338319988,eth
2021-10-21,4054.32275390625,28220661820,eth
2021-10-22,3970.181884765625,19432937968,eth
2021-10-23,4171.66357421875,14781537792,eth
2021-10-24,4087.903076171875,14978083638,eth
2021-10-25,4217.876953125,15995727040,eth
2021-10-26,4131.10205078125,17157714562,eth
2021-10-27,3930.25732421875,26219530404,eth
2021-10-28,4287.31884765625,25958154575,eth
2021-10-29,4414.74658203125,22967641914,eth
2021-10-30,4325.650390625,14615490626,eth
2021-10-31,4288.07421875,17498160238,eth
2021-11-01,4324.626953125,17985288261,eth
2021-11-02,4584.798828125,20794448222,eth
2021-11-03,4607.19384765625,21220463155,eth
2021-11-04,4537.32421875,18415244464,eth
2021-11-05,4486.2431640625,15086003586,eth
2021-11-06,4521.5810546875,14429076700,eth
2021-11-07,4620.5546875,13541376033,eth
2021-11-08,4812.08740234375,19290896267,eth
2021-11-09,4735.06884765625,20834172627,eth
2021-11-10,4636.17431640625,22748160545,eth
2021-11-11,4730.38427734375,17933201129,eth
2021-11-12,4667.115234375,18316060208,eth
2021-11-13,4651.46044921875,14457436261,eth
2021-11-14,4626.35888671875,12172962219,eth
2021-11-15,4557.50390625,16275851299,eth
2021-11-16,4216.365234375,27417502801,eth
2021-11-17,4287.59375,22183461850,eth
2021-11-18,4000.65087890625,21383250893,eth
2021-11-19,4298.306640625,20626269711,eth
2021-11-20,4409.93115234375,15448261277,eth
2021-11-21,4269.73291015625,14094831413,eth
2021-11-22,4088.457763671875,19752218877,eth
2021-11-23,4340.763671875,22133497059,eth
2021-11-24,4239.9814453125,21838037128,eth
2021-11-25,4274.7431640625,18705358318,eth
2021-11-26,4030.908935546875,26281795488,eth
2021-11-27,4096.912109375,16515693874,eth
2021-11-28,4294.45361328125,15953126340,eth
2021-11-29,4445.10498046875,19086475837,eth
2021-11-30,4631.47900390625,28626354111,eth
2021-12-01,4586.990234375,27634826695,eth
2021-12-02,4511.30224609375,21502671027,eth
2021-12-03,4220.7060546875,25879591528,eth
2021-12-04,4119.58740234375,38478999182,eth
2021-12-05,4198.32275390625,25533062707,eth
2021-12-06,4358.7373046875,28229518513,eth
2021-12-07,4315.0615234375,22366213354,eth
2021-12-08,4439.35791015625,18704315119,eth
2021-12-09,4119.81591796875,22296131874,eth
2021-12-10,3908.49609375,28014595631,eth
2021-12-11,4084.452392578125,19131502454,eth
2021-12-12,4134.453125,14057603914,eth
2021-12-13,3784.226806640625,23999841386,eth
2021-12-14,3745.4404296875,23836759957,eth
2021-12-15,4018.388671875,26411188833,eth
2021-12-16,3962.4697265625,19825531254,eth
2021-12-17,3879.486572265625,23143541098,eth
2021-12-18,3960.860107421875,19530895889,eth
2021-12-19,3922.592529296875,16167785597,eth
2021-12-20,3933.844482421875,21589690675,eth
2021-12-21,4020.260009765625,16388555198,eth
2021-12-22,3982.099609375,13921756199,eth
2021-12-23,4108.015625,18007273742,eth
2021-12-24,4047.98291015625,12769090623,eth
2021-12-25,4093.281005859375,10894785525,eth
2021-12-26,4067.328125,11197244172,eth
2021-12-27,4037.547607421875,11424360002,eth
2021-12-28,3800.89306640625,17299472803,eth
2021-12-29,3628.53173828125,15722555672,eth
2021-12-30,3713.85205078125,12925377999,eth
2021-12-31,3682.6328125,14157285268,eth
2022-01-01,3769.697021484375,9776191466,eth
2022-01-02,3829.56494140625,9881471548,eth
2022-01-03,3761.38037109375,12080777893,eth
2022-01-04,3794.056640625,14030925983,eth
2022-01-05,3550.386962890625,18061338502,eth
2022-01-06,3418.408203125,24293791313,eth
2022-01-07,3193.21044921875,24494179209,eth
2022-01-08,3091.97265625,16037732700,eth
2022-01-09,3157.75146484375,12334683863,eth
2022-01-10,3083.097900390625,19535744145,eth
2022-01-11,3238.111572265625,15211447193,eth
2022-01-12,3372.25830078125,16662871689,eth
2022-01-13,3248.28857421875,15294466275,eth
2022-01-14,3310.00146484375,13562957230,eth
2022-01-15,3330.53076171875,9619999078,eth
2022-01-16,3350.921875,9505934874,eth
2022-01-17,3212.304931640625,12344309617,eth
2022-01-18,3164.025146484375,13024154091,eth
2022-01-19,3095.825927734375,13187424144,eth
2022-01-20,3001.1201171875,10645922764,eth
2022-01-21,2557.931640625,26796291874,eth
2022-01-22,2405.18115234375,27369692036,eth
2022-01-23,2535.0390625,16481489511,eth
2022-01-24,2440.352294921875,28220804648,eth
2022-01-25,2455.93505859375,16179776932,eth
2022-01-26,2468.0302734375,21229909340,eth
2022-01-27,2423.001220703125,16126522783,eth
2022-01-28,2547.092041015625,14666227351,eth
2022-01-29,2597.084716796875,11172062661,eth
2022-01-30,2603.466552734375,9501221177,eth
2022-01-31,2688.27880859375,13778234614,eth
2022-02-01,2792.1171875,13194846235,eth
2022-02-02,2682.85400390625,13876301217,eth
2022-02-03,2679.16259765625,12755505065,eth
2022-02-04,2983.5869140625,18987223729,eth
2022-02-05,3014.648193359375,13102093957,eth
2022-02-06,3057.47607421875,9466018022,eth
2022-02-07,3142.470703125,15197063785,eth
2022-02-08,3122.608642578125,17136080906,eth
2022-02-09,3239.45703125,13951308490,eth
2022-02-10,3077.482177734375,18629485080,eth
2022-02-11,2927.383544921875,16043881065,eth
2022-02-12,2917.36279296875,11254355757,eth
2022-02-13,2883.46337890625,9054963563,eth
2022-02-14,2933.47900390625,12164552172,eth
2022-02-15,3179.877197265625,13921257873,eth
2022-02-16,3127.830078125,12352406833,eth
2022-02-17,2881.48193359375,15860206214,eth
2022-02-18,2785.7275390625,15748173433,eth
2022-02-19,2763.701171875,9774183169,eth
2022-02-20,2628.6484375,11641437834,eth
2022-02-21,2573.816162109375,18646392740,eth
2022-02-22,2639.29931640625,16360200507,eth
2022-02-23,2590.359619140625,13382637240,eth
2022-02-24,2598.067138671875,29312342666,eth
2022-02-25,2764.53564453125,17208902048,eth
2022-02-26,2781.11181640625,11724648351,eth
2022-02-27,2621.8017578125,16150857254,eth
2022-02-28,2919.201171875,19266124733,eth
2022-03-01,2972.485107421875,18757425786,eth
2022-03-02,2950.118408203125,16636517503,eth
2022-03-03,2834.468994140625,13091199728,eth
2022-03-04,2617.156005859375,14496939024,eth
2022-03-05,2664.8310546875,8072368396,eth
2022-03-06,2555.037353515625,8872976607,eth
2022-03-07,2497.771240234375,14594098731,eth
2022-03-08,2576.74755859375,13922922903,eth
2022-03-09,2729.783447265625,14173665398,eth
2022-03-10,2608.048583984375,13292477213,eth
2022-03-11,2559.56298828125,12382419582,eth
2022-03-12,2574.754150390625,6532996574,eth
2022-03-13,2518.944580078125,8632000379,eth
2022-03-14,2590.696044921875,11244398839,eth
2022-03-15,2620.149658203125,12861105614,eth
2022-03-16,2772.0556640625,17915109769,eth
2022-03-17,2814.8544921875,12685265194,eth
2022-03-18,2945.343017578125,15830879093,eth
2022-03-19,2946.257080078125,11576463120,eth
2022-03-20,2860.459228515625,12684727326,eth
2022-03-21,2897.9765625,15206116098,eth
2022-03-22,2973.131103515625,16830539230,eth
2022-03-23,3031.067138671875,16008767658,eth
2022-03-24,3108.06201171875,18070503166,eth
2022-03-25,3106.67138671875,17030503831,eth
2022-03-26,3143.178955078125,8876420740,eth
2022-03-27,3291.57763671875,13431866834,eth
2022-03-28,3336.634521484375,20620450770,eth
2022-03-29,3401.98779296875,19533323636,eth
2022-03-30,3385.157958984375,15302506131,eth
2022-03-31,3281.642822265625,17685495686,eth
2022-04-01,3449.55224609375,20982988937,eth
2022-04-02,3445.059326171875,23571556215,eth
2022-04-03,3522.83349609375,15333808649,eth
2022-04-04,3521.2412109375,18209969743,eth
2022-04-05,3411.79248046875,16681503199,eth
2022-04-06,3171.69189453125,25632563639,eth
2022-04-07,3233.274658203125,16745496605,eth
2022-04-08,3192.073974609375,17557050669,eth
2022-04-09,3261.916259765625,9908112156,eth
2022-04-10,3211.866943359375,10427054790,eth
2022-04-11,2981.05224609375,21891804831,eth
2022-04-12,3030.37646484375,20235707410,eth
2022-04-13,3118.34423828125,16088473629,eth
2022-04-14,3019.909423828125,15821419931,eth
2022-04-15,3040.91650390625,11256651536,eth
2022-04-16,3062.310302734375,8766710365,eth
2022-04-17,2993.4033203125,10463091281,eth
2022-04-18,3057.606689453125,18629381299,eth
2022-04-19,3104.1064453125,14156035096,eth
2022-04-20,3077.745849609375,15547362265,eth
2022-04-21,2987.480712890625,20783591093,eth
2022-04-22,2964.835693359375,16782795477,eth
2022-04-23,2938.114013671875,9116955609,eth
2022-04-24,2922.732666015625,9696829579,eth
2022-04-25,3009.3935546875,22332690614,eth
2022-04-26,2808.29833984375,19052045399,eth
2022-04-27,2888.9296875,17419284041,eth
2022-04-28,2936.94091796875,18443524633,eth
2022-04-29,2815.601806640625,18771041399,eth
2022-04-30,2730.186767578125,13520941867,eth
2022-05-01,2827.756103515625,15332730152,eth
2022-05-02,2857.410400390625,18609741545,eth
2022-05-03,2783.476318359375,13026093219,eth
2022-05-04,2940.644775390625,18186749944,eth
2022-05-05,2749.213134765625,22642925048,eth
2022-05-06,2694.979736328125,21027599270,eth
2022-05-07,2636.093017578125,13369276367,eth
2022-05-08,2517.4599609375,20802269935,eth
2022-05-09,2245.430419921875,36333567678,eth
2022-05-10,2343.510986328125,38202099639,eth
2022-05-11,2072.108642578125,45743399154,eth
2022-05-12,1961.7015380859375,42463486402,eth
2022-05-13,2014.418212890625,24816096567,eth
2022-05-14,2056.27392578125,15457044616,eth
2022-05-15,2145.706787109375,14846088335,eth
2022-05-16,2022.7259521484375,21459552191,eth
2022-05-17,2090.4091796875,18509929297,eth
2022-05-18,1916.6561279296875,17740965589,eth
2022-05-19,2018.336181640625,18734247914,eth
2022-05-20,1961.315673828125,15892482289,eth
2022-05-21,1974.518310546875,8546822406,eth
2022-05-22,2043.170166015625,10941123403,eth
2022-05-23,1972.181884765625,16434529708,eth
2022-05-24,1978.9827880859375,13057109007,eth
2022-05-25,1944.827880859375,13364545730,eth
2022-05-26,1803.913330078125,23458681818,eth
2022-05-27,1724.9228515625,25470760032,eth
2022-05-28,1757.9417724609375,23214777872,eth
2022-05-29,1812.031005859375,10642556101,eth
2022-05-30,1996.4412841796875,19580808705,eth
2022-05-31,1942.3280029296875,18363115560,eth
2022-06-01,1823.5693359375,21037797760,eth
2022-06-02,1834.1505126953125,17065041354,eth
2022-06-03,1775.07861328125,14878001811,eth
2022-06-04,1801.6094970703125,8677951273,eth
2022-06-05,1805.2049560546875,8850385937,eth
2022-06-06,1859.2896728515625,16518471852,eth
2022-06-07,1814.04833984375,24020076750,eth
2022-06-08,1793.572265625,18041476023,eth
2022-06-09,1789.8260498046875,12013083393,eth
2022-06-10,1665.042236328125,18504740451,eth
2022-06-11,1529.6634521484375,21127089064,eth
2022-06-12,1445.216552734375,23465074882,eth
2022-06-13,1204.582763671875,45162788786,eth
2022-06-14,1211.662841796875,33327826525,eth
2022-06-15,1233.2064208984375,37539999450,eth
2022-06-16,1067.730712890625,18907671369,eth
2022-06-17,1086.519287109375,14591486540,eth
2022-06-18,993.6367797851562,21655406608,eth
2022-06-19,1127.656494140625,21795481981,eth
2022-06-20,1127.6424560546875,19739691429,eth
2022-06-21,1124.8245849609375,15632089439,eth
2022-06-22,1051.421875,15010593493,eth
2022-06-23,1143.38671875,14657862919,eth
2022-06-24,1226.8447265625,16981552654,eth
2022-06-25,1243.4468994140625,12481946184,eth
2022-06-26,1199.8316650390625,12096607824,eth
2022-06-27,1193.6806640625,12492225250,eth
2022-06-28,1144.5792236328125,14023205651,eth
2022-06-29,1098.94384765625,15386286815,eth
2022-06-30,1067.298828125,16350755497,eth
2022-07-01,1059.767333984375,17499453625,eth
2022-07-02,1066.5128173828125,9935603640,eth
2022-07-03,1073.7669677734375,8557248150,eth
2022-07-04,1151.05908203125,13670889311,eth
2022-07-05,1134.541015625,16195518291,eth
2022-07-06,1186.9739990234375,15373536703,eth
2022-07-07,1237.5933837890625,14230795894,eth
2022-07-08,1222.5062255859375,16315929082,eth
2022-07-09,1216.978271484375,8821353104,eth
2022-07-10,1168.401611328125,10984558039,eth
2022-07-11,1097.236572265625,12064180410,eth
2022-07-12,1038.191650390625,12583282453,eth
2022-07-13,1113.587158203125,18302588147,eth
2022-07-14,1191.5262451171875,16688640823,eth
2022-07-15,1233.129150390625,17411448225,eth
2022-07-16,1352.62646484375,18364013796,eth
2022-07-17,1338.6357421875,16079711737,eth
2022-07-18,1578.7178955078125,27440420623,eth
2022-07-19,1542.9752197265625,27753529276,eth
2022-07-20,1520.20068359375,22942708340,eth
2022-07-21,1576.74951171875,20009556587,eth
2022-07-22,1537.4051513671875,18926100582,eth
2022-07-23,1549.2974853515625,14998811383,eth
2022-07-24,1599.4766845703125,17217849557,eth
2022-07-25,1445.3834228515625,20585056021,eth
2022-07-26,1441.8067626953125,18238563509,eth
2022-07-27,1636.232666015625,23007524016,eth
2022-07-28,1725.4681396484375,27231399966,eth
2022-07-29,1727.406982421875,23249531113,eth
2022-07-30,1695.969482421875,15576977870,eth
2022-07-31,1681.517333984375,14200735370,eth
2022-08-01,1635.19580078125,16191371176,eth
2022-08-02,1632.9454345703125,20426082309,eth
2022-08-03,1618.87451171875,16786218830,eth
2022-08-04,1608.205810546875,14467440626,eth
2022-08-05,1732.254638671875,18546491876,eth
2022-08-06,1691.6580810546875,11757911705,eth
2022-08-07,1699.350830078125,10252090340,eth
2022-08-08,1775.51611328125,16841424404,eth
2022-08-09,1703.0250244140625,16368619692,eth
2022-08-10,1851.74267578125,23512477984,eth
2022-08-11,1881.22412109375,23826986482,eth
2022-08-12,1957.2464599609375,17168141904,eth
2022-08-13,1981.3365478515625,16038975216,eth
2022-08-14,1936.802001953125,14062754456,eth
2022-08-15,1904.2281494140625,20349931313,eth
2022-08-16,1878.139404296875,15637578930,eth
2022-08-17,1832.9996337890625,20308508124,eth
2022-08-18,1847.0078125,14999352229,eth
2022-08-19,1612.9873046875,25906358731,eth
2022-08-20,1577.0037841796875,18334580263,eth
2022-08-21,1619.3189697265625,15849221752,eth
2022-08-22,1622.505859375,18557078599,eth
2022-08-23,1662.7698974609375,18322041914,eth
2022-08-24,1657.0592041015625,16780932907,eth
2022-08-25,1696.45703125,14818795695,eth
2022-08-26,1507.7828369140625,26713710143,eth
2022-08-27,1491.39501953125,18120831899,eth
2022-08-28,1430.54736328125,12823572918,eth
2022-08-29,1553.037353515625,17965837488,eth
2022-08-30,1523.8388671875,21835784470,eth
2022-08-31,1553.6849365234375,20591680941,eth
2022-09-01,1586.1767578125,16434276817,eth
2022-09-02,1577.220458984375,17708478709,eth
2022-09-03,1556.8726806640625,9516825994,eth
2022-09-04,1577.6416015625,8884144998,eth
2022-09-05,1617.1832275390625,13060541168,eth
2022-09-06,1561.74853515625,22946059125,eth
2022-09-07,1629.9063720703125,19560363854,eth
2022-09-08,1635.34765625,17621046717,eth
2022-09-09,1719.08544921875,20242323690,eth
2022-09-10,1776.2037353515625,13130928217,eth
2022-09-11,1761.800048828125,12464301922,eth
2022-09-12,1713.7652587890625,17688391310,eth
2022-09-13,1580.7879638671875,23066821734,eth
2022-09-14,1634.7550048828125,17897150206,eth
2022-09-15,1471.6934814453125,26946275878,eth
2022-09-16,1432.44775390625,16764804299,eth
2022-09-17,1469.74169921875,10798098671,eth
2022-09-18,1335.3291015625,15762284723,eth
2022-09-19,1377.5413818359375,18712714223,eth
2022-09-20,1324.38818359375,14722317220,eth
2022-09-21,1252.6077880859375,20643507800,eth
2022-09-22,1327.68017578125,18461527259,eth
2022-09-23,1328.259521484375,18771106339,eth
2022-09-24,1317.9932861328125,12098209717,eth
2022-09-25,1294.216796875,11802651633,eth
2022-09-26,1335.3201904296875,16034549271,eth
2022-09-27,1330.127685546875,17870598937,eth
2022-09-28,1337.410888671875,18994979566,eth
2022-09-29,1335.65234375,13796915736,eth
2022-09-30,1327.9786376953125,14250100093,eth
2022-10-01,1311.6444091796875,6227961237,eth
2022-10-02,1276.093505859375,7578351650,eth
2022-10-03,1323.439208984375,10153070907,eth
2022-10-04,1362.1265869140625,10139774963,eth
2022-10-05,1352.837158203125,9774451820,eth
2022-10-06,1351.70947265625,12033514861,eth
2022-10-07,1332.5169677734375,10061619355,eth
2022-10-08,1315.50048828125,5804676208,eth
2022-10-09,1322.604248046875,5486230123,eth
2022-10-10,1291.337646484375,8794491050,eth
2022-10-11,1279.57568359375,9274845260,eth
2022-10-12,1294.9063720703125,8355638578,eth
2022-10-13,1288.1239013671875,17499038202,eth
2022-10-14,1297.422119140625,13113767755,eth
2022-10-15,1274.8717041015625,6798512624,eth
2022-10-16,1306.296630859375,7491625206,eth
2022-10-17,1331.713623046875,9401189650,eth
2022-10-18,1310.447021484375,10416747806,eth
2022-10-19,1285.7442626953125,8350692785,eth
2022-10-20,1283.200927734375,9009111996,eth
2022-10-21,1299.9464111328125,10412565245,eth
2022-10-22,1314.2991943359375,7175324564,eth
2022-10-23,1363.447021484375,9909510925,eth
2022-10-24,1344.99853515625,13092820173,eth
2022-10-25,1461.6654052734375,25367291294,eth
2022-10-26,1566.566650390625,32705548427,eth
2022-10-27,1514.3748779296875,22813499245,eth
2022-10-28,1555.4779052734375,19974623205,eth
2022-10-29,1619.698486328125,21618154775,eth
2022-10-30,1590.7833251953125,13930073427,eth
2022-10-31,1572.7144775390625,19306919714,eth
2022-11-01,1579.70458984375,14507311208,eth
2022-11-02,1519.7117919921875,23254218281,eth
2022-11-03,1531.541748046875,14248351007,eth
2022-11-04,1645.0933837890625,20806964347,eth
2022-11-05,1627.968017578125,11006973190,eth
2022-11-06,1572.2347412109375,11632744705,eth
2022-11-07,1568.59130859375,15279963349,eth
2022-11-08,1332.8355712890625,42048003440,eth
2022-11-09,1100.1697998046875,38864492427,eth
2022-11-10,1299.464599609375,28581002122,eth
2022-11-11,1287.2210693359375,20920539099,eth
2022-11-12,1255.268310546875,10964962767,eth
2022-11-13,1221.8192138671875,10717455214,eth
2022-11-14,1241.604248046875,15028035663,eth
2022-11-15,1251.7362060546875,11798011594,eth
2022-11-16,1215.6025390625,11939561598,eth
2022-11-17,1200.80859375,9723646871,eth
2022-11-18,1212.30029296875,7979913378,eth
2022-11-19,1218.4267578125,5978745776,eth
2022-11-20,1142.4666748046875,9651002684,eth
2022-11-21,1108.35302734375,14080099208,eth
2022-11-22,1135.1734619140625,12040670755,eth
2022-11-23,1183.1995849609375,11242676044,eth
2022-11-24,1203.983154296875,9706372376,eth
2022-11-25,1198.9259033203125,5483308196,eth
2022-11-26,1205.89794921875,5074160558,eth
2022-11-27,1195.126953125,4486976868,eth
2022-11-28,1170.086181640625,7275411870,eth
2022-11-29,1216.9012451171875,7639405818,eth
2022-11-30,1295.6885986328125,9836925304,eth
2022-12-01,1276.27392578125,6857935276,eth
2022-12-02,1294.3033447265625,6213645709,eth
2022-12-03,1243.3348388671875,5672609405,eth
2022-12-04,1280.256591796875,5174128454,eth
2022-12-05,1259.6767578125,6120359523,eth
2022-12-06,1271.65380859375,5089212680,eth
2022-12-07,1232.4375,5752205180,eth
2022-12-08,1281.1163330078125,6227269815,eth
2022-12-09,1264.2847900390625,5706183865,eth
2022-12-10,1266.3841552734375,3282499999,eth
2022-12-11,1263.8685302734375,3362005848,eth
2022-12-12,1274.6190185546875,5151109364,eth
2022-12-13,1320.5491943359375,8812883119,eth
2022-12-14,1309.3287353515625,7830915428,eth
2022-12-15,1266.3538818359375,6032859783,eth
2022-12-16,1168.2593994140625,9297811507,eth
2022-12-17,1188.1495361328125,5077258586,eth
2022-12-18,1184.7152099609375,3350092519,eth
2022-12-19,1167.60986328125,4943628091,eth
2022-12-20,1217.70361328125,6684951715,eth
2022-12-21,1213.5999755859375,4217182733,eth
2022-12-22,1218.18212890625,5297471739,eth
2022-12-23,1220.159423828125,4835831923,eth
2022-12-24,1221.1485595703125,2626153345,eth
2022-12-25,1218.9620361328125,3942720070,eth
2022-12-26,1226.974365234375,3282098400,eth
2022-12-27,1212.7916259765625,4091530737,eth
2022-12-28,1189.986083984375,4991669631,eth
2022-12-29,1201.5953369140625,4132233940,eth
2022-12-30,1199.2327880859375,4055668253,eth
2022-12-31,1196.771240234375,3018513333,eth
2023-01-01,1200.96484375,2399674550,eth
2023-01-02,1214.6566162109375,3765758498,eth
2023-01-03,1214.77880859375,3392972131,eth
2023-01-04,1256.526611328125,6404416893,eth
2023-01-05,1250.4385986328125,4001786456,eth
2023-01-06,1269.3790283203125,4977252792,eth
2023-01-07,1264.2703857421875,2565213548,eth
2023-01-08,1287.3594970703125,3495088905,eth
2023-01-09,1321.5389404296875,7990438824,eth
2023-01-10,1336.5860595703125,5830173253,eth
2023-01-11,1387.9327392578125,6314904311,eth
2023-01-12,1417.9384765625,12230193038,eth
2023-01-13,1451.6148681640625,7684148212,eth
2023-01-14,1550.7069091796875,15444626014,eth
2023-01-15,1552.4794921875,6774614499,eth
2023-01-16,1576.83349609375,8454485431,eth
2023-01-17,1567.8460693359375,7599462786,eth
2023-01-18,1515.5069580078125,10354880595,eth
2023-01-19,1552.5565185546875,6432638856,eth
2023-01-20,1659.754150390625,8528894754,eth
2023-01-21,1627.1181640625,8859250310,eth
2023-01-22,1628.382080078125,7517988734,eth
2023-01-23,1628.2510986328125,8264507375,eth
2023-01-24,1556.604248046875,8180274691,eth
2023-01-25,1611.7110595703125,10598973448,eth
2023-01-26,1603.10595703125,8395315241,eth
2023-01-27,1598.156494140625,8124465373,eth
2023-01-28,1572.43505859375,5803653357,eth
2023-01-29,1646.1556396484375,8801292300,eth
2023-01-30,1567.3265380859375,9180418120,eth
2023-01-31,1586.535400390625,6585191019,eth
2023-02-01,1641.792724609375,8116969489,eth
2023-02-02,1643.2415771484375,10558081069,eth
2023-02-03,1664.74560546875,8169519805,eth
2023-02-04,1667.0592041015625,5843302512,eth
2023-02-05,1631.6458740234375,6926696531,eth
2023-02-06,1616.2470703125,6919871886,eth
2023-02-07,1672.0035400390625,8030277434,eth
2023-02-08,1650.716796875,7806089579,eth
2023-02-09,1546.438232421875,10524969124,eth
2023-02-10,1514.869140625,8397387897,eth
2023-02-11,1539.9267578125,5064007416,eth
2023-02-12,1515.03369140625,5319698775,eth
2023-02-13,1507.1658935546875,9363855114,eth
2023-02-14,1556.8751220703125,9249575045,eth
2023-02-15,1673.7459716796875,10015035156,eth
2023-02-16,1640.067626953125,12704861676,eth
2023-02-17,1694.7833251953125,9802443159,eth
2023-02-18,1691.8194580078125,5491437195,eth
2023-02-19,1681.4361572265625,6959144003,eth
2023-02-20,1702.6751708984375,7703604237,eth
2023-02-21,1658.036376953125,8721608198,eth
2023-02-22,1643.231689453125,9189387004,eth
2023-02-23,1651.0738525390625,9013236167,eth
2023-02-24,1608.3731689453125,8909129423,eth
2023-02-25,1594.9149169921875,5657686235,eth
2023-02-26,1640.817138671875,5727967432,eth
2023-02-27,1634.326416015625,7239824677,eth
2023-02-28,1605.8951416015625,6323676957,eth
2023-03-01,1663.4337158203125,7701847224,eth
2023-03-02,1647.3193359375,7080950926,eth
2023-03-03,1569.1676025390625,9922240199,eth
2023-03-04,1566.9239501953125,4389045367,eth
2023-03-05,1564.46875,5020886238,eth
2023-03-06,1567.398681640625,5245153345,eth
2023-03-07,1561.93310546875,6854058349,eth
2023-03-08,1534.0882568359375,7130327525,eth
2023-03-09,1438.6607666015625,9457897583,eth
2023-03-10,1429.1580810546875,12665194936,eth
2023-03-11,1482.61669921875,14917080154,eth
2023-03-12,1590.29296875,11480965122,eth
2023-03-13,1680.3089599609375,15711468959,eth
2023-03-14,1703.507080078125,16159781303,eth
2023-03-15,1656.1805419921875,12715339905,eth
2023-03-16,1677.2154541015625,9364980166,eth
2023-03-17,1792.485107421875,12467445117,eth
2023-03-18,1761.65966796875,10317822213,eth
2023-03-19,1785.5765380859375,9170565472,eth
2023-03-20,1735.3212890625,10978325507,eth
2023-03-21,1806.7607421875,10758627746,eth
2023-03-22,1737.717041015625,12484103560,eth
2023-03-23,1816.4051513671875,11012966854,eth
2023-03-24,1752.0447998046875,10913669383,eth
2023-03-25,1743.7647705078125,6614309912,eth
2023-03-26,1775.6767578125,6990313307,eth
2023-03-27,1715.4608154296875,8585750760,eth
2023-03-28,1772.78564453125,8346890042,eth
2023-03-29,1793.0018310546875,9136176952,eth
2023-03-30,1792.7371826171875,9724496987,eth
2023-03-31,1822.0220947265625,9149379763,eth
2023-04-01,1813.860595703125,5556443606,eth
2023-04-02,1795.7081298828125,6199721188,eth
2023-04-03,1810.297119140625,9643826401,eth
2023-04-04,1871.005126953125,10398322335,eth
2023-04-05,1909.114013671875,10319231689,eth
2023-04-06,1872.922607421875,8263191830,eth
2023-04-07,1865.6361083984375,8356130492,eth
2023-04-08,1849.4981689453125,5016362733,eth
2023-04-09,1859.3878173828125,6361497715,eth
2023-04-10,1911.20751953125,8380134275,eth
2023-04-11,1892.189697265625,8877222956,eth
2023-04-12,1920.68212890625,11010714187,eth
2023-04-13,2012.6346435546875,12546950499,eth
2023-04-14,2101.635498046875,16298099411,eth
2023-04-15,2092.466796875,8036468153,eth
2023-04-16,2120.005859375,7898126856,eth
2023-04-17,2076.242919921875,9648882546,eth
2023-04-18,2104.537353515625,9134015143,eth
2023-04-19,1936.4034423828125,13779745451,eth
2023-04-20,1943.09765625,11324135406,eth
2023-04-21,1849.9998779296875,12044274581,eth
2023-04-22,1874.2286376953125,6970642726,eth
2023-04-23,1862.06201171875,6607451862,eth
2023-04-24,1842.7574462890625,8438191338,eth
2023-04-25,1866.753662109375,8677255481,eth
2023-04-26,1866.564208984375,14356524696,eth
2023-04-27,1908.786376953125,14008145806,eth
2023-04-28,1892.5128173828125,7691759733,eth
2023-04-29,1908.9169921875,4796651246,eth
2023-04-30,1876.92431640625,6539641957,eth
2023-05-01,1831.954833984375,8625783201,eth
2023-05-02,1870.789306640625,7536785767,eth
2023-05-03,1904.65185546875,8306390869,eth
2023-05-04,1877.7041015625,6578438233,eth
2023-05-05,1995.0609130859375,9498261360,eth
2023-05-06,1900.2218017578125,9623243037,eth
2023-05-07,1873.076416015625,6883942236,eth
2023-05-08,1849.042724609375,9895102899,eth
2023-05-09,1848.6031494140625,6129516088,eth
2023-05-10,1842.4014892578125,9945549603,eth
2023-05-11,1796.4906005859375,8353828312,eth
2023-05-12,1808.019775390625,9047198660,eth
2023-05-13,1796.1148681640625,4647630864,eth
2023-05-14,1800.5009765625,4711210241,eth
2023-05-15,1817.5499267578125,6748889346,eth
2023-05-16,1824.1214599609375,5595959668,eth
2023-05-17,1821.859619140625,6352161579,eth
2023-05-18,1801.728515625,5673124255,eth
2023-05-19,1812.5894775390625,4796110259,eth
2023-05-20,1820.47802734375,2951655969,eth
2023-05-21,1804.5313720703125,3386768865,eth
2023-05-22,1817.5347900390625,4534841049,eth
2023-05-23,1854.380615234375,6820047160,eth
2023-05-24,1800.0999755859375,7101647419,eth
2023-05-25,1805.9537353515625,6321689859,eth
2023-05-26,1828.689697265625,5451414258,eth
2023-05-27,1831.1182861328125,3216737652,eth
2023-05-28,1910.9141845703125,6359610561,eth
2023-05-29,1893.078125,5884674572,eth
2023-05-30,1901.026611328125,5363439784,eth
2023-05-31,1874.1304931640625,5984512548,eth
2023-06-01,1862.201416015625,5640027197,eth
2023-06-02,1907.256591796875,6097746022,eth
2023-06-03,1892.4124755859375,3472274607,eth
2023-06-04,1890.5135498046875,3747042696,eth
2023-06-05,1811.828369140625,9246593033,eth
2023-06-06,1884.494873046875,8704411776,eth
2023-06-07,1832.39599609375,7919894455,eth
2023-06-08,1846.3018798828125,4536041931,eth
2023-06-09,1840.2252197265625,4610831509,eth
2023-06-10,1752.384765625,10788500406,eth
2023-06-11,1753.415283203125,4559112981,eth
2023-06-12,1742.5286865234375,6031384958,eth
2023-06-13,1739.03759765625,6214125203,eth
2023-06-14,1650.519287109375,7462905534,eth
2023-06-15,1665.519775390625,7328564880,eth
2023-06-16,1716.6688232421875,6281023479,eth
2023-06-17,1727.2041015625,4875187477,eth
2023-06-18,1720.5775146484375,3820038842,eth
2023-06-19,1737.659423828125,5210480121,eth
2023-06-20,1792.1199951171875,7171072578,eth
2023-06-21,1891.0072021484375,11731457711,eth
2023-06-22,1872.9429931640625,8477657143,eth
2023-06-23,1892.862060546875,8290615074,eth
2023-06-24,1876.0596923828125,5026191704,eth
2023-06-25,1900.506103515625,6937581709,eth
2023-06-26,1859.432861328125,8619702292,eth
2023-06-27,1889.703369140625,7686042202,eth
2023-06-28,1827.97119140625,7135265016,eth
2023-06-29,1852.227294921875,5677228612,eth
2023-06-30,1933.18896484375,12895131248,eth
2023-07-01,1924.56591796875,5136809625,eth
2023-07-02,1937.4383544921875,6343966490,eth
2023-07-03,1955.38916015625,7858509087,eth
2023-07-04,1936.633544921875,5683423776,eth
2023-07-05,1910.5880126953125,6034088075,eth
2023-07-06,1848.636474609375,8905008384,eth
2023-07-07,1870.6025390625,6468885150,eth
2023-07-08,1865.53955078125,4299007854,eth
2023-07-09,1863.009765625,4392863807,eth
2023-07-10,1880.556396484375,6336468234,eth
2023-07-11,1878.3360595703125,4905225892,eth
2023-07-12,1872.11376953125,6379007000,eth
2023-07-13,2006.511474609375,11114853969,eth
2023-07-14,1939.3470458984375,10627449471,eth
2023-07-15,1931.466552734375,4380084234,eth
2023-07-16,1923.681884765625,4329306566,eth
2023-07-17,1911.6461181640625,6678090758,eth
2023-07-18,1897.5992431640625,5814708445,eth
2023-07-19,1889.0079345703125,6018487800,eth
2023-07-20,1890.9691162109375,7366830684,eth
2023-07-21,1892.080078125,4668158260,eth
2023-07-22,1864.912353515625,4101305643,eth
2023-07-23,1889.191650390625,4480604100,eth
2023-07-24,1850.0020751953125,6344373569,eth
2023-07-25,1857.741943359375,4163381707,eth
2023-07-26,1872.159912109375,5781548155,eth
2023-07-27,1860.357177734375,4291339248,eth
2023-07-28,1874.744873046875,3800973336,eth
2023-07-29,1881.06884765625,2497302218,eth
2023-07-30,1861.643798828125,4003005547,eth
2023-07-31,1856.162353515625,4391613314,eth
2023-08-01,1871.7921142578125,7634860636,eth
2023-08-02,1839.0897216796875,6448512422,eth
2023-08-03,1835.136474609375,4710581074,eth
2023-08-04,1827.712890625,4861242484,eth
2023-08-05,1834.9879150390625,2866049749,eth
2023-08-06,1827.4620361328125,2963395076,eth
2023-08-07,1826.9388427734375,5837881974,eth
2023-08-08,1855.807373046875,5812855406,eth
2023-08-09,1854.297607421875,5870081833,eth
2023-08-10,1850.75341796875,3760304518,eth
2023-08-11,1847.1243896484375,3353025102,eth
2023-08-12,1848.889892578125,2291124840,eth
2023-08-13,1839.2801513671875,3054625661,eth
2023-08-14,1844.185791015625,4083364724,eth
2023-08-15,1826.9327392578125,4483923893,eth
2023-08-16,1805.6590576171875,4976573383,eth
2023-08-17,1684.9334716796875,14208462072,eth
2023-08-18,1660.945068359375,9645084584,eth
2023-08-19,1669.471923828125,4871231360,eth
2023-08-20,1684.85205078125,4105056995,eth
2023-08-21,1667.26904296875,5077248383,eth
2023-08-22,1633.892578125,7244623133,eth
2023-08-23,1679.2744140625,7191868448,eth
2023-08-24,1659.944580078125,5104531920,eth
2023-08-25,1652.93505859375,5396997823,eth
2023-08-26,1646.3067626953125,2423247747,eth
2023-08-27,1657.5130615234375,2624065031,eth
2023-08-28,1652.4573974609375,4855588534,eth
2023-08-29,1729.7257080078125,11304916729,eth
2023-08-30,1705.1121826171875,5023904190,eth
2023-08-31,1645.63916015625,6593153505,eth
2023-09-01,1628.4912109375,6104510092,eth
2023-09-02,1637.025390625,2943590996,eth
2023-09-03,1636.11767578125,3151878318,eth
2023-09-04,1629.6552734375,3887968912,eth
2023-09-05,1633.62939453125,4417491902,eth
2023-09-06,1632.2523193359375,4987397046,eth
2023-09-07,1647.5982666015625,4907290296,eth
2023-09-08,1636.1378173828125,4598495496,eth
2023-09-09,1635.162353515625,2081625742,eth
2023-09-10,1616.828857421875,4339499949,eth
2023-09-11,1551.6376953125,7693700923,eth
2023-09-12,1592.429443359375,6813819740,eth
2023-09-13,1607.988525390625,4979469106,eth
2023-09-14,1626.974365234375,5538958553,eth
2023-09-15,1641.640380859375,4348584771,eth
2023-09-16,1635.2216796875,2819575929,eth
2023-09-17,1622.896728515625,3032716258,eth
2023-09-18,1637.3470458984375,5916674789,eth
2023-09-19,1643.544677734375,4405868861,eth
2023-09-20,1622.890625,5156431986,eth
2023-09-21,1584.3070068359375,5191732312,eth
2023-09-22,1593.268310546875,3460791634,eth
2023-09-23,1593.8577880859375,2101436678,eth
2023-09-24,1580.8533935546875,3086456944,eth
2023-09-25,1588.3228759765625,4394930984,eth
2023-09-26,1593.417236328125,3544861160,eth
2023-09-27,1597.4912109375,5533036096,eth
2023-09-28,1652.8826904296875,6658092168,eth
2023-09-29,1667.94384765625,5529687537,eth
2023-09-30,1671.161865234375,3155292192,eth
2023-10-01,1733.8104248046875,5054880180,eth
2023-10-02,1663.6275634765625,8420552922,eth
2023-10-03,1656.6856689453125,4742827302,eth
2023-10-04,1647.838134765625,5127524863,eth
2023-10-05,1611.4764404296875,5403759057,eth
2023-10-06,1645.83154296875,4941208729,eth
2023-10-07,1634.51123046875,2578994988,eth
2023-10-08,1633.548583984375,3315554175,eth
2023-10-09,1579.806640625,7020801716,eth
2023-10-10,1567.7130126953125,5254966125,eth
2023-10-11,1566.2547607421875,5416504273,eth
2023-10-12,1539.6124267578125,5003930677,eth
2023-10-13,1552.0894775390625,4575141511,eth
2023-10-14,1555.2568359375,2429214718,eth
2023-10-15,1558.06982421875,2923337883,eth
2023-10-16,1600.5343017578125,8846928526,eth
2023-10-17,1565.4395751953125,5032686973,eth
2023-10-18,1563.7498779296875,4354138855,eth
2023-10-19,1567.45703125,5035110867,eth
2023-10-20,1604.6668701171875,6747486127,eth
2023-10-21,1629.304443359375,4212179634,eth
2023-10-22,1663.429931640625,5248406817,eth
2023-10-23,1765.3826904296875,14362295879,eth
2023-10-24,1784.4375,15888690475,eth
2023-10-25,1787.3975830078125,9439066475,eth
2023-10-26,1804.039306640625,11196672635,eth
2023-10-27,1780.0452880859375,7493399771,eth
2023-10-28,1776.6181640625,4226112731,eth
2023-10-29,1795.5460205078125,4358528382,eth
2023-10-30,1810.088623046875,7534051038,eth
2023-10-31,1816.458984375,6477922747,eth
2023-11-01,1847.0897216796875,10628825648,eth
2023-11-02,1800.6209716796875,9004197724,eth
2023-11-03,1832.795166015625,7622864055,eth
2023-11-04,1857.6986083984375,4845080427,eth
2023-11-05,1894.15771484375,8867152645,eth
2023-11-06,1899.83740234375,8104122602,eth
2023-11-07,1888.124267578125,9203228152,eth
2023-11-08,1889.3223876953125,6751627017,eth
2023-11-09,2120.56103515625,24709695029,eth
2023-11-10,2078.289794921875,14740624457,eth
2023-11-11,2052.7138671875,10228351203,eth
2023-11-12,2045.18701171875,7951011698,eth
2023-11-13,2055.265380859375,14322027970,eth
2023-11-14,1979.0526123046875,13087862495,eth
2023-11-15,2060.408447265625,12626326991,eth
2023-11-16,1960.881591796875,14651619483,eth
2023-11-17,1961.28076171875,11881648738,eth
2023-11-18,1963.2850341796875,8064677046,eth
2023-11-19,2013.2044677734375,7716048818,eth
2023-11-20,2022.2391357421875,12866464824,eth
2023-11-21,1937.0667724609375,13653500841,eth
2023-11-22,2064.42529296875,13372200584,eth
2023-11-23,2062.210693359375,7828437946,eth
2023-11-24,2081.152099609375,12141148820,eth
2023-11-25,2084.4130859375,5362623390,eth
2023-11-26,2063.2861328125,8054814154,eth
2023-11-27,2027.4173583984375,10574810069,eth
2023-11-28,2049.338134765625,9910633038,eth
2023-11-29,2029.92919921875,8945151861,eth
2023-11-30,2052.55615234375,8107789163,eth
2023-12-01,2087.139892578125,10866891430,eth
2023-12-02,2165.7041015625,9130124831,eth
2023-12-03,2193.691650390625,8278465782,eth
2023-12-04,2243.2158203125,16149367134,eth
2023-12-05,2293.841796875,15383072559,eth
2023-12-06,2231.661376953125,12790612571,eth
2023-12-07,2357.57958984375,14766891042,eth
2023-12-08,2358.73193359375,12543458699,eth
2023-12-09,2341.17529296875,10613312823,eth
2023-12-10,2352.462646484375,7369608905,eth
2023-12-11,2224.578857421875,17989249470,eth
2023-12-12,2202.0380859375,11391132228,eth
2023-12-13,2260.648681640625,12576395493,eth
2023-12-14,2316.5791015625,12608711052,eth
2023-12-15,2219.33740234375,10259157898,eth
2023-12-16,2226.926513671875,6866555430,eth
2023-12-17,2196.481201171875,7410453853,eth
2023-12-18,2217.2734375,10366536490,eth
2023-12-19,2177.87255859375,10619179629,eth
2023-12-20,2201.911376953125,12652290807,eth
2023-12-21,2239.54248046875,12616530536,eth
2023-12-22,2326.52490234375,16137246310,eth
2023-12-23,2309.04638671875,7995772945,eth
2023-12-24,2265.692138671875,9450799236,eth
2023-12-25,2272.561767578125,8036302656,eth
2023-12-26,2231.46533203125,10668581464,eth
2023-12-27,2378.739990234375,14161342927,eth
2023-12-28,2347.566162109375,15660799060,eth
2023-12-29,2300.690673828125,12536968996,eth
2023-12-30,2292.0654296875,6888195427,eth
2023-12-31,2281.47119140625,6871481744,eth
2024-01-01,2352.327880859375,6906765990,eth
2024-01-02,2355.83642578125,12910543630,eth
2024-01-03,2210.761962890625,19332933581,eth
2024-01-04,2269.0380859375,11044564896,eth
2024-01-05,2268.647216796875,10860953290,eth
2024-01-06,2241.624755859375,5970741680,eth
2024-01-07,2222.865966796875,6490053615,eth
2024-01-08,2333.03271484375,13830287095,eth
2024-01-09,2344.8271484375,14891130716,eth
2024-01-10,2582.103515625,29042100476,eth
2024-01-11,2619.619140625,22575246883,eth
2024-01-12,2524.460205078125,23623839263,eth
2024-01-13,2576.597900390625,12250316867,eth
2024-01-14,2472.2412109375,9405587417,eth
2024-01-15,2511.36376953125,9700630000,eth
2024-01-16,2587.691162109375,11063317095,eth
2024-01-17,2528.369384765625,10441017520,eth
2024-01-18,2467.018798828125,11900028080,eth
2024-01-19,2489.49853515625,11405278376,eth
2024-01-20,2469.589111328125,5297826161,eth
2024-01-21,2453.9130859375,4578471955,eth
2024-01-22,2310.826416015625,13923771728,eth
2024-01-23,2240.68603515625,16182147521,eth
2024-01-24,2233.561767578125,10134722960,eth
2024-01-25,2217.710205078125,9302247037,eth
2024-01-26,2267.19970703125,9975117607,eth
2024-01-27,2267.885986328125,5144367230,eth
2024-01-28,2257.208740234375,7296214994,eth
2024-01-29,2317.064208984375,8948195551,eth
2024-01-30,2344.49365234375,10173440062,eth
2024-01-31,2282.54443359375,10807883277,eth
2024-02-01,2303.82470703125,8895583113,eth
2024-02-02,2308.0380859375,7186143091,eth
2024-02-03,2296.038330078125,4647754021,eth
2024-02-04,2289.546142578125,5438100035,eth
2024-02-05,2298.888916015625,7277068110,eth
2024-02-06,2372.201904296875,9520885493,eth
2024-02-07,2423.7451171875,9660628536,eth
2024-02-08,2419.906494140625,9941841732,eth
2024-02-09,2487.515625,13634203177,eth
2024-02-10,2501.228271484375,6474444159,eth
2024-02-11,2507.570556640625,7347245813,eth
2024-02-12,2658.115966796875,13022696866,eth
2024-02-13,2642.185302734375,18271237044,eth
2024-02-14,2777.90234375,21448973822,eth
2024-02-15,2824.37890625,23734481937,eth
2024-02-16,2803.69140625,17057114638,eth
2024-02-17,2786.672607421875,17932379943,eth
2024-02-18,2878.998046875,23355830478,eth
2024-02-19,2943.57470703125,15163110589,eth
2024-02-20,3013.503662109375,20341598470,eth
2024-02-21,2970.35546875,18897136867,eth
2024-02-22,2971.00732421875,18058908246,eth
2024-02-23,2921.658203125,12822717059,eth
2024-02-24,2992.385986328125,10701688842,eth
2024-02-25,3112.697265625,14620450464,eth
2024-02-26,3178.99365234375,17504464351,eth
2024-02-27,3244.519287109375,21090315368,eth
2024-02-28,3385.703857421875,32885894265,eth
2024-02-29,3341.919677734375,28469171094,eth
2024-03-01,3435.053955078125,16880101987,eth
2024-03-02,3422.0498046875,12024340617,eth
2024-03-03,3490.99365234375,13643324467,eth
2024-03-04,3630.433837890625,26772963830,eth
2024-03-05,3554.964599609375,47706899137,eth
2024-03-06,3819.226318359375,34938642613,eth
2024-03-07,3874.34765625,22457177587,eth
2024-03-08,3892.06103515625,26135487051,eth
2024-03-09,3915.4189453125,11926623780,eth
2024-03-10,3881.193115234375,15783924355,eth
2024-03-11,4066.445068359375,28806262507,eth
2024-03-12,3980.273193359375,26917010932,eth
2024-03-13,4006.45703125,22028114691,eth
2024-03-14,3883.140380859375,25434810823,eth
2024-03-15,3735.22021484375,33505075433,eth
2024-03-16,3522.860107421875,20199855932,eth
2024-03-17,3642.4130859375,19938757095,eth
2024-03-18,3517.985107421875,21162220224,eth
2024-03-19,3157.6181640625,34166976701,eth
2024-03-20,3513.39306640625,36605316331,eth
2024-03-21,3492.9912109375,22213647922,eth
2024-03-22,3333.68798828125,20574952329,eth
2024-03-23,3336.593994140625,13242137554,eth
2024-03-24,3454.636474609375,12156660941,eth
2024-03-25,3590.8837890625,18603921705,eth
2024-03-26,3587.5048828125,18505553577,eth
2024-03-27,3500.115234375,18753082145,eth
2024-03-28,3561.2939453125,16419674157,eth
2024-03-29,3511.80615234375,12712701619,eth
2024-03-30,3507.9443359375,9389066783,eth
2024-03-31,3647.8564453125,10499881424,eth
2024-04-01,3505.030029296875,16002098681,eth
2024-04-02,3277.234619140625,22076539151,eth
2024-04-03,3311.44189453125,16010734587,eth
2024-04-04,3330.04052734375,14476330517,eth
2024-04-05,3318.88525390625,15214447092,eth
2024-04-06,3354.183837890625,8956926798,eth
2024-04-07,3453.49462890625,9931108526,eth
2024-04-08,3695.292724609375,19055143129,eth
2024-04-09,3505.163330078125,18279773833,eth
2024-04-10,3543.737060546875,16872482726,eth
2024-04-11,3505.247802734375,14076734489,eth
2024-04-12,3243.034912109375,22104869556,eth
2024-04-13,3004.900390625,29930408174,eth
2024-04-14,3156.94189453125,25486284994,eth
2024-04-15,3101.600341796875,21925843181,eth
2024-04-16,3084.920166015625,19441391169,eth
2024-04-17,2984.7275390625,17711869375,eth
2024-04-18,3066.027587890625,15183777035,eth
2024-04-19,3059.278564453125,20399982867,eth
2024-04-20,3157.627197265625,9918642130,eth
2024-04-21,3147.28857421875,9394387894,eth
2024-04-22,3201.652099609375,12063858733,eth
2024-04-23,3219.91162109375,11054442653,eth
2024-04-24,3139.80517578125,14000234760,eth
2024-04-25,3156.509521484375,13989030260,eth
2024-04-26,3130.164794921875,10622333862,eth
2024-04-27,3252.168212890625,11820785577,eth
2024-04-28,3262.774658203125,11379192678,eth
2024-04-29,3215.428955078125,15032246816,eth
2024-04-30,3012.286865234375,18266894653,eth
2024-05-01,2969.78466796875,20005057445,eth
2024-05-02,2988.16845703125,13163903903,eth
2024-05-03,3103.5419921875,12862183229,eth
2024-05-04,3117.576416015625,8283229638,eth
2024-05-05,3137.2490234375,8783447639,eth
2024-05-06,3062.728759765625,13008587255,eth
2024-05-07,3006.5771484375,11743187337,eth
2024-05-08,2973.6572265625,11791662158,eth
2024-05-09,3036.0205078125,10861947179,eth
2024-05-10,2909.791259765625,12278653601,eth
2024-05-11,2911.60205078125,6795916454,eth
2024-05-12,2928.701904296875,5908941395,eth
2024-05-13,2949.359619140625,13352264795,eth
2024-05-14,2881.157958984375,12444516140,eth
2024-05-15,3037.056640625,14666902956,eth
2024-05-16,2945.131103515625,13035465176,eth
2024-05-17,3094.11865234375,14449438097,eth
2024-05-18,3122.948974609375,9407051320,eth
2024-05-19,3071.843017578125,8747800800,eth
2024-05-20,3663.85546875,31228143948,eth
2024-05-21,3789.312744140625,37643853967,eth
2024-05-22,3737.2177734375,25155809461,eth
2024-05-23,3776.92724609375,45623656317,eth
2024-05-24,3726.9345703125,22257061429,eth
2024-05-25,3749.236572265625,10000027764,eth
2024-05-26,3825.8974609375,14650794791,eth
2024-05-27,3892.0068359375,18949181813,eth
2024-05-28,3840.25634765625,19846044324,eth
2024-05-29,3763.196533203125,17411416736,eth
2024-05-30,3746.849609375,15065849797,eth
2024-05-31,3760.026611328125,15290700646,eth
2024-06-01,3813.198974609375,8661024535,eth
2024-06-02,3780.89599609375,11126903059,eth
2024-06-03,3766.38916015625,14082454300,eth
2024-06-04,3812.515869140625,13331489271,eth
2024-06-05,3864.260986328125,15480034434,eth
2024-06-06,3811.60595703125,13606583873,eth
2024-06-07,3678.629150390625,18220286186,eth
2024-06-08,3680.949951171875,9096091805,eth
2024-06-09,3705.90380859375,7910768788,eth
2024-06-10,3666.717529296875,10377300126,eth
2024-06-11,3498.33056640625,19184721538,eth
2024-06-12,3559.61767578125,17142905351,eth
2024-06-13,3469.28125,14472382154,eth
2024-06-14,3480.27197265625,15793876596,eth
2024-06-15,3565.549560546875,12733651076,eth
2024-06-16,3620.5634765625,9878388158,eth
2024-06-17,3511.37890625,17838856988,eth
2024-06-18,3483.681396484375,21022514455,eth
2024-06-19,3559.347412109375,15275373778,eth
2024-06-20,3511.0869140625,16115123753,eth
2024-06-21,3516.07568359375,15933353456,eth
2024-06-22,3494.8134765625,7423703673,eth
2024-06-23,3418.61181640625,9418141333,eth
2024-06-24,3350.25634765625,23137744903,eth
2024-06-25,3395.029052734375,13235546063,eth
2024-06-26,3369.477294921875,11694054195,eth
2024-06-27,3444.800537109375,11771834016,eth
2024-06-28,3373.635986328125,12861158844,eth
2024-06-29,3372.9677734375,6584792001,eth
2024-06-30,3432.88916015625,8396416013,eth
2024-07-01,3440.341552734375,12281551839,eth
2024-07-02,3416.354736328125,9421757718,eth
2024-07-03,3292.916748046875,16121324440,eth
2024-07-04,3054.52197265625,20252514386,eth
2024-07-05,2981.5986328125,31131942647,eth
2024-07-06,3069.3779296875,11586293705,eth
2024-07-07,2929.38720703125,10857947538,eth
2024-07-08,3018.73193359375,22627377457,eth
2024-07-09,3064.032958984375,15269945822,eth
2024-07-10,3102.21875,14578679176,eth
2024-07-11,3100.330810546875,15230095766,eth
2024-07-12,3134.15869140625,12751638331,eth
2024-07-13,3177.19873046875,8565105946,eth
2024-07-14,3244.0791015625,10517709666,eth
2024-07-15,3489.552734375,18305490390,eth
2024-07-16,3443.513427734375,20446664416,eth
2024-07-17,3388.75244140625,16739123962,eth
2024-07-18,3426.258544921875,15035622003,eth
2024-07-19,3505.73486328125,17705629736,eth
2024-07-20,3519.29541015625,10360198325,eth
2024-07-21,3536.60546875,13845913681,eth
2024-07-22,3440.419921875,18723199034,eth
2024-07-23,3481.995849609375,24468405650,eth
2024-07-24,3336.33935546875,16040945448,eth
2024-07-25,3174.42724609375,25293745810,eth
2024-07-26,3275.951416015625,15993893521,eth
2024-07-27,3247.60791015625,15198233287,eth
2024-07-28,3271.464599609375,8959236446,eth
2024-07-29,3320.539306640625,18334852719,eth
2024-07-30,3278.667724609375,14045773047,eth
2024-07-31,3231.295654296875,16135380637,eth
2024-08-01,3201.564453125,20217639556,eth
2024-08-02,2986.01318359375,21400241741,eth
2024-08-03,2903.3857421875,17844091431,eth
2024-08-04,2686.39892578125,21139601426,eth
2024-08-05,2417.206298828125,67668132244,eth
2024-08-06,2458.723876953125,26041995921,eth
2024-08-07,2336.58935546875,24264218606,eth
2024-08-08,2683.352783203125,23468291180,eth
2024-08-09,2599.5986328125,17907141655,eth
2024-08-10,2610.02294921875,9361014219,eth
2024-08-11,2553.252197265625,13595441987,eth
2024-08-12,2724.431884765625,21653090666,eth
2024-08-13,2703.671875,16383053029,eth
2024-08-14,2662.914794921875,15825365408,eth
2024-08-15,2570.087646484375,16345801912,eth
2024-08-16,2593.1865234375,13275561555,eth
2024-08-17,2614.546875,6676568717,eth
2024-08-18,2613.357177734375,9207267415,eth
2024-08-19,2637.306396484375,11968963282,eth
2024-08-20,2573.10693359375,13249483464,eth
2024-08-21,2631.3955078125,12766015263,eth
2024-08-22,2622.951416015625,10723280428,eth
2024-08-23,2764.447021484375,16857181970,eth
2024-08-24,2769.3896484375,11765811307,eth
2024-08-25,2749.15771484375,9375535539,eth
2024-08-26,2681.340576171875,12282035835,eth
2024-08-27,2458.7265625,18028996056,eth
2024-08-28,2528.41552734375,20359545410,eth
2024-08-29,2528.792724609375,13946434277,eth
2024-08-30,2525.822021484375,15526218255,eth
2024-08-31,2513.393798828125,6646876013,eth
2024-09-01,2427.90234375,11800443265,eth
2024-09-02,2538.187255859375,12520444224,eth
2024-09-03,2420.603759765625,11406800197,eth
2024-09-04,2448.97705078125,16709600747,eth
2024-09-05,2367.737548828125,13632325040,eth
2024-09-06,2223.87646484375,25825618367,eth
2024-09-07,2274.107177734375,11124608320,eth
2024-09-08,2297.29296875,10718443487,eth
2024-09-09,2358.482177734375,15887712451,eth
2024-09-10,2389.5810546875,12795818970,eth
2024-09-11,2339.841552734375,15355180967,eth
2024-09-12,2361.78173828125,12162634681,eth
2024-09-13,2441.607177734375,13759640866,eth
2024-09-14,2418.595703125,8170291680,eth
2024-09-15,2320.897216796875,10155470375,eth
2024-09-16,2295.28369140625,16819033263,eth
2024-09-17,2341.707763671875,15356783863,eth
2024-09-18,2369.72900390625,18159056422,eth
2024-09-19,2464.752197265625,18437147349,eth
2024-09-20,2561.072021484375,19112788620,eth
2024-09-21,2615.857177734375,10797825021,eth
2024-09-22,2582.862548828125,13180663011,eth
2024-09-23,2648.54638671875,19912841456,eth
2024-09-24,2654.35498046875,16658812503,eth
2024-09-25,2579.388671875,14119729962,eth
2024-09-26,2632.199951171875,17336033595,eth
2024-09-27,2695.900634765625,17023020294,eth
2024-09-28,2677.5390625,10252590559,eth
2024-09-29,2659.346923828125,11126215671,eth
2024-09-30,2603.062744140625,17826446789,eth
2024-10-01,2448.921142578125,25482371785,eth
2024-10-02,2365.231689453125,20148256472,eth
2024-10-03,2349.791259765625,18051447791,eth
2024-10-04,2414.7939453125,14879264082,eth
2024-10-05,2415.6318359375,8152969183,eth
2024-10-06,2439.957763671875,8458690205,eth
2024-10-07,2421.796630859375,17414044416,eth
2024-10-08,2439.8408203125,14067361080,eth
2024-10-09,2368.283447265625,14954047093,eth
2024-10-10,2383.85791015625,15327769940,eth
2024-10-11,2436.513427734375,13489061564,eth
2024-10-12,2476.523193359375,9372169184,eth
2024-10-13,2467.677001953125,9189490605,eth
2024-10-14,2628.89990234375,21434687898,eth
2024-10-15,2606.02197265625,22003780898,eth
2024-10-16,2611.10205078125,17012396419,eth
2024-10-17,2604.2734375,15150712321,eth
2024-10-18,2641.55224609375,17043738652,eth
2024-10-19,2648.656982421875,8557834553,eth
2024-10-20,2746.364013671875,14559296242,eth
2024-10-21,2665.712158203125,17328615363,eth
2024-10-22,2620.197509765625,15541911074,eth
2024-10-23,2509.098876953125,17876984551,eth
2024-10-24,2534.49853515625,16128627601,eth
2024-10-25,2435.93408203125,22560233078,eth
2024-10-26,2479.603271484375,13597102184,eth
2024-10-27,2505.940673828125,9801434566,eth
2024-10-28,2565.34814453125,18971841402,eth
2024-10-29,2637.95751953125,22185845095,eth
2024-10-30,2657.37255859375,22382690746,eth
2024-10-31,2515.79931640625,19760409505,eth
2024-11-01,2511.885498046875,20215438328,eth
2024-11-02,2491.068603515625,9639457439,eth
2024-11-03,2456.42529296875,15667779706,eth
2024-11-04,2397.0263671875,17110200696,eth
2024-11-05,2422.650634765625,17894057485,eth
2024-11-06,2724.169189453125,41887574364,eth
2024-11-07,2895.58544921875,35352318438,eth
2024-11-08,2962.296630859375,32303261101,eth
2024-11-09,3131.14453125,29210133088,eth
2024-11-10,3191.331298828125,47418730187,eth
2024-11-11,3374.81298828125,55417771668,eth
2024-11-12,3246.25732421875,56686078066,eth
2024-11-13,3192.595947265625,52010205682,eth
2024-11-14,3058.94873046875,35743352141,eth
2024-11-15,3103.04052734375,32701369872,eth
2024-11-16,3133.27392578125,26650658846,eth
2024-11-17,3075.66162109375,28348163224,eth
2024-11-18,3207.8564453125,35445557613,eth
2024-11-19,3111.384033203125,29823634432,eth
2024-11-20,3072.18798828125,29785491216,eth
2024-11-21,3361.053955078125,51619069348,eth
2024-11-22,3331.600830078125,36775716442,eth
2024-11-23,3396.223388671875,38835184688,eth
2024-11-24,3363.659912109375,27901454185,eth
2024-11-25,3413.5439453125,51544793988,eth
2024-11-26,3326.517333984375,39902959158,eth
2024-11-27,3657.249267578125,43383987191,eth
2024-11-28,3579.8115234375,32362724276,eth
2024-11-29,3593.494384765625,27622629486,eth
2024-11-30,3705.705322265625,30670867436,eth
2024-12-01,3711.1650390625,28018113530,eth
2024-12-02,3644.198486328125,47284967570,eth
2024-12-03,3620.711669921875,36839829742,eth
2024-12-04,3841.3310546875,56799745752,eth
2024-12-05,3811.00830078125,60568296606,eth
2024-12-06,4005.810546875,52853668566,eth
2024-12-07,4002.692626953125,22574636761,eth
2024-12-08,4005.70458984375,20943378971,eth
2024-12-09,3718.6904296875,57029832059,eth
2024-12-10,3631.833740234375,58416417599,eth
2024-12-11,3832.822021484375,35968053196,eth
2024-12-12,3883.1015625,42971675764,eth
2024-12-13,3911.205322265625,34895127659,eth
2024-12-14,3868.4052734375,28756190559,eth
2024-12-15,3951.941162109375,25069616984,eth
2024-12-16,3987.48095703125,46536359669,eth
2024-12-17,3886.76611328125,35418700472,eth
2024-12-18,3618.791259765625,48946681636,eth
2024-12-19,3417.927978515625,58879190250,eth
2024-12-20,3472.553466796875,66383827229,eth
2024-12-21,3337.222412109375,31579389836,eth
2024-12-22,3277.53515625,24780768375,eth
2024-12-23,3415.785400390625,34496081389,eth
2024-12-24,3492.0498046875,23083678195,eth
2024-12-25,3493.2353515625,17651873225,eth
2024-12-26,3331.225830078125,22247726776,eth
2024-12-27,3328.9169921875,24091627403,eth
2024-12-28,3397.90234375,14305648523,eth
2024-12-29,3349.513427734375,13440907792,eth
2024-12-30,3356.392578125,26981583962,eth
2024-12-31,3332.53173828125,20845452085,eth
2025-01-01,3353.504150390625,14195410493,eth
2025-01-02,3451.392578125,22243574698,eth
2025-01-03,3605.009765625,21877299255,eth
2025-01-04,3657.706787109375,16060610759,eth
2025-01-05,3634.103759765625,12830306908,eth
2025-01-06,3688.611328125,23973574043,eth
2025-01-07,3381.577392578125,32235312545,eth
2025-01-08,3326.329345703125,34337730882,eth
2025-01-09,3219.4306640625,28815726276,eth
2025-01-10,3267.489990234375,26503845190,eth
2025-01-11,3282.2177734375,11772144561,eth
2025-01-12,3265.951171875,11647743556,eth
2025-01-13,3135.499755859375,39911742769,eth
2025-01-14,3223.6845703125,22847737224,eth
2025-01-15,3450.53759765625,25991614661,eth
2025-01-16,3308.34521484375,26395516475,eth
2025-01-17,3474.107177734375,28200207229,eth
2025-01-18,3305.78955078125,32420094038,eth
2025-01-19,3208.96435546875,57242875399,eth
2025-01-20,3278.035400390625,52383187336,eth
2025-01-21,3327.40625,32804001146,eth
2025-01-22,3240.224609375,22171220981,eth
2025-01-23,3334.714111328125,32419520084,eth
2025-01-24,3309.554931640625,25578325671,eth
2025-01-25,3317.26953125,13744316078,eth
2025-01-26,3236.13427734375,14471528757,eth
2025-01-27,3178.92041015625,39412486482,eth
2025-01-28,3077.112548828125,20718206194,eth
2025-01-29,3112.9990234375,22727786058,eth
2025-01-30,3247.780029296875,19958405782,eth
2025-01-31,3298.26513671875,30128115902,eth
2025-02-01,3118.32861328125,19917507079,eth
2025-02-02,2868.69287109375,42060930305,eth
2025-02-03,2884.566650390625,92453553253,eth
2025-02-04,2735.05126953125,48795275985,eth
2025-02-05,2787.779052734375,31960764447,eth
2025-02-06,2688.40087890625,29500645692,eth
2025-02-07,2622.211181640625,29526663418,eth
2025-02-08,2632.308349609375,17059263074,eth
2025-02-09,2628.72119140625,17517088276,eth
2025-02-10,2661.166748046875,19414208113,eth
2025-02-11,2602.781982421875,21156550492,eth
2025-02-12,2736.902099609375,26919387954,eth
2025-02-13,2675.902587890625,19481004625,eth
2025-02-14,2726.091552734375,17732289901,eth
2025-02-15,2693.559814453125,10803019357,eth
2025-02-16,2663.31591796875,10593602117,eth
2025-02-17,2743.19970703125,24170425078,eth
2025-02-18,2669.3388671875,23004152928,eth
2025-02-19,2715.77099609375,15272401903,eth
2025-02-20,2740.386474609375,15917259320,eth
2025-02-21,2659.655517578125,31441524621,eth
2025-02-22,2764.029296875,16403164397,eth
2025-02-23,2821.310302734375,20493767269,eth
2025-02-24,2513.8212890625,29127380459,eth
2025-02-25,2493.592529296875,40044790246,eth
2025-02-26,2331.45263671875,28815111323,eth
2025-02-27,2305.484375,24286213447,eth
2025-02-28,2237.9052734375,35737904667,eth
2025-03-01,2216.643310546875,16135258239,eth
2025-03-02,2519.694580078125,34854193845,eth
2025-03-03,2145.573974609375,31473561910,eth
2025-03-04,2170.01513671875,33935738380,eth
2025-03-05,2241.977294921875,22105432727,eth
2025-03-06,2202.476806640625,18509069102,eth
2025-03-07,2138.987548828125,22425792863,eth
2025-03-08,2201.51025390625,10533204814,eth
2025-03-09,2015.5091552734375,16103964994,eth
2025-03-10,1861.1513671875,35005066442,eth
2025-03-11,1919.844970703125,30898385863,eth
2025-03-12,1908.982666015625,22898872951,eth
2025-03-13,1862.9696044921875,17977225564,eth
2025-03-14,1909.467529296875,12122715282,eth
2025-03-15,1937.3946533203125,6456484591,eth
2025-03-16,1887.43505859375,9292997638,eth
2025-03-17,1927.0029296875,10436892087,eth
2025-03-18,1932.54345703125,10170844746,eth
2025-03-19,2057.7490234375,20065206266,eth
2025-03-20,1982.099853515625,13217865782,eth
2025-03-21,1964.8475341796875,9708125480,eth
2025-03-22,1980.037841796875,6117036512,eth
2025-03-23,2005.2991943359375,7522339707,eth
2025-03-24,2077.47900390625,14044912402,eth
2025-03-25,2067.76416015625,11735658914,eth
2025-03-26,2009.1893310546875,13178523590,eth
2025-03-27,2002.357421875,11593274543,eth
2025-03-28,1895.5029296875,18160526498,eth
2025-03-29,1827.3203125,12194771785,eth
2025-03-30,1806.2186279296875,9854857162,eth
2025-03-31,1823.47998046875,15765030938,eth
2025-04-01,1905.491455078125,15001220420,eth
2025-04-02,1795.313232421875,22593742104,eth
2025-04-03,1815.63720703125,16450974373,eth
2025-04-04,1815.335205078125,18061720814,eth
2025-04-05,1805.9732666015625,6374712479,eth
2025-04-06,1576.72802734375,22154445576,eth
2025-04-07,1555.240966796875,46073959047,eth
2025-04-08,1472.5531005859375,21315312919,eth
2025-04-09,1668.0400390625,39252195855,eth
2025-04-10,1522.518798828125,21379604307,eth
2025-04-11,1567.1497802734375,14871838813,eth
2025-04-12,1643.528564453125,12110995013,eth
2025-04-13,1596.685791015625,13909890792,eth
2025-04-14,1622.7698974609375,16518325094,eth
2025-04-15,1588.6324462890625,13175452875,eth
2025-04-16,1578.1053466796875,15339621551,eth
2025-04-17,1582.54833984375,11312160796,eth
2025-04-18,1588.9246826171875,7123507323,eth
2025-04-19,1612.9228515625,7168138700,eth
2025-04-20,1587.5142822265625,7642784469,eth
2025-04-21,1579.7344970703125,15403785611,eth
2025-04-22,1757.3316650390625,23747917555,eth
2025-04-23,1796.104248046875,22904644756,eth
2025-04-24,1769.8316650390625,15207402759,eth
2025-04-25,1786.634521484375,17459399281,eth
2025-04-26,1821.881103515625,11926379867,eth
2025-04-27,1792.864990234375,11321944113,eth
2025-04-28,1798.851806640625,17043640437,eth
2025-04-29,1799.1756591796875,14734257744,eth
2025-04-30,1793.775390625,14810431362,eth
2025-05-01,1839.2215576171875,15861442721,eth
2025-05-02,1842.7078857421875,13570171872,eth
2025-05-03,1833.8397216796875,8344452620,eth
2025-05-04,1808.59423828125,8918979887,eth
2025-05-05,1819.697509765625,11389336489,eth
2025-05-06,1815.0875244140625,13206516310,eth
2025-05-07,1811.606689453125,50540755039,eth
2025-05-08,2206.5146484375,37777245241,eth
2025-05-09,2345.50732421875,43766026875,eth
2025-05-10,2582.422607421875,30265913403,eth
2025-05-11,2510.23779296875,26496368543,eth
2025-05-12,2496.397705078125,32121858921,eth
2025-05-13,2680.129638671875,33528741590,eth
2025-05-14,2610.063232421875,26602676588,eth
2025-05-15,2546.85693359375,26637688883,eth
2025-05-16,2536.297607421875,21298907763,eth
2025-05-17,2475.75439453125,18830706230,eth
2025-05-18,2498.233642578125,25005164865,eth
2025-05-19,2529.166748046875,27351331811,eth
2025-05-20,2524.173095703125,23453322578,eth
2025-05-21,2552.34716796875,31952904125,eth
2025-05-22,2664.156982421875,26596978352,eth
2025-05-23,2526.44189453125,30536501878,eth
2025-05-24,2530.646240234375,11380899856,eth
2025-05-25,2551.763916015625,14556431364,eth
2025-05-26,2564.138427734375,14936610009,eth
2025-05-27,2663.06982421875,26264200536,eth
2025-05-28,2682.212890625,19087366068,eth
2025-05-29,2632.65478515625,27567479811,eth
2025-05-30,2529.943603515625,24599403943,eth
2025-05-31,2529.08740234375,13992843765,eth
2025-06-01,2536.266357421875,13287852482,eth
2025-06-02,2607.097412109375,16744168824,eth
2025-06-03,2593.2802734375,18291179016,eth
2025-06-04,2608.64306640625,18621211035,eth
2025-06-05,2416.28564453125,26194462737,eth
2025-06-06,2477.19482421875,19407449565,eth
2025-06-07,2526.50537109375,11664303387,eth
2025-06-08,2510.787109375,12097170203,eth
2025-06-09,2681.51708984375,20605172560,eth
2025-06-10,2813.517578125,35555755055,eth
2025-06-11,2773.529296875,30705408054,eth
2025-06-12,2651.795166015625,25924959613,eth
2025-06-13,2579.486083984375,37986747138,eth
2025-06-14,2533.444091796875,14285000473,eth
2025-06-15,2546.837158203125,13961893828,eth
2025-06-16,2540.60498046875,22792449577,eth
2025-06-17,2510.761474609375,25653232897,eth
2025-06-18,2524.301513671875,19873957905,eth
2025-06-19,2521.653564453125,12782730709,eth
2025-06-20,2407.30419921875,22592586688,eth
2025-06-21,2300.49560546875,16108791762,eth
2025-06-22,2228.213134765625,28458151601,eth
2025-06-23,2421.824951171875,26247439429,eth
2025-06-24,2448.0087890625,19539047009,eth
2025-06-25,2419.310302734375,17158118625,eth
2025-06-26,2416.146728515625,18300413888,eth
2025-06-27,2423.866943359375,15309834970,eth
2025-06-28,2437.109375,8273074809,eth
2025-06-29,2500.9599609375,12500580479,eth
2025-06-30,2486.46435546875,16859727663,eth
2025-07-01,2405.792724609375,15025451796,eth
2025-07-02,2571.33544921875,22792512025,eth
2025-07-03,2591.00732421875,20873559425,eth
2025-07-04,2508.518310546875,17222740209,eth
2025-07-05,2517.280029296875,9289382302,eth
2025-07-06,2571.236572265625,13190436110,eth
2025-07-07,2543.01318359375,18440266947,eth
2025-07-08,2615.505859375,17537487206,eth
2025-07-09,2770.777587890625,27229452849,eth
2025-07-10,2954.84521484375,33929201261,eth
2025-07-11,2957.88623046875,36226558863,eth
2025-07-12,2942.91162109375,16317198254,eth
2025-07-13,2973.35888671875,17361753131,eth
2025-07-14,3013.350830078125,36349290556,eth
2025-07-15,3139.8896484375,39013656112,eth
2025-07-16,3371.5068359375,46771354461,eth
2025-07-17,3476.784423828125,47532846793,eth
2025-07-18,3549.016357421875,59198465810,eth
2025-07-19,3595.273681640625,26031719746,eth
2025-07-20,3759.471435546875,44600451066,eth
2025-07-21,3763.371337890625,42611467663,eth
2025-07-22,3749.1455078125,45248868820,eth
2025-07-23,3629.70361328125,41283228953,eth
2025-07-24,3708.005615234375,40377960354,eth
2025-07-25,3727.266845703125,42264509577,eth
2025-07-26,3741.39599609375,24635287361,eth
2025-07-27,3875.24658203125,28897450394,eth
2025-07-28,3787.42578125,35831336149,eth
2025-07-29,3793.454833984375,35540435995,eth
2025-07-30,3808.20166015625,34392494235,eth
2025-07-31,3696.707763671875,32839839444,eth
2025-08-01,3488.365966796875,46261558200,eth
2025-08-02,3392.7412109375,30165065282,eth
2025-08-03,3497.379150390625,19363593865,eth
2025-08-04,3718.986083984375,30905749658,eth
2025-08-05,3611.8994140625,32778742296,eth
2025-08-06,3683.920654296875,26924415763,eth
2025-08-07,3914.325927734375,38627826066,eth
2025-08-08,4009.848876953125,45460293892,eth
2025-08-09,4263.59912109375,45279715746,eth
2025-08-10,4254.2177734375,36173931367,eth
2025-08-11,4226.966796875,49989853803,eth
2025-08-12,4590.9248046875,57237189036,eth
2025-08-13,4756.27587890625,62550014642,eth
2025-08-14,4548.16650390625,75681632806,eth
2025-08-15,4439.98876953125,55445715824,eth
2025-08-16,4426.18017578125,26816931514,eth
2025-08-17,4473.271484375,31348101438,eth
2025-08-18,4312.5048828125,53518423360,eth
2025-08-19,4073.464111328125,50440367102,eth
2025-08-20,4334.50048828125,49577862965,eth
2025-08-21,4223.2099609375,33618359942,eth
2025-08-22,4831.3486328125,75965521535,eth
2025-08-23,4776.09033203125,36503623278,eth
2025-08-24,4779.6474609375,52405003873,eth
2025-08-25,4372.98779296875,63936163545,eth
2025-08-26,4600.4267578125,53829747706,eth
2025-08-27,4503.39306640625,43509902322,eth
2025-08-28,4507.177734375,36045274078,eth
2025-08-29,4360.15283203125,46899991962,eth
2025-08-30,4374.1533203125,25883112278,eth
2025-08-31,4390.01904296875,26683044984,eth
2025-09-01,4314.47021484375,37530746508,eth
2025-09-02,4325.36572265625,39884692334,eth
2025-09-03,4450.38916015625,35260873497,eth
2025-09-04,4298.744140625,34919798552,eth
2025-09-05,4306.98876953125,44163736676,eth
2025-09-06,4274.2421875,18108246446,eth
2025-09-07,4305.34765625,17426783536,eth
2025-09-08,4308.072265625,32277142378,eth
2025-09-09,4309.04150390625,30703320925,eth
2025-09-10,4349.14599609375,39521365146,eth
2025-09-11,4461.2333984375,35959212991,eth
2025-09-12,4715.24609375,43839753626,eth
2025-09-13,4668.1796875,34843845977,eth
2025-09-14,4609.59765625,28394160275,eth
2025-09-15,4526.8203125,40224062009,eth
2025-09-16,4503.564453125,32761501436,eth
2025-09-17,4592.7333984375,44120899417,eth
2025-09-18,4589.9189453125,33497259158,eth
2025-09-19,4470.9169921875,30352619653,eth
2025-09-20,4482.265625,18056494322,eth
2025-09-21,4451.3291015625,19330306133,eth
2025-09-22,4202.87744140625,58221334533,eth
2025-09-23,4165.50390625,32460075911,eth
2025-09-24,4153.46923828125,33538388785,eth
2025-09-25,3868.333984375,68963092031,eth
2025-09-26,4035.887939453125,47873508328,eth
2025-09-27,4018.658203125,20382555776,eth
2025-09-28,4141.4765625,24631307054,eth
2025-09-29,4217.341796875,38560429932,eth
2025-09-30,4145.95751953125,37679153330,eth
2025-10-01,4351.1123046875,46161664723,eth
2025-10-02,4487.923828125,48074066058,eth
2025-10-03,4514.87060546875,49603450230,eth
2025-10-04,4489.197265625,21832270764,eth
2025-10-05,4515.4228515625,44880806324,eth
2025-10-06,4687.771484375,44992456374,eth
2025-10-07,4451.15185546875,54879425294,eth
2025-10-08,4527.64794921875,40456628235,eth
2025-10-09,4369.1435546875,47903074596,eth
2025-10-10,3843.0087890625,97736621123,eth
2025-10-11,3750.611572265625,62475475938,eth
2025-10-12,4164.427734375,61216174681,eth
2025-10-13,4245.4677734375,50253782420,eth
2025-10-14,4125.412109375,67094148347,eth
2025-10-15,3987.45947265625,50462889453,eth
2025-10-16,3894.75439453125,49147390731,eth
2025-10-17,3832.558837890625,57404271888,eth
2025-10-18,3890.34619140625,23815676385,eth
2025-10-19,3984.649658203125,32870655221,eth
2025-10-20,3980.76025390625,40224612563,eth
2025-10-21,3876.76416015625,49960290350,eth
2025-10-22,3808.122314453125,46173305673,eth
2025-10-23,3856.0263671875,36361652714,eth
2025-10-24,3934.5673828125,34090708715,eth
2025-10-25,3953.470947265625,15245229017,eth
2025-10-26,4157.9892578125,29120786315,eth
2025-10-27,4120.1220703125,40271333201,eth
2025-10-28,3982.262451171875,39684155177,eth
2025-10-29,3903.35302734375,35255876156,eth
2025-10-30,3804.375244140625,39981939289,eth
2025-10-31,3847.080322265625,37800100395,eth
2025-11-01,3874.18798828125,17490279524,eth
2025-11-02,3911.063232421875,20479611654,eth
2025-11-03,3602.30810546875,53091469560,eth
2025-11-04,3292.574462890625,76827517773,eth
2025-11-05,3425.171142578125,46955882330,eth
2025-11-06,3312.2578125,36731850433,eth
2025-11-07,3435.301025390625,42609994022,eth
2025-11-08,3400.3759765625,23613870398,eth
2025-11-09,3582.621337890625,28821543888,eth
2025-11-10,3568.4599609375,35638045619,eth
2025-11-11,3415.2822265625,39734688531,eth
2025-11-12,3413.09423828125,34898956623,eth
2025-11-13,3232.757080078125,50283416669,eth
2025-11-14,3103.78564453125,47003809463,eth
2025-11-15,3166.63134765625,19932940649,eth
2025-11-16,3092.847412109375,30987886524,eth
2025-11-17,3024.538818359375,41026793235,eth
2025-11-18,3122.97900390625,41581494270,eth
2025-11-19,3023.07080078125,40229739844,eth
2025-11-20,2831.777587890625,43917885207,eth
2025-11-21,2765.69921875,51476486049,eth
2025-11-22,2767.607421875,15408928941,eth
2025-11-23,2801.676025390625,20358404499,eth
2025-11-24,2952.71337890625,32491657389,eth
2025-11-25,2957.936279296875,23336017779,eth
2025-11-26,3027.81201171875,21433162961,eth
2025-11-27,3014.542236328125,16972780500,eth
2025-11-28,3032.304443359375,20659958964,eth
2025-11-29,2991.685302734375,12775481230,eth
2025-11-30,2992.112548828125,11530446514,eth
2025-12-01,2800.18896484375,36679598313,eth
2025-12-02,2997.939697265625,26593645111,eth
2025-12-03,3191.57177734375,29949301036,eth
2025-12-04,3134.31640625,27434991113,eth
2025-12-05,3024.432861328125,28000268228,eth
2025-12-06,3040.207763671875,10962819760,eth
2025-12-07,3061.3017578125,20383496376,eth
2025-12-08,3125.197998046875,25262165670,eth
2025-12-09,3321.114990234375,32012553374,eth
2025-12-10,3325.39013671875,30694387989,eth
2025-12-11,3237.056884765625,29066243707,eth
2025-12-12,3084.172607421875,24391003174,eth
2025-12-13,3116.6953125,9916869400,eth
2025-12-14,3060.5947265625,15619543350,eth
2025-12-15,2964.18310546875,28765976892,eth
2025-12-16,2964.180908203125,22709189818,eth
2025-12-17,2831.403564453125,26159825528,eth
2025-12-18,2827.069091796875,29194181349,eth
2025-12-19,2977.970703125,27870687989,eth
2025-12-20,2977.58251953125,7612418215,eth
2025-12-21,3001.61376953125,11178096676,eth
2025-12-22,3006.07373046875,20342034264,eth
2025-12-23,2963.3740234375,21453213168,eth
2025-12-24,2945.590576171875,13984770325,eth
2025-12-25,2903.57958984375,11828871179,eth
2025-12-26,2925.74560546875,18562196049,eth
2025-12-27,2947.998291015625,7378783299,eth
2025-12-28,2948.568115234375,9227601389,eth
2025-12-29,2934.538330078125,25957694515,eth
2025-12-30,2971.416748046875,18816704381,eth
2025-12-31,2967.03759765625,16451891101,eth
2026-01-01,3000.394287109375,10268796662,eth
2026-01-02,3124.422607421875,25242778003,eth
2026-01-03,3125.91748046875,11460707919,eth
2026-01-04,3140.71044921875,13890479323,eth
2026-01-05,3226.13037109375,27211995956,eth
2026-01-06,3295.94677734375,27853981622,eth
2026-01-07,3166.843994140625,22665982583,eth
2026-01-08,3104.382568359375,22760237888,eth
2026-01-09,3083.047119140625,18879517395,eth
2026-01-10,3082.39599609375,6960662969,eth
2026-01-11,3118.88525390625,10497219711,eth
2026-01-12,3092.3251953125,21152711365,eth
2026-01-13,3322.095458984375,27237310134,eth
2026-01-14,3354.72265625,33926411912,eth
2026-01-15,3317.101318359375,27598686935,eth
2026-01-16,3295.482177734375,22732887284,eth
2026-01-17,3308.8642578125,11206492253,eth
2026-01-18,3281.15771484375,13557863288,eth
2026-01-19,3186.62109375,27956112545,eth
2026-01-20,2935.605712890625,32985301273,eth
2026-01-21,2978.901123046875,35797876195,eth
2026-01-22,2949.63330078125,21993593333,eth
2026-01-23,2953.25634765625,22417700837,eth
2026-01-24,2948.74072265625,8198666763,eth
2026-01-25,2815.90234375,22414089670,eth
2026-01-26,2926.45703125,29668620102,eth
2026-01-27,3022.2109375,27976005223,eth
2026-01-28,3006.607421875,21751566455,eth
2026-01-29,2818.232666015625,37487198041,eth
2026-01-30,2702.375244140625,41877689970,eth
2026-01-31,2445.091796875,47569532203,eth
2026-02-01,2267.96484375,40358630560,eth
2026-02-02,2344.356689453125,48844346396,eth
2026-02-03,2227.558837890625,47906083919,eth
2026-02-04,2143.504150390625,45219604814,eth
2026-02-05,1821.68310546875,60381662655,eth
2026-02-06,2063.386962890625,64998454203,eth
2026-02-07,2090.54931640625,41145430304,eth
2026-02-08,2088.762939453125,19541713443,eth
2026-02-09,2103.567626953125,26750982266,eth
2026-02-10,2019.4974365234375,23267337087,eth
2026-02-11,1940.621337890625,23922680362,eth
