timestamp,price,market_cap,volume,coin,symbol,name,market_cap_rank,circulating_supply,total_supply,max_supply,ath,atl,price_change_24h,price_change_percentage_24h,categories
2025-02-11 00:00:00,97399.98161383197,1930742951090.367,37054987393.57789,bitcoin,btc,Bitcoin,1,19987287.0,19987300.0,21000000.0,126080.0,67.81,-1517.76821005813,-2.14647,"Smart Contract Platform, Layer 1 (L1), FTX Holdings, Proof of Work (PoW), Bitcoin Ecosystem, GMCI 30 Index, GMCI Index, Coinbase 50 Index"
2025-02-12 00:00:00,95739.97737079239,1898788887978.3252,36454577154.5622,bitcoin,btc,Bitcoin,1,19987287.0,19987300.0,21000000.0,126080.0,67.81,-1517.76821005813,-2.14647,"Smart Contract Platform, Layer 1 (L1), FTX Holdings, Proof of Work (PoW), Bitcoin Ecosystem, GMCI 30 Index, GMCI Index, Coinbase 50 Index"
2025-02-13 00:00:00,97836.18856127483,1936842454813.9983,47115618235.19051,bitcoin,btc,Bitcoin,1,19987287.0,19987300.0,21000000.0,126080.0,67.81,-1517.76821005813,-2.14647,"Smart Contract Platform, Layer 1 (L1), FTX Holdings, Proof of Work (PoW), Bitcoin Ecosystem, GMCI 30 Index, GMCI Index, Coinbase 50 Index"
2025-02-14 00:00:00,96561.6639990985,1914315097486.3862,29084371910.690556,bitcoin,btc,Bitcoin,1,19987287.0,19987300.0,21000000.0,126080.0,67.81,-1517.76821005813,-2.14647,"Smart Contract Platform, Layer 1 (L1), FTX Holdings, Proof of Work (PoW), Bitcoin Ecosystem, GMCI 30 Index, GMCI Index, Coinbase 50 Index"
2025-02-15 00:00:00,97488.48148536457,1931656846871.4856,32289906944.92862,bitcoin,btc,Bitcoin,1,19987287.0,19987300.0,21000000.0,126080.0,67.81,-1517.76821005813,-2.14647,"Smart Contract Platform, Layer 1 (L1), FTX Holdings, Proof of Work (PoW), Bitcoin Ecosystem, GMCI 30 Index, GMCI Index, Coinbase 50 Index"
2025-02-16 00:00:00,97569.95169430465,1934308378710.2861,14215311318.346336,bitcoin,btc,Bitcoin,1,19987287.0,19987300.0,21000000.0,126080.0,67.81,-1517.76821005813,-2.14647,"Smart Contract Platform, Layer 1 (L1), FTX Holdings, Proof of Work (PoW), Bitcoin Ecosystem, GMCI 30 Index, GMCI Index, Coinbase 50 Index"
2025-02-17 00:00:00,96149.3484548204,1905012222220.3691,13634794998.739267,bitcoin,btc,Bitcoin,1,19987287.0,19987300.0,21000000.0,126080.0,67.81,-1517.76821005813,-2.14647,"Smart Contract Platform, Layer 1 (L1), FTX Holdings, Proof of Work (PoW), Bitcoin Ecosystem, GMCI 30 Index, GMCI Index, Coinbase 50 Index"
2025-02-18 00:00:00,95776.15723852723,1898997753781.9536,25324374113.08163,bitcoin,btc,Bitcoin,1,19987287.0,19987300.0,21000000.0,126080.0,67.81,-1517.76821005813,-2.14647,"Smart Contract Platform, Layer 1 (L1), FTX Holdings, Proof of Work (PoW), Bitcoin Ecosystem, GMCI 30 Index, GMCI Index, Coinbase 50 Index"
2025-02-19 00:00:00,95495.89153299287,1892702154844.508,38311133144.729355,bitcoin,btc,Bitcoin,1,19987287.0,19987300.0,21000000.0,126080.0,67.81,-1517.76821005813,-2.14647,"Smart Contract Platform, Layer 1 (L1), FTX Holdings, Proof of Work (PoW), Bitcoin Ecosystem, GMCI 30 Index, GMCI Index, Coinbase 50 Index"
2025-02-20 00:00:00,96554.87156259285,1914337919659.5537,27703222487.389572,bitcoin,btc,Bitcoin,1,19987287.0,19987300.0,21000000.0,126080.0,67.81,-1517.76821005813,-2.14647,"Smart Contract Platform, Layer 1 (L1), FTX Holdings, Proof of Work (PoW), Bitcoin Ecosystem, GMCI 30 Index, GMCI Index, Coinbase 50 Index"
2025-02-21 00:00:00,98384.31738240314,1950376106325.3228,24175261969.81266,bitcoin,btc,Bitcoin,1,19987287.0,19987300.0,21000000.0,126080.0,67.81,-1517.76821005813,-2.14647,"Smart Contract Platform, Layer 1 (L1), FTX Holdings, Proof of Work (PoW), Bitcoin Ecosystem, GMCI 30 Index, GMCI Index, Coinbase 50 Index"
2025-02-22 00:00:00,96135.15541305285,1906058197506.3809,42477472950.92155,bitcoin,btc,Bitcoin,1,19987287.0,19987300.0,21000000.0,126080.0,67.81,-1517.76821005813,-2.14647,"Smart Contract Platform, Layer 1 (L1), FTX Holdings, Proof of Work (PoW), Bitcoin Ecosystem, GMCI 30 Index, GMCI Index, Coinbase 50 Index"
2025-02-23 00:00:00,96564.15414290235,1915260330870.798,18464415570.762142,bitcoin,btc,Bitcoin,1,19987287.0,19987300.0,21000000.0,126080.0,67.81,-1517.76821005813,-2.14647,"Smart Contract Platform, Layer 1 (L1), FTX Holdings, Proof of Work (PoW), Bitcoin Ecosystem, GMCI 30 Index, GMCI Index, Coinbase 50 Index"
2025-02-24 00:00:00,96327.46309127835,1909625674815.4763,16643044374.983364,bitcoin,btc,Bitcoin,1,19987287.0,19987300.0,21000000.0,126080.0,67.81,-1517.76821005813,-2.14647,"Smart Contract Platform, Layer 1 (L1), FTX Holdings, Proof of Work (PoW), Bitcoin Ecosystem, GMCI 30 Index, GMCI Index, Coinbase 50 Index"
2025-02-25 00:00:00,91396.76686930266,1814176779160.4363,45539703844.38777,bitcoin,btc,Bitcoin,1,19987287.0,19987300.0,21000000.0,126080.0,67.81,-1517.76821005813,-2.14647,"Smart Contract Platform, Layer 1 (L1), FTX Holdings, Proof of Work (PoW), Bitcoin Ecosystem, GMCI 30 Index, GMCI Index, Coinbase 50 Index"
2025-02-26 00:00:00,88755.7693356979,1759750360550.3337,96742453402.56294,bitcoin,btc,Bitcoin,1,19987287.0,19987300.0,21000000.0,126080.0,67.81,-1517.76821005813,-2.14647,"Smart Contract Platform, Layer 1 (L1), FTX Holdings, Proof of Work (PoW), Bitcoin Ecosystem, GMCI 30 Index, GMCI Index, Coinbase 50 Index"
2025-02-27 00:00:00,83900.11496524839,1664314955447.7466,69277430795.68657,bitcoin,btc,Bitcoin,1,19987287.0,19987300.0,21000000.0,126080.0,67.81,-1517.76821005813,-2.14647,"Smart Contract Platform, Layer 1 (L1), FTX Holdings, Proof of Work (PoW), Bitcoin Ecosystem, GMCI 30 Index, GMCI Index, Coinbase 50 Index"
2025-02-28 00:00:00,84709.14477847965,1679555320077.2097,81960688217.70384,bitcoin,btc,Bitcoin,1,19987287.0,19987300.0,21000000.0,126080.0,67.81,-1517.76821005813,-2.14647,"Smart Contract Platform, Layer 1 (L1), FTX Holdings, Proof of Work (PoW), Bitcoin Ecosystem, GMCI 30 Index, GMCI Index, Coinbase 50 Index"
2025-03-01 00:00:00,84441.9012237131,1674754437110.342,80695237175.07367,bitcoin,btc,Bitcoin,1,19987287.0,19987300.0,21000000.0,126080.0,67.81,-1517.76821005813,-2.14647,"Smart Contract Platform, Layer 1 (L1), FTX Holdings, Proof of Work (PoW), Bitcoin Ecosystem, GMCI 30 Index, GMCI Index, Coinbase 50 Index"
2025-03-02 00:00:00,86005.25629681018,1705564098300.8237,30634474722.6359,bitcoin,btc,Bitcoin,1,19987287.0,19987300.0,21000000.0,126080.0,67.81,-1517.76821005813,-2.14647,"Smart Contract Platform, Layer 1 (L1), FTX Holdings, Proof of Work (PoW), Bitcoin Ecosystem, GMCI 30 Index, GMCI Index, Coinbase 50 Index"
2025-03-03 00:00:00,94261.53286538439,1868321705444.4878,61859112550.80991,bitcoin,btc,Bitcoin,1,19987287.0,19987300.0,21000000.0,126080.0,67.81,-1517.76821005813,-2.14647,"Smart Contract Platform, Layer 1 (L1), FTX Holdings, Proof of Work (PoW), Bitcoin Ecosystem, GMCI 30 Index, GMCI Index, Coinbase 50 Index"
2025-03-04 00:00:00,86124.71418722175,1708198960874.3418,68715362745.4567,bitcoin,btc,Bitcoin,1,19987287.0,19987300.0,21000000.0,126080.0,67.81,-1517.76821005813,-2.14647,"Smart Contract Platform, Layer 1 (L1), FTX Holdings, Proof of Work (PoW), Bitcoin Ecosystem, GMCI 30 Index, GMCI Index, Coinbase 50 Index"
2025-03-05 00:00:00,87310.80531078295,1731441668069.6523,65863356680.42408,bitcoin,btc,Bitcoin,1,19987287.0,19987300.0,21000000.0,126080.0,67.81,-1517.76821005813,-2.14647,"Smart Contract Platform, Layer 1 (L1), FTX Holdings, Proof of Work (PoW), Bitcoin Ecosystem, GMCI 30 Index, GMCI Index, Coinbase 50 Index"
2025-03-06 00:00:00,90604.08098523637,1797706868227.531,51606642859.81411,bitcoin,btc,Bitcoin,1,19987287.0,19987300.0,21000000.0,126080.0,67.81,-1517.76821005813,-2.14647,"Smart Contract Platform, Layer 1 (L1), FTX Holdings, Proof of Work (PoW), Bitcoin Ecosystem, GMCI 30 Index, GMCI Index, Coinbase 50 Index"
2025-03-07 00:00:00,90001.40087607042,1782785866811.654,47555759124.64708,bitcoin,btc,Bitcoin,1,19987287.0,19987300.0,21000000.0,126080.0,67.81,-1517.76821005813,-2.14647,"Smart Contract Platform, Layer 1 (L1), FTX Holdings, Proof of Work (PoW), Bitcoin Ecosystem, GMCI 30 Index, GMCI Index, Coinbase 50 Index"
2025-03-08 00:00:00,86773.33597555371,1720436931689.2776,63216440874.73251,bitcoin,btc,Bitcoin,1,19987287.0,19987300.0,21000000.0,126080.0,67.81,-1517.76821005813,-2.14647,"Smart Contract Platform, Layer 1 (L1), FTX Holdings, Proof of Work (PoW), Bitcoin Ecosystem, GMCI 30 Index, GMCI Index, Coinbase 50 Index"
2025-03-09 00:00:00,86142.9833586432,1708605516770.228,18809360803.37126,bitcoin,btc,Bitcoin,1,19987287.0,19987300.0,21000000.0,126080.0,67.81,-1517.76821005813,-2.14647,"Smart Contract Platform, Layer 1 (L1), FTX Holdings, Proof of Work (PoW), Bitcoin Ecosystem, GMCI 30 Index, GMCI Index, Coinbase 50 Index"
2025-03-10 00:00:00,80751.13893300897,1602073794580.0344,32013406240.51754,bitcoin,btc,Bitcoin,1,19987287.0,19987300.0,21000000.0,126080.0,67.81,-1517.76821005813,-2.14647,"Smart Contract Platform, Layer 1 (L1), FTX Holdings, Proof of Work (PoW), Bitcoin Ecosystem, GMCI 30 Index, GMCI Index, Coinbase 50 Index"
2025-03-11 00:00:00,78783.94057934263,1563547150147.7332,49983692766.22745,bitcoin,btc,Bitcoin,1,19987287.0,19987300.0,21000000.0,126080.0,67.81,-1517.76821005813,-2.14647,"Smart Contract Platform, Layer 1 (L1), FTX Holdings, Proof of Work (PoW), Bitcoin Ecosystem, GMCI 30 Index, GMCI Index, Coinbase 50 Index"
2025-03-12 00:00:00,82799.1080292053,1642997419531.6057,56404462275.083046,bitcoin,btc,Bitcoin,1,19987287.0,19987300.0,21000000.0,126080.0,67.81,-1517.76821005813,-2.14647,"Smart Contract Platform, Layer 1 (L1), FTX Holdings, Proof of Work (PoW), Bitcoin Ecosystem, GMCI 30 Index, GMCI Index, Coinbase 50 Index"
2025-03-13 00:00:00,83884.24578828987,1662502658717.542,41782186208.59073,bitcoin,btc,Bitcoin,1,19987287.0,19987300.0,21000000.0,126080.0,67.81,-1517.76821005813,-2.14647,"Smart Contract Platform, Layer 1 (L1), FTX Holdings, Proof of Work (PoW), Bitcoin Ecosystem, GMCI 30 Index, GMCI Index, Coinbase 50 Index"
2025-03-14 00:00:00,81098.90052436228,1608477373718.186,32583592654.882656,bitcoin,btc,Bitcoin,1,19987287.0,19987300.0,21000000.0,126080.0,67.81,-1517.76821005813,-2.14647,"Smart Contract Platform, Layer 1 (L1), FTX Holdings, Proof of Work (PoW), Bitcoin Ecosystem, GMCI 30 Index, GMCI Index, Coinbase 50 Index"
2025-03-15 00:00:00,83971.70916064628,1665725559905.8198,28571483950.074646,bitcoin,btc,Bitcoin,1,19987287.0,19987300.0,21000000.0,126080.0,67.81,-1517.76821005813,-2.14647,"Smart Contract Platform, Layer 1 (L1), FTX Holdings, Proof of Work (PoW), Bitcoin Ecosystem, GMCI 30 Index, GMCI Index, Coinbase 50 Index"
2025-03-16 00:00:00,84391.69087647168,1674173293916.4658,10761796127.312485,bitcoin,btc,Bitcoin,1,19987287.0,19987300.0,21000000.0,126080.0,67.81,-1517.76821005813,-2.14647,"Smart Contract Platform, Layer 1 (L1), FTX Holdings, Proof of Work (PoW), Bitcoin Ecosystem, GMCI 30 Index, GMCI Index, Coinbase 50 Index"
2025-03-17 00:00:00,82610.61750343916,1638672153483.722,21638031633.118767,bitcoin,btc,Bitcoin,1,19987287.0,19987300.0,21000000.0,126080.0,67.81,-1517.76821005813,-2.14647,"Smart Contract Platform, Layer 1 (L1), FTX Holdings, Proof of Work (PoW), Bitcoin Ecosystem, GMCI 30 Index, GMCI Index, Coinbase 50 Index"
2025-03-18 00:00:00,84075.36559694471,1667799227887.438,19659366246.596867,bitcoin,btc,Bitcoin,1,19987287.0,19987300.0,21000000.0,126080.0,67.81,-1517.76821005813,-2.14647,"Smart Contract Platform, Layer 1 (L1), FTX Holdings, Proof of Work (PoW), Bitcoin Ecosystem, GMCI 30 Index, GMCI Index, Coinbase 50 Index"
2025-03-19 00:00:00,82780.03048688271,1642578274105.806,24557570268.85276,bitcoin,btc,Bitcoin,1,19987287.0,19987300.0,21000000.0,126080.0,67.81,-1517.76821005813,-2.14647,"Smart Contract Platform, Layer 1 (L1), FTX Holdings, Proof of Work (PoW), Bitcoin Ecosystem, GMCI 30 Index, GMCI Index, Coinbase 50 Index"
2025-03-20 00:00:00,86815.44109470697,1721565138141.278,33871216993.304657,bitcoin,btc,Bitcoin,1,19987287.0,19987300.0,21000000.0,126080.0,67.81,-1517.76821005813,-2.14647,"Smart Contract Platform, Layer 1 (L1), FTX Holdings, Proof of Work (PoW), Bitcoin Ecosystem, GMCI 30 Index, GMCI Index, Coinbase 50 Index"
2025-03-21 00:00:00,84270.84358966233,1672550706502.8184,27579127651.06656,bitcoin,btc,Bitcoin,1,19987287.0,19987300.0,21000000.0,126080.0,67.81,-1517.76821005813,-2.14647,"Smart Contract Platform, Layer 1 (L1), FTX Holdings, Proof of Work (PoW), Bitcoin Ecosystem, GMCI 30 Index, GMCI Index, Coinbase 50 Index"
2025-03-22 00:00:00,84009.532917822,1666749159154.2927,18091004975.919056,bitcoin,btc,Bitcoin,1,19987287.0,19987300.0,21000000.0,126080.0,67.81,-1517.76821005813,-2.14647,"Smart Contract Platform, Layer 1 (L1), FTX Holdings, Proof of Work (PoW), Bitcoin Ecosystem, GMCI 30 Index, GMCI Index, Coinbase 50 Index"
2025-03-23 00:00:00,83793.30854192551,1662574363663.653,7771134681.982918,bitcoin,btc,Bitcoin,1,19987287.0,19987300.0,21000000.0,126080.0,67.81,-1517.76821005813,-2.14647,"Smart Contract Platform, Layer 1 (L1), FTX Holdings, Proof of Work (PoW), Bitcoin Ecosystem, GMCI 30 Index, GMCI Index, Coinbase 50 Index"
2025-03-24 00:00:00,85787.70914901773,1702009594329.4495,12617587530.619724,bitcoin,btc,Bitcoin,1,19987287.0,19987300.0,21000000.0,126080.0,67.81,-1517.76821005813,-2.14647,"Smart Contract Platform, Layer 1 (L1), FTX Holdings, Proof of Work (PoW), Bitcoin Ecosystem, GMCI 30 Index, GMCI Index, Coinbase 50 Index"
2025-03-25 00:00:00,87327.72969669085,1732715331970.134,27270889835.1835,bitcoin,btc,Bitcoin,1,19987287.0,19987300.0,21000000.0,126080.0,67.81,-1517.76821005813,-2.14647,"Smart Contract Platform, Layer 1 (L1), FTX Holdings, Proof of Work (PoW), Bitcoin Ecosystem, GMCI 30 Index, GMCI Index, Coinbase 50 Index"
2025-03-26 00:00:00,87520.58391530563,1735368473904.4885,30351832942.705593,bitcoin,btc,Bitcoin,1,19987287.0,19987300.0,21000000.0,126080.0,67.81,-1517.76821005813,-2.14647,"Smart Contract Platform, Layer 1 (L1), FTX Holdings, Proof of Work (PoW), Bitcoin Ecosystem, GMCI 30 Index, GMCI Index, Coinbase 50 Index"
2025-03-27 00:00:00,86960.8555491039,1724854479045.6724,25522877558.700558,bitcoin,btc,Bitcoin,1,19987287.0,19987300.0,21000000.0,126080.0,67.81,-1517.76821005813,-2.14647,"Smart Contract Platform, Layer 1 (L1), FTX Holdings, Proof of Work (PoW), Bitcoin Ecosystem, GMCI 30 Index, GMCI Index, Coinbase 50 Index"
2025-03-28 00:00:00,87227.27158032371,1729729987159.4822,24620445368.489468,bitcoin,btc,Bitcoin,1,19987287.0,19987300.0,21000000.0,126080.0,67.81,-1517.76821005813,-2.14647,"Smart Contract Platform, Layer 1 (L1), FTX Holdings, Proof of Work (PoW), Bitcoin Ecosystem, GMCI 30 Index, GMCI Index, Coinbase 50 Index"
2025-03-29 00:00:00,84359.46915506005,1673182800974.1038,31674486232.097313,bitcoin,btc,Bitcoin,1,19987287.0,19987300.0,21000000.0,126080.0,67.81,-1517.76821005813,-2.14647,"Smart Contract Platform, Layer 1 (L1), FTX Holdings, Proof of Work (PoW), Bitcoin Ecosystem, GMCI 30 Index, GMCI Index, Coinbase 50 Index"
2025-03-30 00:00:00,82679.17255385047,1640665503855.1438,16837439419.924389,bitcoin,btc,Bitcoin,1,19987287.0,19987300.0,21000000.0,126080.0,67.81,-1517.76821005813,-2.14647,"Smart Contract Platform, Layer 1 (L1), FTX Holdings, Proof of Work (PoW), Bitcoin Ecosystem, GMCI 30 Index, GMCI Index, Coinbase 50 Index"
2025-03-31 00:00:00,82356.38111183756,1633996304187.2593,13428975108.070734,bitcoin,btc,Bitcoin,1,19987287.0,19987300.0,21000000.0,126080.0,67.81,-1517.76821005813,-2.14647,"Smart Contract Platform, Layer 1 (L1), FTX Holdings, Proof of Work (PoW), Bitcoin Ecosystem, GMCI 30 Index, GMCI Index, Coinbase 50 Index"
2025-04-01 00:00:00,82514.09365397849,1635076581047.3545,30326148749.91535,bitcoin,btc,Bitcoin,1,19987287.0,19987300.0,21000000.0,126080.0,67.81,-1517.76821005813,-2.14647,"Smart Contract Platform, Layer 1 (L1), FTX Holdings, Proof of Work (PoW), Bitcoin Ecosystem, GMCI 30 Index, GMCI Index, Coinbase 50 Index"
2025-04-02 00:00:00,85237.5876052852,1690602036035.04,29172899851.734768,bitcoin,btc,Bitcoin,1,19987287.0,19987300.0,21000000.0,126080.0,67.81,-1517.76821005813,-2.14647,"Smart Contract Platform, Layer 1 (L1), FTX Holdings, Proof of Work (PoW), Bitcoin Ecosystem, GMCI 30 Index, GMCI Index, Coinbase 50 Index"
2025-04-03 00:00:00,82526.4221526433,1637358764747.381,46332905657.77597,bitcoin,btc,Bitcoin,1,19987287.0,19987300.0,21000000.0,126080.0,67.81,-1517.76821005813,-2.14647,"Smart Contract Platform, Layer 1 (L1), FTX Holdings, Proof of Work (PoW), Bitcoin Ecosystem, GMCI 30 Index, GMCI Index, Coinbase 50 Index"
2025-04-04 00:00:00,83163.98757387721,1652537223074.958,36594464539.14662,bitcoin,btc,Bitcoin,1,19987287.0,19987300.0,21000000.0,126080.0,67.81,-1517.76821005813,-2.14647,"Smart Contract Platform, Layer 1 (L1), FTX Holdings, Proof of Work (PoW), Bitcoin Ecosystem, GMCI 30 Index, GMCI Index, Coinbase 50 Index"
2025-04-05 00:00:00,83852.00765399594,1664234880198.049,35647289400.47406,bitcoin,btc,Bitcoin,1,19987287.0,19987300.0,21000000.0,126080.0,67.81,-1517.76821005813,-2.14647,"Smart Contract Platform, Layer 1 (L1), FTX Holdings, Proof of Work (PoW), Bitcoin Ecosystem, GMCI 30 Index, GMCI Index, Coinbase 50 Index"
2025-04-06 00:00:00,83595.88550177493,1656020067997.187,14910400035.531416,bitcoin,btc,Bitcoin,1,19987287.0,19987300.0,21000000.0,126080.0,67.81,-1517.76821005813,-2.14647,"Smart Contract Platform, Layer 1 (L1), FTX Holdings, Proof of Work (PoW), Bitcoin Ecosystem, GMCI 30 Index, GMCI Index, Coinbase 50 Index"
2025-04-07 00:00:00,78211.48358199988,1555325260787.2627,36140377231.68329,bitcoin,btc,Bitcoin,1,19987287.0,19987300.0,21000000.0,126080.0,67.81,-1517.76821005813,-2.14647,"Smart Contract Platform, Layer 1 (L1), FTX Holdings, Proof of Work (PoW), Bitcoin Ecosystem, GMCI 30 Index, GMCI Index, Coinbase 50 Index"
2025-04-08 00:00:00,79179.29226757778,1581407565278.352,82909748172.59216,bitcoin,btc,Bitcoin,1,19987287.0,19987300.0,21000000.0,126080.0,67.81,-1517.76821005813,-2.14647,"Smart Contract Platform, Layer 1 (L1), FTX Holdings, Proof of Work (PoW), Bitcoin Ecosystem, GMCI 30 Index, GMCI Index, Coinbase 50 Index"
2025-04-09 00:00:00,76329.090356324,1515042499757.3254,47812787635.22632,bitcoin,btc,Bitcoin,1,19987287.0,19987300.0,21000000.0,126080.0,67.81,-1517.76821005813,-2.14647,"Smart Contract Platform, Layer 1 (L1), FTX Holdings, Proof of Work (PoW), Bitcoin Ecosystem, GMCI 30 Index, GMCI Index, Coinbase 50 Index"
2025-04-10 00:00:00,82622.17029546302,1640567909122.172,87408220482.11568,bitcoin,btc,Bitcoin,1,19987287.0,19987300.0,21000000.0,126080.0,67.81,-1517.76821005813,-2.14647,"Smart Contract Platform, Layer 1 (L1), FTX Holdings, Proof of Work (PoW), Bitcoin Ecosystem, GMCI 30 Index, GMCI Index, Coinbase 50 Index"
2025-04-11 00:00:00,79596.35732250768,1580023209138.0547,41213520154.25157,bitcoin,btc,Bitcoin,1,19987287.0,19987300.0,21000000.0,126080.0,67.81,-1517.76821005813,-2.14647,"Smart Contract Platform, Layer 1 (L1), FTX Holdings, Proof of Work (PoW), Bitcoin Ecosystem, GMCI 30 Index, GMCI Index, Coinbase 50 Index"
2025-04-12 00:00:00,83439.28818043756,1655868880454.1702,39813566443.76779,bitcoin,btc,Bitcoin,1,19987287.0,19987300.0,21000000.0,126080.0,67.81,-1517.76821005813,-2.14647,"Smart Contract Platform, Layer 1 (L1), FTX Holdings, Proof of Work (PoW), Bitcoin Ecosystem, GMCI 30 Index, GMCI Index, Coinbase 50 Index"
2025-04-13 00:00:00,85305.09728392666,1693600655371.0874,22428929482.069122,bitcoin,btc,Bitcoin,1,19987287.0,19987300.0,21000000.0,126080.0,67.81,-1517.76821005813,-2.14647,"Smart Contract Platform, Layer 1 (L1), FTX Holdings, Proof of Work (PoW), Bitcoin Ecosystem, GMCI 30 Index, GMCI Index, Coinbase 50 Index"
2025-04-14 00:00:00,83600.82010054543,1658923208081.8682,28731125717.934357,bitcoin,btc,Bitcoin,1,19987287.0,19987300.0,21000000.0,126080.0,67.81,-1517.76821005813,-2.14647,"Smart Contract Platform, Layer 1 (L1), FTX Holdings, Proof of Work (PoW), Bitcoin Ecosystem, GMCI 30 Index, GMCI Index, Coinbase 50 Index"
2025-04-15 00:00:00,84523.4524914945,1677843510120.269,33155578229.343513,bitcoin,btc,Bitcoin,1,19987287.0,19987300.0,21000000.0,126080.0,67.81,-1517.76821005813,-2.14647,"Smart Contract Platform, Layer 1 (L1), FTX Holdings, Proof of Work (PoW), Bitcoin Ecosystem, GMCI 30 Index, GMCI Index, Coinbase 50 Index"
2025-04-16 00:00:00,83656.49248858042,1660749023283.0562,25084671427.622566,bitcoin,btc,Bitcoin,1,19987287.0,19987300.0,21000000.0,126080.0,67.81,-1517.76821005813,-2.14647,"Smart Contract Platform, Layer 1 (L1), FTX Holdings, Proof of Work (PoW), Bitcoin Ecosystem, GMCI 30 Index, GMCI Index, Coinbase 50 Index"
2025-04-17 00:00:00,84105.77942167096,1670497569762.047,26948109141.803364,bitcoin,btc,Bitcoin,1,19987287.0,19987300.0,21000000.0,126080.0,67.81,-1517.76821005813,-2.14647,"Smart Contract Platform, Layer 1 (L1), FTX Holdings, Proof of Work (PoW), Bitcoin Ecosystem, GMCI 30 Index, GMCI Index, Coinbase 50 Index"
2025-04-18 00:00:00,84930.90857600998,1686226810049.1836,19323821375.14309,bitcoin,btc,Bitcoin,1,19987287.0,19987300.0,21000000.0,126080.0,67.81,-1517.76821005813,-2.14647,"Smart Contract Platform, Layer 1 (L1), FTX Holdings, Proof of Work (PoW), Bitcoin Ecosystem, GMCI 30 Index, GMCI Index, Coinbase 50 Index"
2025-04-19 00:00:00,84433.75017215389,1676373197914.5117,9550691272.782005,bitcoin,btc,Bitcoin,1,19987287.0,19987300.0,21000000.0,126080.0,67.81,-1517.76821005813,-2.14647,"Smart Contract Platform, Layer 1 (L1), FTX Holdings, Proof of Work (PoW), Bitcoin Ecosystem, GMCI 30 Index, GMCI Index, Coinbase 50 Index"
2025-04-20 00:00:00,85126.66244301842,1690090596771.3958,12635983530.804455,bitcoin,btc,Bitcoin,1,19987287.0,19987300.0,21000000.0,126080.0,67.81,-1517.76821005813,-2.14647,"Smart Contract Platform, Layer 1 (L1), FTX Holdings, Proof of Work (PoW), Bitcoin Ecosystem, GMCI 30 Index, GMCI Index, Coinbase 50 Index"
2025-04-21 00:00:00,85073.16544858096,1689008667806.3804,12625843856.313684,bitcoin,btc,Bitcoin,1,19987287.0,19987300.0,21000000.0,126080.0,67.81,-1517.76821005813,-2.14647,"Smart Contract Platform, Layer 1 (L1), FTX Holdings, Proof of Work (PoW), Bitcoin Ecosystem, GMCI 30 Index, GMCI Index, Coinbase 50 Index"
2025-04-22 00:00:00,87452.04699068287,1735703747771.06,40070025414.28289,bitcoin,btc,Bitcoin,1,19987287.0,19987300.0,21000000.0,126080.0,67.81,-1517.76821005813,-2.14647,"Smart Contract Platform, Layer 1 (L1), FTX Holdings, Proof of Work (PoW), Bitcoin Ecosystem, GMCI 30 Index, GMCI Index, Coinbase 50 Index"
2025-04-23 00:00:00,93576.16588573981,1858587811717.8286,53841992235.36636,bitcoin,btc,Bitcoin,1,19987287.0,19987300.0,21000000.0,126080.0,67.81,-1517.76821005813,-2.14647,"Smart Contract Platform, Layer 1 (L1), FTX Holdings, Proof of Work (PoW), Bitcoin Ecosystem, GMCI 30 Index, GMCI Index, Coinbase 50 Index"
2025-04-24 00:00:00,93605.45230873208,1858660302322.256,39901515879.65954,bitcoin,btc,Bitcoin,1,19987287.0,19987300.0,21000000.0,126080.0,67.81,-1517.76821005813,-2.14647,"Smart Contract Platform, Layer 1 (L1), FTX Holdings, Proof of Work (PoW), Bitcoin Ecosystem, GMCI 30 Index, GMCI Index, Coinbase 50 Index"
2025-04-25 00:00:00,93872.81422867288,1864298110563.3408,30031246761.093452,bitcoin,btc,Bitcoin,1,19987287.0,19987300.0,21000000.0,126080.0,67.81,-1517.76821005813,-2.14647,"Smart Contract Platform, Layer 1 (L1), FTX Holdings, Proof of Work (PoW), Bitcoin Ecosystem, GMCI 30 Index, GMCI Index, Coinbase 50 Index"
2025-04-26 00:00:00,94773.11200643536,1882121595175.8462,39336184715.04292,bitcoin,btc,Bitcoin,1,19987287.0,19987300.0,21000000.0,126080.0,67.81,-1517.76821005813,-2.14647,"Smart Contract Platform, Layer 1 (L1), FTX Holdings, Proof of Work (PoW), Bitcoin Ecosystem, GMCI 30 Index, GMCI Index, Coinbase 50 Index"
2025-04-27 00:00:00,94644.06637120107,1879131951239.1846,15445392739.787264,bitcoin,btc,Bitcoin,1,19987287.0,19987300.0,21000000.0,126080.0,67.81,-1517.76821005813,-2.14647,"Smart Contract Platform, Layer 1 (L1), FTX Holdings, Proof of Work (PoW), Bitcoin Ecosystem, GMCI 30 Index, GMCI Index, Coinbase 50 Index"
2025-04-28 00:00:00,93809.33781968223,1862772247122.064,15926259371.057959,bitcoin,btc,Bitcoin,1,19987287.0,19987300.0,21000000.0,126080.0,67.81,-1517.76821005813,-2.14647,"Smart Contract Platform, Layer 1 (L1), FTX Holdings, Proof of Work (PoW), Bitcoin Ecosystem, GMCI 30 Index, GMCI Index, Coinbase 50 Index"
2025-04-29 00:00:00,95030.60645474444,1887067388174.3481,31913814736.53902,bitcoin,btc,Bitcoin,1,19987287.0,19987300.0,21000000.0,126080.0,67.81,-1517.76821005813,-2.14647,"Smart Contract Platform, Layer 1 (L1), FTX Holdings, Proof of Work (PoW), Bitcoin Ecosystem, GMCI 30 Index, GMCI Index, Coinbase 50 Index"
2025-04-30 00:00:00,94256.35946318062,1870818389258.4038,25882629766.278946,bitcoin,btc,Bitcoin,1,19987287.0,19987300.0,21000000.0,126080.0,67.81,-1517.76821005813,-2.14647,"Smart Contract Platform, Layer 1 (L1), FTX Holdings, Proof of Work (PoW), Bitcoin Ecosystem, GMCI 30 Index, GMCI Index, Coinbase 50 Index"
2025-05-01 00:00:00,94235.75331048167,1871350362569.0933,26541700309.366146,bitcoin,btc,Bitcoin,1,19987287.0,19987300.0,21000000.0,126080.0,67.81,-1517.76821005813,-2.14647,"Smart Contract Platform, Layer 1 (L1), FTX Holdings, Proof of Work (PoW), Bitcoin Ecosystem, GMCI 30 Index, GMCI Index, Coinbase 50 Index"
2025-05-02 00:00:00,96426.94522273027,1914884389769.3945,30207566405.468834,bitcoin,btc,Bitcoin,1,19987287.0,19987300.0,21000000.0,126080.0,67.81,-1517.76821005813,-2.14647,"Smart Contract Platform, Layer 1 (L1), FTX Holdings, Proof of Work (PoW), Bitcoin Ecosystem, GMCI 30 Index, GMCI Index, Coinbase 50 Index"
2025-05-03 00:00:00,96855.5681343944,1923251765866.1472,23276376191.483967,bitcoin,btc,Bitcoin,1,19987287.0,19987300.0,21000000.0,126080.0,67.81,-1517.76821005813,-2.14647,"Smart Contract Platform, Layer 1 (L1), FTX Holdings, Proof of Work (PoW), Bitcoin Ecosystem, GMCI 30 Index, GMCI Index, Coinbase 50 Index"
2025-05-04 00:00:00,95922.86842404422,1904894886394.57,13797554863.642815,bitcoin,btc,Bitcoin,1,19987287.0,19987300.0,21000000.0,126080.0,67.81,-1517.76821005813,-2.14647,"Smart Contract Platform, Layer 1 (L1), FTX Holdings, Proof of Work (PoW), Bitcoin Ecosystem, GMCI 30 Index, GMCI Index, Coinbase 50 Index"
2025-05-05 00:00:00,94326.62048529249,1872812442453.0322,14903122945.616686,bitcoin,btc,Bitcoin,1,19987287.0,19987300.0,21000000.0,126080.0,67.81,-1517.76821005813,-2.14647,"Smart Contract Platform, Layer 1 (L1), FTX Holdings, Proof of Work (PoW), Bitcoin Ecosystem, GMCI 30 Index, GMCI Index, Coinbase 50 Index"
2025-05-06 00:00:00,94758.8237105546,1882511286487.958,24086456278.203846,bitcoin,btc,Bitcoin,1,19987287.0,19987300.0,21000000.0,126080.0,67.81,-1517.76821005813,-2.14647,"Smart Contract Platform, Layer 1 (L1), FTX Holdings, Proof of Work (PoW), Bitcoin Ecosystem, GMCI 30 Index, GMCI Index, Coinbase 50 Index"
2025-05-07 00:00:00,96854.53198815876,1923643840814.599,23348052607.071873,bitcoin,btc,Bitcoin,1,19987287.0,19987300.0,21000000.0,126080.0,67.81,-1517.76821005813,-2.14647,"Smart Contract Platform, Layer 1 (L1), FTX Holdings, Proof of Work (PoW), Bitcoin Ecosystem, GMCI 30 Index, GMCI Index, Coinbase 50 Index"
2025-05-08 00:00:00,97026.49376966801,1927134557858.269,64376174032.08048,bitcoin,btc,Bitcoin,1,19987287.0,19987300.0,21000000.0,126080.0,67.81,-1517.76821005813,-2.14647,"Smart Contract Platform, Layer 1 (L1), FTX Holdings, Proof of Work (PoW), Bitcoin Ecosystem, GMCI 30 Index, GMCI Index, Coinbase 50 Index"
2025-05-09 00:00:00,103076.27555512934,2047883753852.6929,50020047720.65604,bitcoin,btc,Bitcoin,1,19987287.0,19987300.0,21000000.0,126080.0,67.81,-1517.76821005813,-2.14647,"Smart Contract Platform, Layer 1 (L1), FTX Holdings, Proof of Work (PoW), Bitcoin Ecosystem, GMCI 30 Index, GMCI Index, Coinbase 50 Index"
2025-05-10 00:00:00,102962.54045692299,2045046445523.5242,40800894903.23446,bitcoin,btc,Bitcoin,1,19987287.0,19987300.0,21000000.0,126080.0,67.81,-1517.76821005813,-2.14647,"Smart Contract Platform, Layer 1 (L1), FTX Holdings, Proof of Work (PoW), Bitcoin Ecosystem, GMCI 30 Index, GMCI Index, Coinbase 50 Index"
2025-05-11 00:00:00,104630.8792994166,2077132539531.3464,21558992540.042442,bitcoin,btc,Bitcoin,1,19987287.0,19987300.0,21000000.0,126080.0,67.81,-1517.76821005813,-2.14647,"Smart Contract Platform, Layer 1 (L1), FTX Holdings, Proof of Work (PoW), Bitcoin Ecosystem, GMCI 30 Index, GMCI Index, Coinbase 50 Index"
2025-05-12 00:00:00,103994.061616746,2065659960471.3655,27389436049.454792,bitcoin,btc,Bitcoin,1,19987287.0,19987300.0,21000000.0,126080.0,67.81,-1517.76821005813,-2.14647,"Smart Contract Platform, Layer 1 (L1), FTX Holdings, Proof of Work (PoW), Bitcoin Ecosystem, GMCI 30 Index, GMCI Index, Coinbase 50 Index"
2025-05-13 00:00:00,102876.8304286011,2044347271866.1707,43090605819.36596,bitcoin,btc,Bitcoin,1,19987287.0,19987300.0,21000000.0,126080.0,67.81,-1517.76821005813,-2.14647,"Smart Contract Platform, Layer 1 (L1), FTX Holdings, Proof of Work (PoW), Bitcoin Ecosystem, GMCI 30 Index, GMCI Index, Coinbase 50 Index"
2025-05-14 00:00:00,104184.49039270742,2069356072124.024,33861432519.50822,bitcoin,btc,Bitcoin,1,19987287.0,19987300.0,21000000.0,126080.0,67.81,-1517.76821005813,-2.14647,"Smart Contract Platform, Layer 1 (L1), FTX Holdings, Proof of Work (PoW), Bitcoin Ecosystem, GMCI 30 Index, GMCI Index, Coinbase 50 Index"
2025-05-15 00:00:00,103594.42575090709,2057798367292.5637,28398245846.798244,bitcoin,btc,Bitcoin,1,19987287.0,19987300.0,21000000.0,126080.0,67.81,-1517.76821005813,-2.14647,"Smart Contract Platform, Layer 1 (L1), FTX Holdings, Proof of Work (PoW), Bitcoin Ecosystem, GMCI 30 Index, GMCI Index, Coinbase 50 Index"
2025-05-16 00:00:00,103708.85136423641,2060142559914.034,31823340473.339912,bitcoin,btc,Bitcoin,1,19987287.0,19987300.0,21000000.0,126080.0,67.81,-1517.76821005813,-2.14647,"Smart Contract Platform, Layer 1 (L1), FTX Holdings, Proof of Work (PoW), Bitcoin Ecosystem, GMCI 30 Index, GMCI Index, Coinbase 50 Index"
2025-05-17 00:00:00,103556.03493982446,2057725640290.0767,25887953182.14765,bitcoin,btc,Bitcoin,1,19987287.0,19987300.0,21000000.0,126080.0,67.81,-1517.76821005813,-2.14647,"Smart Contract Platform, Layer 1 (L1), FTX Holdings, Proof of Work (PoW), Bitcoin Ecosystem, GMCI 30 Index, GMCI Index, Coinbase 50 Index"
2025-05-18 00:00:00,103212.36483885496,2050318521477.805,18950056010.479057,bitcoin,btc,Bitcoin,1,19987287.0,19987300.0,21000000.0,126080.0,67.81,-1517.76821005813,-2.14647,"Smart Contract Platform, Layer 1 (L1), FTX Holdings, Proof of Work (PoW), Bitcoin Ecosystem, GMCI 30 Index, GMCI Index, Coinbase 50 Index"
2025-05-19 00:00:00,106030.6376831359,2104889720872.8306,30744060179.802963,bitcoin,btc,Bitcoin,1,19987287.0,19987300.0,21000000.0,126080.0,67.81,-1517.76821005813,-2.14647,"Smart Contract Platform, Layer 1 (L1), FTX Holdings, Proof of Work (PoW), Bitcoin Ecosystem, GMCI 30 Index, GMCI Index, Coinbase 50 Index"
2025-05-20 00:00:00,105629.41580436694,2098485415895.0496,43339734153.75087,bitcoin,btc,Bitcoin,1,19987287.0,19987300.0,21000000.0,126080.0,67.81,-1517.76821005813,-2.14647,"Smart Contract Platform, Layer 1 (L1), FTX Holdings, Proof of Work (PoW), Bitcoin Ecosystem, GMCI 30 Index, GMCI Index, Coinbase 50 Index"
2025-05-21 00:00:00,106786.71995834043,2121778617273.821,36393687094.25122,bitcoin,btc,Bitcoin,1,19987287.0,19987300.0,21000000.0,126080.0,67.81,-1517.76821005813,-2.14647,"Smart Contract Platform, Layer 1 (L1), FTX Holdings, Proof of Work (PoW), Bitcoin Ecosystem, GMCI 30 Index, GMCI Index, Coinbase 50 Index"
2025-05-22 00:00:00,109665.86371625263,2178838967665.505,60722883113.84,bitcoin,btc,Bitcoin,1,19987287.0,19987300.0,21000000.0,126080.0,67.81,-1517.76821005813,-2.14647,"Smart Contract Platform, Layer 1 (L1), FTX Holdings, Proof of Work (PoW), Bitcoin Ecosystem, GMCI 30 Index, GMCI Index, Coinbase 50 Index"
2025-05-23 00:00:00,111560.356938144,2214712145787.249,52218408239.45193,bitcoin,btc,Bitcoin,1,19987287.0,19987300.0,21000000.0,126080.0,67.81,-1517.76821005813,-2.14647,"Smart Contract Platform, Layer 1 (L1), FTX Holdings, Proof of Work (PoW), Bitcoin Ecosystem, GMCI 30 Index, GMCI Index, Coinbase 50 Index"
2025-05-24 00:00:00,107216.66856870624,2131595896624.4407,49251745837.96465,bitcoin,btc,Bitcoin,1,19987287.0,19987300.0,21000000.0,126080.0,67.81,-1517.76821005813,-2.14647,"Smart Contract Platform, Layer 1 (L1), FTX Holdings, Proof of Work (PoW), Bitcoin Ecosystem, GMCI 30 Index, GMCI Index, Coinbase 50 Index"
2025-05-25 00:00:00,107831.36374380375,2142540077685.2197,27128230116.517162,bitcoin,btc,Bitcoin,1,19987287.0,19987300.0,21000000.0,126080.0,67.81,-1517.76821005813,-2.14647,"Smart Contract Platform, Layer 1 (L1), FTX Holdings, Proof of Work (PoW), Bitcoin Ecosystem, GMCI 30 Index, GMCI Index, Coinbase 50 Index"
2025-05-26 00:00:00,108861.81037744327,2163072841533.6133,29652659665.048733,bitcoin,btc,Bitcoin,1,19987287.0,19987300.0,21000000.0,126080.0,67.81,-1517.76821005813,-2.14647,"Smart Contract Platform, Layer 1 (L1), FTX Holdings, Proof of Work (PoW), Bitcoin Ecosystem, GMCI 30 Index, GMCI Index, Coinbase 50 Index"
2025-05-27 00:00:00,109377.71513263129,2173059855839.4187,27950577137.918888,bitcoin,btc,Bitcoin,1,19987287.0,19987300.0,21000000.0,126080.0,67.81,-1517.76821005813,-2.14647,"Smart Contract Platform, Layer 1 (L1), FTX Holdings, Proof of Work (PoW), Bitcoin Ecosystem, GMCI 30 Index, GMCI Index, Coinbase 50 Index"
2025-05-28 00:00:00,109068.45694901445,2167551887130.0073,38978783508.88622,bitcoin,btc,Bitcoin,1,19987287.0,19987300.0,21000000.0,126080.0,67.81,-1517.76821005813,-2.14647,"Smart Contract Platform, Layer 1 (L1), FTX Holdings, Proof of Work (PoW), Bitcoin Ecosystem, GMCI 30 Index, GMCI Index, Coinbase 50 Index"
2025-05-29 00:00:00,107838.18431100152,2143342706888.307,29794278037.284946,bitcoin,btc,Bitcoin,1,19987287.0,19987300.0,21000000.0,126080.0,67.81,-1517.76821005813,-2.14647,"Smart Contract Platform, Layer 1 (L1), FTX Holdings, Proof of Work (PoW), Bitcoin Ecosystem, GMCI 30 Index, GMCI Index, Coinbase 50 Index"
2025-05-30 00:00:00,105745.41660358038,2101348752694.3137,38279231892.56757,bitcoin,btc,Bitcoin,1,19987287.0,19987300.0,21000000.0,126080.0,67.81,-1517.76821005813,-2.14647,"Smart Contract Platform, Layer 1 (L1), FTX Holdings, Proof of Work (PoW), Bitcoin Ecosystem, GMCI 30 Index, GMCI Index, Coinbase 50 Index"
2025-05-31 00:00:00,104010.91956242644,2066830946978.0637,39680060337.610214,bitcoin,btc,Bitcoin,1,19987287.0,19987300.0,21000000.0,126080.0,67.81,-1517.76821005813,-2.14647,"Smart Contract Platform, Layer 1 (L1), FTX Holdings, Proof of Work (PoW), Bitcoin Ecosystem, GMCI 30 Index, GMCI Index, Coinbase 50 Index"
2025-06-01 00:00:00,104687.50742934884,2080467809295.7695,20432694555.09522,bitcoin,btc,Bitcoin,1,19987287.0,19987300.0,21000000.0,126080.0,67.81,-1517.76821005813,-2.14647,"Smart Contract Platform, Layer 1 (L1), FTX Holdings, Proof of Work (PoW), Bitcoin Ecosystem, GMCI 30 Index, GMCI Index, Coinbase 50 Index"
2025-06-02 00:00:00,105710.00593822816,2101178071590.9749,17721500507.53389,bitcoin,btc,Bitcoin,1,19987287.0,19987300.0,21000000.0,126080.0,67.81,-1517.76821005813,-2.14647,"Smart Contract Platform, Layer 1 (L1), FTX Holdings, Proof of Work (PoW), Bitcoin Ecosystem, GMCI 30 Index, GMCI Index, Coinbase 50 Index"
2025-06-03 00:00:00,105884.74263221149,2104229403094.936,26313843058.73954,bitcoin,btc,Bitcoin,1,19987287.0,19987300.0,21000000.0,126080.0,67.81,-1517.76821005813,-2.14647,"Smart Contract Platform, Layer 1 (L1), FTX Holdings, Proof of Work (PoW), Bitcoin Ecosystem, GMCI 30 Index, GMCI Index, Coinbase 50 Index"
2025-06-04 00:00:00,105434.47745144971,2095294001281.4797,25925661121.080395,bitcoin,btc,Bitcoin,1,19987287.0,19987300.0,21000000.0,126080.0,67.81,-1517.76821005813,-2.14647,"Smart Contract Platform, Layer 1 (L1), FTX Holdings, Proof of Work (PoW), Bitcoin Ecosystem, GMCI 30 Index, GMCI Index, Coinbase 50 Index"
2025-06-05 00:00:00,104812.9182188067,2083148839111.2068,25812143562.797962,bitcoin,btc,Bitcoin,1,19987287.0,19987300.0,21000000.0,126080.0,67.81,-1517.76821005813,-2.14647,"Smart Contract Platform, Layer 1 (L1), FTX Holdings, Proof of Work (PoW), Bitcoin Ecosystem, GMCI 30 Index, GMCI Index, Coinbase 50 Index"
2025-06-06 00:00:00,101650.7387545425,2020294099992.3677,39711941132.0234,bitcoin,btc,Bitcoin,1,19987287.0,19987300.0,21000000.0,126080.0,67.81,-1517.76821005813,-2.14647,"Smart Contract Platform, Layer 1 (L1), FTX Holdings, Proof of Work (PoW), Bitcoin Ecosystem, GMCI 30 Index, GMCI Index, Coinbase 50 Index"
2025-06-07 00:00:00,104409.74967959142,2075175500201.4253,29897390978.090103,bitcoin,btc,Bitcoin,1,19987287.0,19987300.0,21000000.0,126080.0,67.81,-1517.76821005813,-2.14647,"Smart Contract Platform, Layer 1 (L1), FTX Holdings, Proof of Work (PoW), Bitcoin Ecosystem, GMCI 30 Index, GMCI Index, Coinbase 50 Index"
2025-06-08 00:00:00,105681.4546141758,2100553336902.5076,17749731308.73042,bitcoin,btc,Bitcoin,1,19987287.0,19987300.0,21000000.0,126080.0,67.81,-1517.76821005813,-2.14647,"Smart Contract Platform, Layer 1 (L1), FTX Holdings, Proof of Work (PoW), Bitcoin Ecosystem, GMCI 30 Index, GMCI Index, Coinbase 50 Index"
2025-06-09 00:00:00,105692.24740699006,2100654769399.4705,16044679696.270103,bitcoin,btc,Bitcoin,1,19987287.0,19987300.0,21000000.0,126080.0,67.81,-1517.76821005813,-2.14647,"Smart Contract Platform, Layer 1 (L1), FTX Holdings, Proof of Work (PoW), Bitcoin Ecosystem, GMCI 30 Index, GMCI Index, Coinbase 50 Index"
2025-06-10 00:00:00,110261.57485948496,2191877481230.9468,38222993297.50514,bitcoin,btc,Bitcoin,1,19987287.0,19987300.0,21000000.0,126080.0,67.81,-1517.76821005813,-2.14647,"Smart Contract Platform, Layer 1 (L1), FTX Holdings, Proof of Work (PoW), Bitcoin Ecosystem, GMCI 30 Index, GMCI Index, Coinbase 50 Index"
2025-06-11 00:00:00,110212.73252109604,2189350055406.3333,36303839182.734825,bitcoin,btc,Bitcoin,1,19987287.0,19987300.0,21000000.0,126080.0,67.81,-1517.76821005813,-2.14647,"Smart Contract Platform, Layer 1 (L1), FTX Holdings, Proof of Work (PoW), Bitcoin Ecosystem, GMCI 30 Index, GMCI Index, Coinbase 50 Index"
2025-06-12 00:00:00,108679.9760916168,2159529375273.4956,30338936631.626648,bitcoin,btc,Bitcoin,1,19987287.0,19987300.0,21000000.0,126080.0,67.81,-1517.76821005813,-2.14647,"Smart Contract Platform, Layer 1 (L1), FTX Holdings, Proof of Work (PoW), Bitcoin Ecosystem, GMCI 30 Index, GMCI Index, Coinbase 50 Index"
2025-06-13 00:00:00,105979.22902375912,2107911943768.2988,35865159511.38857,bitcoin,btc,Bitcoin,1,19987287.0,19987300.0,21000000.0,126080.0,67.81,-1517.76821005813,-2.14647,"Smart Contract Platform, Layer 1 (L1), FTX Holdings, Proof of Work (PoW), Bitcoin Ecosystem, GMCI 30 Index, GMCI Index, Coinbase 50 Index"
2025-06-14 00:00:00,106045.56440819203,2107973087547.7922,49471015505.74361,bitcoin,btc,Bitcoin,1,19987287.0,19987300.0,21000000.0,126080.0,67.81,-1517.76821005813,-2.14647,"Smart Contract Platform, Layer 1 (L1), FTX Holdings, Proof of Work (PoW), Bitcoin Ecosystem, GMCI 30 Index, GMCI Index, Coinbase 50 Index"
2025-06-15 00:00:00,105482.90611628917,2097486541223.27,17916412455.866283,bitcoin,btc,Bitcoin,1,19987287.0,19987300.0,21000000.0,126080.0,67.81,-1517.76821005813,-2.14647,"Smart Contract Platform, Layer 1 (L1), FTX Holdings, Proof of Work (PoW), Bitcoin Ecosystem, GMCI 30 Index, GMCI Index, Coinbase 50 Index"
2025-06-16 00:00:00,105554.49383061715,2098499110552.6216,16568441852.649668,bitcoin,btc,Bitcoin,1,19987287.0,19987300.0,21000000.0,126080.0,67.81,-1517.76821005813,-2.14647,"Smart Contract Platform, Layer 1 (L1), FTX Holdings, Proof of Work (PoW), Bitcoin Ecosystem, GMCI 30 Index, GMCI Index, Coinbase 50 Index"
2025-06-17 00:00:00,106951.2720181497,2127895470544.7178,32095957011.724205,bitcoin,btc,Bitcoin,1,19987287.0,19987300.0,21000000.0,126080.0,67.81,-1517.76821005813,-2.14647,"Smart Contract Platform, Layer 1 (L1), FTX Holdings, Proof of Work (PoW), Bitcoin Ecosystem, GMCI 30 Index, GMCI Index, Coinbase 50 Index"
2025-06-18 00:00:00,104683.42479835715,2080968120976.949,38603212010.889435,bitcoin,btc,Bitcoin,1,19987287.0,19987300.0,21000000.0,126080.0,67.81,-1517.76821005813,-2.14647,"Smart Contract Platform, Layer 1 (L1), FTX Holdings, Proof of Work (PoW), Bitcoin Ecosystem, GMCI 30 Index, GMCI Index, Coinbase 50 Index"
2025-06-19 00:00:00,104722.695052907,2081677732261.6853,30339326410.154945,bitcoin,btc,Bitcoin,1,19987287.0,19987300.0,21000000.0,126080.0,67.81,-1517.76821005813,-2.14647,"Smart Contract Platform, Layer 1 (L1), FTX Holdings, Proof of Work (PoW), Bitcoin Ecosystem, GMCI 30 Index, GMCI Index, Coinbase 50 Index"
2025-06-20 00:00:00,104690.65002458123,2081355279873.408,18063282658.152298,bitcoin,btc,Bitcoin,1,19987287.0,19987300.0,21000000.0,126080.0,67.81,-1517.76821005813,-2.14647,"Smart Contract Platform, Layer 1 (L1), FTX Holdings, Proof of Work (PoW), Bitcoin Ecosystem, GMCI 30 Index, GMCI Index, Coinbase 50 Index"
2025-06-21 00:00:00,103290.105144757,2054120245608.2085,30632751225.407444,bitcoin,btc,Bitcoin,1,19987287.0,19987300.0,21000000.0,126080.0,67.81,-1517.76821005813,-2.14647,"Smart Contract Platform, Layer 1 (L1), FTX Holdings, Proof of Work (PoW), Bitcoin Ecosystem, GMCI 30 Index, GMCI Index, Coinbase 50 Index"
2025-06-22 00:00:00,101532.5683847329,2017415966695.5278,21644463198.719532,bitcoin,btc,Bitcoin,1,19987287.0,19987300.0,21000000.0,126080.0,67.81,-1517.76821005813,-2.14647,"Smart Contract Platform, Layer 1 (L1), FTX Holdings, Proof of Work (PoW), Bitcoin Ecosystem, GMCI 30 Index, GMCI Index, Coinbase 50 Index"
2025-06-23 00:00:00,100852.58264648831,2005179769771.7349,51287142390.02526,bitcoin,btc,Bitcoin,1,19987287.0,19987300.0,21000000.0,126080.0,67.81,-1517.76821005813,-2.14647,"Smart Contract Platform, Layer 1 (L1), FTX Holdings, Proof of Work (PoW), Bitcoin Ecosystem, GMCI 30 Index, GMCI Index, Coinbase 50 Index"
2025-06-24 00:00:00,105511.62437933135,2097741233586.5918,50011797128.6837,bitcoin,btc,Bitcoin,1,19987287.0,19987300.0,21000000.0,126080.0,67.81,-1517.76821005813,-2.14647,"Smart Contract Platform, Layer 1 (L1), FTX Holdings, Proof of Work (PoW), Bitcoin Ecosystem, GMCI 30 Index, GMCI Index, Coinbase 50 Index"
2025-06-25 00:00:00,105976.06929808448,2107110352429.8032,31704641076.941063,bitcoin,btc,Bitcoin,1,19987287.0,19987300.0,21000000.0,126080.0,67.81,-1517.76821005813,-2.14647,"Smart Contract Platform, Layer 1 (L1), FTX Holdings, Proof of Work (PoW), Bitcoin Ecosystem, GMCI 30 Index, GMCI Index, Coinbase 50 Index"
2025-06-26 00:00:00,107238.53045016268,2132141147369.0017,30468274982.034847,bitcoin,btc,Bitcoin,1,19987287.0,19987300.0,21000000.0,126080.0,67.81,-1517.76821005813,-2.14647,"Smart Contract Platform, Layer 1 (L1), FTX Holdings, Proof of Work (PoW), Bitcoin Ecosystem, GMCI 30 Index, GMCI Index, Coinbase 50 Index"
2025-06-27 00:00:00,106984.01253775663,2127292099754.93,24320699663.15122,bitcoin,btc,Bitcoin,1,19987287.0,19987300.0,21000000.0,126080.0,67.81,-1517.76821005813,-2.14647,"Smart Contract Platform, Layer 1 (L1), FTX Holdings, Proof of Work (PoW), Bitcoin Ecosystem, GMCI 30 Index, GMCI Index, Coinbase 50 Index"
2025-06-28 00:00:00,107078.91560644074,2129020567385.9595,25194306261.888832,bitcoin,btc,Bitcoin,1,19987287.0,19987300.0,21000000.0,126080.0,67.81,-1517.76821005813,-2.14647,"Smart Contract Platform, Layer 1 (L1), FTX Holdings, Proof of Work (PoW), Bitcoin Ecosystem, GMCI 30 Index, GMCI Index, Coinbase 50 Index"
2025-06-29 00:00:00,107331.58548463577,2134239999929.6584,8960877693.57604,bitcoin,btc,Bitcoin,1,19987287.0,19987300.0,21000000.0,126080.0,67.81,-1517.76821005813,-2.14647,"Smart Contract Platform, Layer 1 (L1), FTX Holdings, Proof of Work (PoW), Bitcoin Ecosystem, GMCI 30 Index, GMCI Index, Coinbase 50 Index"
2025-06-30 00:00:00,108396.61631317894,2155183166489.813,14881078675.366829,bitcoin,btc,Bitcoin,1,19987287.0,19987300.0,21000000.0,126080.0,67.81,-1517.76821005813,-2.14647,"Smart Contract Platform, Layer 1 (L1), FTX Holdings, Proof of Work (PoW), Bitcoin Ecosystem, GMCI 30 Index, GMCI Index, Coinbase 50 Index"
2025-07-01 00:00:00,107132.79910701896,2130471589191.581,22489515582.41552,bitcoin,btc,Bitcoin,1,19987287.0,19987300.0,21000000.0,126080.0,67.81,-1517.76821005813,-2.14647,"Smart Contract Platform, Layer 1 (L1), FTX Holdings, Proof of Work (PoW), Bitcoin Ecosystem, GMCI 30 Index, GMCI Index, Coinbase 50 Index"
2025-07-02 00:00:00,105613.39974163055,2100087563077.9324,25033160828.30909,bitcoin,btc,Bitcoin,1,19987287.0,19987300.0,21000000.0,126080.0,67.81,-1517.76821005813,-2.14647,"Smart Contract Platform, Layer 1 (L1), FTX Holdings, Proof of Work (PoW), Bitcoin Ecosystem, GMCI 30 Index, GMCI Index, Coinbase 50 Index"
2025-07-03 00:00:00,108824.44423167943,2163835371770.0977,36395184773.06136,bitcoin,btc,Bitcoin,1,19987287.0,19987300.0,21000000.0,126080.0,67.81,-1517.76821005813,-2.14647,"Smart Contract Platform, Layer 1 (L1), FTX Holdings, Proof of Work (PoW), Bitcoin Ecosystem, GMCI 30 Index, GMCI Index, Coinbase 50 Index"
2025-07-04 00:00:00,109602.20483914016,2179664531219.9346,29892049537.628605,bitcoin,btc,Bitcoin,1,19987287.0,19987300.0,21000000.0,126080.0,67.81,-1517.76821005813,-2.14647,"Smart Contract Platform, Layer 1 (L1), FTX Holdings, Proof of Work (PoW), Bitcoin Ecosystem, GMCI 30 Index, GMCI Index, Coinbase 50 Index"
2025-07-05 00:00:00,108040.8919400104,2148601712907.3433,24248906784.57383,bitcoin,btc,Bitcoin,1,19987287.0,19987300.0,21000000.0,126080.0,67.81,-1517.76821005813,-2.14647,"Smart Contract Platform, Layer 1 (L1), FTX Holdings, Proof of Work (PoW), Bitcoin Ecosystem, GMCI 30 Index, GMCI Index, Coinbase 50 Index"
2025-07-06 00:00:00,108217.46849992426,2152344091389.654,10042942280.966904,bitcoin,btc,Bitcoin,1,19987287.0,19987300.0,21000000.0,126080.0,67.81,-1517.76821005813,-2.14647,"Smart Contract Platform, Layer 1 (L1), FTX Holdings, Proof of Work (PoW), Bitcoin Ecosystem, GMCI 30 Index, GMCI Index, Coinbase 50 Index"
2025-07-07 00:00:00,109215.19771840284,2171497503296.0474,14638669497.351297,bitcoin,btc,Bitcoin,1,19987287.0,19987300.0,21000000.0,126080.0,67.81,-1517.76821005813,-2.14647,"Smart Contract Platform, Layer 1 (L1), FTX Holdings, Proof of Work (PoW), Bitcoin Ecosystem, GMCI 30 Index, GMCI Index, Coinbase 50 Index"
2025-07-08 00:00:00,108300.71675785031,2153777588647.4504,25493246475.80407,bitcoin,btc,Bitcoin,1,19987287.0,19987300.0,21000000.0,126080.0,67.81,-1517.76821005813,-2.14647,"Smart Contract Platform, Layer 1 (L1), FTX Holdings, Proof of Work (PoW), Bitcoin Ecosystem, GMCI 30 Index, GMCI Index, Coinbase 50 Index"
2025-07-09 00:00:00,108953.19187727802,2167049398056.7417,20488865138.27645,bitcoin,btc,Bitcoin,1,19987287.0,19987300.0,21000000.0,126080.0,67.81,-1517.76821005813,-2.14647,"Smart Contract Platform, Layer 1 (L1), FTX Holdings, Proof of Work (PoW), Bitcoin Ecosystem, GMCI 30 Index, GMCI Index, Coinbase 50 Index"
2025-07-10 00:00:00,111327.53054245669,2215210888568.426,37078460440.66385,bitcoin,btc,Bitcoin,1,19987287.0,19987300.0,21000000.0,126080.0,67.81,-1517.76821005813,-2.14647,"Smart Contract Platform, Layer 1 (L1), FTX Holdings, Proof of Work (PoW), Bitcoin Ecosystem, GMCI 30 Index, GMCI Index, Coinbase 50 Index"
2025-07-11 00:00:00,115879.65030112496,2303292356999.7437,56204086624.04028,bitcoin,btc,Bitcoin,1,19987287.0,19987300.0,21000000.0,126080.0,67.81,-1517.76821005813,-2.14647,"Smart Contract Platform, Layer 1 (L1), FTX Holdings, Proof of Work (PoW), Bitcoin Ecosystem, GMCI 30 Index, GMCI Index, Coinbase 50 Index"
2025-07-12 00:00:00,117571.02510036016,2338612196961.7437,64185145923.88688,bitcoin,btc,Bitcoin,1,19987287.0,19987300.0,21000000.0,126080.0,67.81,-1517.76821005813,-2.14647,"Smart Contract Platform, Layer 1 (L1), FTX Holdings, Proof of Work (PoW), Bitcoin Ecosystem, GMCI 30 Index, GMCI Index, Coinbase 50 Index"
2025-07-13 00:00:00,117418.95745007684,2335485977830.673,24351256098.393543,bitcoin,btc,Bitcoin,1,19987287.0,19987300.0,21000000.0,126080.0,67.81,-1517.76821005813,-2.14647,"Smart Contract Platform, Layer 1 (L1), FTX Holdings, Proof of Work (PoW), Bitcoin Ecosystem, GMCI 30 Index, GMCI Index, Coinbase 50 Index"
2025-07-14 00:00:00,119117.55666327637,2369050366835.5605,27310851454.97692,bitcoin,btc,Bitcoin,1,19987287.0,19987300.0,21000000.0,126080.0,67.81,-1517.76821005813,-2.14647,"Smart Contract Platform, Layer 1 (L1), FTX Holdings, Proof of Work (PoW), Bitcoin Ecosystem, GMCI 30 Index, GMCI Index, Coinbase 50 Index"
2025-07-15 00:00:00,119833.67446712355,2383825813673.847,68915956378.80447,bitcoin,btc,Bitcoin,1,19987287.0,19987300.0,21000000.0,126080.0,67.81,-1517.76821005813,-2.14647,"Smart Contract Platform, Layer 1 (L1), FTX Holdings, Proof of Work (PoW), Bitcoin Ecosystem, GMCI 30 Index, GMCI Index, Coinbase 50 Index"
2025-07-16 00:00:00,117678.19493404306,2341223394839.9204,80299520980.2335,bitcoin,btc,Bitcoin,1,19987287.0,19987300.0,21000000.0,126080.0,67.81,-1517.76821005813,-2.14647,"Smart Contract Platform, Layer 1 (L1), FTX Holdings, Proof of Work (PoW), Bitcoin Ecosystem, GMCI 30 Index, GMCI Index, Coinbase 50 Index"
2025-07-17 00:00:00,118748.1627367753,2363194640209.576,50374263848.76278,bitcoin,btc,Bitcoin,1,19987287.0,19987300.0,21000000.0,126080.0,67.81,-1517.76821005813,-2.14647,"Smart Contract Platform, Layer 1 (L1), FTX Holdings, Proof of Work (PoW), Bitcoin Ecosystem, GMCI 30 Index, GMCI Index, Coinbase 50 Index"
2025-07-18 00:00:00,119445.36520434043,2376237382764.3013,49282617205.72662,bitcoin,btc,Bitcoin,1,19987287.0,19987300.0,21000000.0,126080.0,67.81,-1517.76821005813,-2.14647,"Smart Contract Platform, Layer 1 (L1), FTX Holdings, Proof of Work (PoW), Bitcoin Ecosystem, GMCI 30 Index, GMCI Index, Coinbase 50 Index"
2025-07-19 00:00:00,117988.94664455787,2347165317624.536,58896449260.69391,bitcoin,btc,Bitcoin,1,19987287.0,19987300.0,21000000.0,126080.0,67.81,-1517.76821005813,-2.14647,"Smart Contract Platform, Layer 1 (L1), FTX Holdings, Proof of Work (PoW), Bitcoin Ecosystem, GMCI 30 Index, GMCI Index, Coinbase 50 Index"
2025-07-20 00:00:00,117901.62655900871,2345398337785.541,23934511126.349533,bitcoin,btc,Bitcoin,1,19987287.0,19987300.0,21000000.0,126080.0,67.81,-1517.76821005813,-2.14647,"Smart Contract Platform, Layer 1 (L1), FTX Holdings, Proof of Work (PoW), Bitcoin Ecosystem, GMCI 30 Index, GMCI Index, Coinbase 50 Index"
2025-07-21 00:00:00,117256.9208222684,2333757287859.664,36702153882.06748,bitcoin,btc,Bitcoin,1,19987287.0,19987300.0,21000000.0,126080.0,67.81,-1517.76821005813,-2.14647,"Smart Contract Platform, Layer 1 (L1), FTX Holdings, Proof of Work (PoW), Bitcoin Ecosystem, GMCI 30 Index, GMCI Index, Coinbase 50 Index"
2025-07-22 00:00:00,117482.46977767294,2337365497467.1313,46344384345.39471,bitcoin,btc,Bitcoin,1,19987287.0,19987300.0,21000000.0,126080.0,67.81,-1517.76821005813,-2.14647,"Smart Contract Platform, Layer 1 (L1), FTX Holdings, Proof of Work (PoW), Bitcoin Ecosystem, GMCI 30 Index, GMCI Index, Coinbase 50 Index"
2025-07-23 00:00:00,119955.79570607653,2387516761560.4927,58939000420.94166,bitcoin,btc,Bitcoin,1,19987287.0,19987300.0,21000000.0,126080.0,67.81,-1517.76821005813,-2.14647,"Smart Contract Platform, Layer 1 (L1), FTX Holdings, Proof of Work (PoW), Bitcoin Ecosystem, GMCI 30 Index, GMCI Index, Coinbase 50 Index"
2025-07-24 00:00:00,118629.05588130427,2359931875300.5244,45225685167.61703,bitcoin,btc,Bitcoin,1,19987287.0,19987300.0,21000000.0,126080.0,67.81,-1517.76821005813,-2.14647,"Smart Contract Platform, Layer 1 (L1), FTX Holdings, Proof of Work (PoW), Bitcoin Ecosystem, GMCI 30 Index, GMCI Index, Coinbase 50 Index"
2025-07-25 00:00:00,118354.43517438594,2354764508342.9937,51940414419.3327,bitcoin,btc,Bitcoin,1,19987287.0,19987300.0,21000000.0,126080.0,67.81,-1517.76821005813,-2.14647,"Smart Contract Platform, Layer 1 (L1), FTX Holdings, Proof of Work (PoW), Bitcoin Ecosystem, GMCI 30 Index, GMCI Index, Coinbase 50 Index"
2025-07-26 00:00:00,117540.80837085741,2338855554998.7812,91617702596.10347,bitcoin,btc,Bitcoin,1,19987287.0,19987300.0,21000000.0,126080.0,67.81,-1517.76821005813,-2.14647,"Smart Contract Platform, Layer 1 (L1), FTX Holdings, Proof of Work (PoW), Bitcoin Ecosystem, GMCI 30 Index, GMCI Index, Coinbase 50 Index"
2025-07-27 00:00:00,117959.54234360624,2346959472845.027,25145925063.881348,bitcoin,btc,Bitcoin,1,19987287.0,19987300.0,21000000.0,126080.0,67.81,-1517.76821005813,-2.14647,"Smart Contract Platform, Layer 1 (L1), FTX Holdings, Proof of Work (PoW), Bitcoin Ecosystem, GMCI 30 Index, GMCI Index, Coinbase 50 Index"
2025-07-28 00:00:00,119418.91405141471,2376524838793.0137,30220402191.467663,bitcoin,btc,Bitcoin,1,19987287.0,19987300.0,21000000.0,126080.0,67.81,-1517.76821005813,-2.14647,"Smart Contract Platform, Layer 1 (L1), FTX Holdings, Proof of Work (PoW), Bitcoin Ecosystem, GMCI 30 Index, GMCI Index, Coinbase 50 Index"
2025-07-29 00:00:00,118003.30201607826,2349472897426.4688,43433742203.62158,bitcoin,btc,Bitcoin,1,19987287.0,19987300.0,21000000.0,126080.0,67.81,-1517.76821005813,-2.14647,"Smart Contract Platform, Layer 1 (L1), FTX Holdings, Proof of Work (PoW), Bitcoin Ecosystem, GMCI 30 Index, GMCI Index, Coinbase 50 Index"
2025-07-30 00:00:00,117853.30892863822,2345126504020.1143,42860287143.68828,bitcoin,btc,Bitcoin,1,19987287.0,19987300.0,21000000.0,126080.0,67.81,-1517.76821005813,-2.14647,"Smart Contract Platform, Layer 1 (L1), FTX Holdings, Proof of Work (PoW), Bitcoin Ecosystem, GMCI 30 Index, GMCI Index, Coinbase 50 Index"
2025-07-31 00:00:00,117833.24087995925,2343717963709.7124,43054424656.58649,bitcoin,btc,Bitcoin,1,19987287.0,19987300.0,21000000.0,126080.0,67.81,-1517.76821005813,-2.14647,"Smart Contract Platform, Layer 1 (L1), FTX Holdings, Proof of Work (PoW), Bitcoin Ecosystem, GMCI 30 Index, GMCI Index, Coinbase 50 Index"
2025-08-01 00:00:00,115700.00243915782,2302199162425.1206,45238249453.35885,bitcoin,btc,Bitcoin,1,19987287.0,19987300.0,21000000.0,126080.0,67.81,-1517.76821005813,-2.14647,"Smart Contract Platform, Layer 1 (L1), FTX Holdings, Proof of Work (PoW), Bitcoin Ecosystem, GMCI 30 Index, GMCI Index, Coinbase 50 Index"
2025-08-02 00:00:00,113234.6051343189,2253609880959.403,65794680822.25255,bitcoin,btc,Bitcoin,1,19987287.0,19987300.0,21000000.0,126080.0,67.81,-1517.76821005813,-2.14647,"Smart Contract Platform, Layer 1 (L1), FTX Holdings, Proof of Work (PoW), Bitcoin Ecosystem, GMCI 30 Index, GMCI Index, Coinbase 50 Index"
2025-08-03 00:00:00,112554.90232221723,2240413983638.112,33543439044.09785,bitcoin,btc,Bitcoin,1,19987287.0,19987300.0,21000000.0,126080.0,67.81,-1517.76821005813,-2.14647,"Smart Contract Platform, Layer 1 (L1), FTX Holdings, Proof of Work (PoW), Bitcoin Ecosystem, GMCI 30 Index, GMCI Index, Coinbase 50 Index"
2025-08-04 00:00:00,114199.10966460757,2272802075267.0376,24689273719.085533,bitcoin,btc,Bitcoin,1,19987287.0,19987300.0,21000000.0,126080.0,67.81,-1517.76821005813,-2.14647,"Smart Contract Platform, Layer 1 (L1), FTX Holdings, Proof of Work (PoW), Bitcoin Ecosystem, GMCI 30 Index, GMCI Index, Coinbase 50 Index"
2025-08-05 00:00:00,115138.68613070177,2292395156144.1514,32488023582.82734,bitcoin,btc,Bitcoin,1,19987287.0,19987300.0,21000000.0,126080.0,67.81,-1517.76821005813,-2.14647,"Smart Contract Platform, Layer 1 (L1), FTX Holdings, Proof of Work (PoW), Bitcoin Ecosystem, GMCI 30 Index, GMCI Index, Coinbase 50 Index"
2025-08-06 00:00:00,114128.35408881678,2271583255077.356,37316213251.97167,bitcoin,btc,Bitcoin,1,19987287.0,19987300.0,21000000.0,126080.0,67.81,-1517.76821005813,-2.14647,"Smart Contract Platform, Layer 1 (L1), FTX Holdings, Proof of Work (PoW), Bitcoin Ecosystem, GMCI 30 Index, GMCI Index, Coinbase 50 Index"
2025-08-07 00:00:00,115022.09576830892,2289295036528.6577,32052509631.058872,bitcoin,btc,Bitcoin,1,19987287.0,19987300.0,21000000.0,126080.0,67.81,-1517.76821005813,-2.14647,"Smart Contract Platform, Layer 1 (L1), FTX Holdings, Proof of Work (PoW), Bitcoin Ecosystem, GMCI 30 Index, GMCI Index, Coinbase 50 Index"
2025-08-08 00:00:00,117463.47451085235,2337732858703.5435,38289687095.00489,bitcoin,btc,Bitcoin,1,19987287.0,19987300.0,21000000.0,126080.0,67.81,-1517.76821005813,-2.14647,"Smart Contract Platform, Layer 1 (L1), FTX Holdings, Proof of Work (PoW), Bitcoin Ecosystem, GMCI 30 Index, GMCI Index, Coinbase 50 Index"
2025-08-09 00:00:00,116688.36663186055,2323026541073.3213,33017415812.97353,bitcoin,btc,Bitcoin,1,19987287.0,19987300.0,21000000.0,126080.0,67.81,-1517.76821005813,-2.14647,"Smart Contract Platform, Layer 1 (L1), FTX Holdings, Proof of Work (PoW), Bitcoin Ecosystem, GMCI 30 Index, GMCI Index, Coinbase 50 Index"
2025-08-10 00:00:00,116510.08393213755,2318815857401.68,27638785406.21056,bitcoin,btc,Bitcoin,1,19987287.0,19987300.0,21000000.0,126080.0,67.81,-1517.76821005813,-2.14647,"Smart Contract Platform, Layer 1 (L1), FTX Holdings, Proof of Work (PoW), Bitcoin Ecosystem, GMCI 30 Index, GMCI Index, Coinbase 50 Index"
2025-08-11 00:00:00,119266.92516880555,2374097296837.8896,37157754754.85189,bitcoin,btc,Bitcoin,1,19987287.0,19987300.0,21000000.0,126080.0,67.81,-1517.76821005813,-2.14647,"Smart Contract Platform, Layer 1 (L1), FTX Holdings, Proof of Work (PoW), Bitcoin Ecosystem, GMCI 30 Index, GMCI Index, Coinbase 50 Index"
2025-08-12 00:00:00,118773.79960860992,2364060561672.9995,61739781527.95854,bitcoin,btc,Bitcoin,1,19987287.0,19987300.0,21000000.0,126080.0,67.81,-1517.76821005813,-2.14647,"Smart Contract Platform, Layer 1 (L1), FTX Holdings, Proof of Work (PoW), Bitcoin Ecosystem, GMCI 30 Index, GMCI Index, Coinbase 50 Index"
2025-08-13 00:00:00,120202.53485503166,2392854421745.6157,46941089789.57991,bitcoin,btc,Bitcoin,1,19987287.0,19987300.0,21000000.0,126080.0,67.81,-1517.76821005813,-2.14647,"Smart Contract Platform, Layer 1 (L1), FTX Holdings, Proof of Work (PoW), Bitcoin Ecosystem, GMCI 30 Index, GMCI Index, Coinbase 50 Index"
2025-08-14 00:00:00,123560.99363577305,2458895200752.567,61818118105.53991,bitcoin,btc,Bitcoin,1,19987287.0,19987300.0,21000000.0,126080.0,67.81,-1517.76821005813,-2.14647,"Smart Contract Platform, Layer 1 (L1), FTX Holdings, Proof of Work (PoW), Bitcoin Ecosystem, GMCI 30 Index, GMCI Index, Coinbase 50 Index"
2025-08-15 00:00:00,118405.59579823953,2360043737045.272,73822008367.99681,bitcoin,btc,Bitcoin,1,19987287.0,19987300.0,21000000.0,126080.0,67.81,-1517.76821005813,-2.14647,"Smart Contract Platform, Layer 1 (L1), FTX Holdings, Proof of Work (PoW), Bitcoin Ecosystem, GMCI 30 Index, GMCI Index, Coinbase 50 Index"
2025-08-16 00:00:00,117339.79190213277,2335290383260.173,44268714220.021,bitcoin,btc,Bitcoin,1,19987287.0,19987300.0,21000000.0,126080.0,67.81,-1517.76821005813,-2.14647,"Smart Contract Platform, Layer 1 (L1), FTX Holdings, Proof of Work (PoW), Bitcoin Ecosystem, GMCI 30 Index, GMCI Index, Coinbase 50 Index"
2025-08-17 00:00:00,117501.21653394958,2339465736068.208,23202714236.542347,bitcoin,btc,Bitcoin,1,19987287.0,19987300.0,21000000.0,126080.0,67.81,-1517.76821005813,-2.14647,"Smart Contract Platform, Layer 1 (L1), FTX Holdings, Proof of Work (PoW), Bitcoin Ecosystem, GMCI 30 Index, GMCI Index, Coinbase 50 Index"
2025-08-18 00:00:00,117542.83687778088,2340648324181.828,20906566026.645443,bitcoin,btc,Bitcoin,1,19987287.0,19987300.0,21000000.0,126080.0,67.81,-1517.76821005813,-2.14647,"Smart Contract Platform, Layer 1 (L1), FTX Holdings, Proof of Work (PoW), Bitcoin Ecosystem, GMCI 30 Index, GMCI Index, Coinbase 50 Index"
2025-08-19 00:00:00,116256.41276740946,2313556987528.4634,47337926940.98573,bitcoin,btc,Bitcoin,1,19987287.0,19987300.0,21000000.0,126080.0,67.81,-1517.76821005813,-2.14647,"Smart Contract Platform, Layer 1 (L1), FTX Holdings, Proof of Work (PoW), Bitcoin Ecosystem, GMCI 30 Index, GMCI Index, Coinbase 50 Index"
2025-08-20 00:00:00,112778.34483555844,2245419916215.7417,46156885037.403885,bitcoin,btc,Bitcoin,1,19987287.0,19987300.0,21000000.0,126080.0,67.81,-1517.76821005813,-2.14647,"Smart Contract Platform, Layer 1 (L1), FTX Holdings, Proof of Work (PoW), Bitcoin Ecosystem, GMCI 30 Index, GMCI Index, Coinbase 50 Index"
2025-08-21 00:00:00,114252.39755195397,2274471285844.184,42166369117.006935,bitcoin,btc,Bitcoin,1,19987287.0,19987300.0,21000000.0,126080.0,67.81,-1517.76821005813,-2.14647,"Smart Contract Platform, Layer 1 (L1), FTX Holdings, Proof of Work (PoW), Bitcoin Ecosystem, GMCI 30 Index, GMCI Index, Coinbase 50 Index"
2025-08-22 00:00:00,112414.39987336512,2238121481749.57,32048202090.65466,bitcoin,btc,Bitcoin,1,19987287.0,19987300.0,21000000.0,126080.0,67.81,-1517.76821005813,-2.14647,"Smart Contract Platform, Layer 1 (L1), FTX Holdings, Proof of Work (PoW), Bitcoin Ecosystem, GMCI 30 Index, GMCI Index, Coinbase 50 Index"
2025-08-23 00:00:00,116834.24948202295,2326174803320.612,50878158870.82928,bitcoin,btc,Bitcoin,1,19987287.0,19987300.0,21000000.0,126080.0,67.81,-1517.76821005813,-2.14647,"Smart Contract Platform, Layer 1 (L1), FTX Holdings, Proof of Work (PoW), Bitcoin Ecosystem, GMCI 30 Index, GMCI Index, Coinbase 50 Index"
2025-08-24 00:00:00,115359.98346714744,2296786080139.701,27306719885.257973,bitcoin,btc,Bitcoin,1,19987287.0,19987300.0,21000000.0,126080.0,67.81,-1517.76821005813,-2.14647,"Smart Contract Platform, Layer 1 (L1), FTX Holdings, Proof of Work (PoW), Bitcoin Ecosystem, GMCI 30 Index, GMCI Index, Coinbase 50 Index"
2025-08-25 00:00:00,113399.54847314971,2259663171125.389,40682656776.69001,bitcoin,btc,Bitcoin,1,19987287.0,19987300.0,21000000.0,126080.0,67.81,-1517.76821005813,-2.14647,"Smart Contract Platform, Layer 1 (L1), FTX Holdings, Proof of Work (PoW), Bitcoin Ecosystem, GMCI 30 Index, GMCI Index, Coinbase 50 Index"
2025-08-26 00:00:00,110185.35443900425,2194453712375.598,52854872363.936554,bitcoin,btc,Bitcoin,1,19987287.0,19987300.0,21000000.0,126080.0,67.81,-1517.76821005813,-2.14647,"Smart Contract Platform, Layer 1 (L1), FTX Holdings, Proof of Work (PoW), Bitcoin Ecosystem, GMCI 30 Index, GMCI Index, Coinbase 50 Index"
2025-08-27 00:00:00,111842.70999260596,2227025695775.593,43023800053.0546,bitcoin,btc,Bitcoin,1,19987287.0,19987300.0,21000000.0,126080.0,67.81,-1517.76821005813,-2.14647,"Smart Contract Platform, Layer 1 (L1), FTX Holdings, Proof of Work (PoW), Bitcoin Ecosystem, GMCI 30 Index, GMCI Index, Coinbase 50 Index"
2025-08-28 00:00:00,111216.08479629169,2215255294289.9937,36957904262.995804,bitcoin,btc,Bitcoin,1,19987287.0,19987300.0,21000000.0,126080.0,67.81,-1517.76821005813,-2.14647,"Smart Contract Platform, Layer 1 (L1), FTX Holdings, Proof of Work (PoW), Bitcoin Ecosystem, GMCI 30 Index, GMCI Index, Coinbase 50 Index"
2025-08-29 00:00:00,112525.59740669793,2239422945686.892,34222495087.206894,bitcoin,btc,Bitcoin,1,19987287.0,19987300.0,21000000.0,126080.0,67.81,-1517.76821005813,-2.14647,"Smart Contract Platform, Layer 1 (L1), FTX Holdings, Proof of Work (PoW), Bitcoin Ecosystem, GMCI 30 Index, GMCI Index, Coinbase 50 Index"
2025-08-30 00:00:00,108480.30666639366,2160278651486.2852,51702115726.38959,bitcoin,btc,Bitcoin,1,19987287.0,19987300.0,21000000.0,126080.0,67.81,-1517.76821005813,-2.14647,"Smart Contract Platform, Layer 1 (L1), FTX Holdings, Proof of Work (PoW), Bitcoin Ecosystem, GMCI 30 Index, GMCI Index, Coinbase 50 Index"
2025-08-31 00:00:00,108781.95727925687,2166165747945.1812,27799981330.792213,bitcoin,btc,Bitcoin,1,19987287.0,19987300.0,21000000.0,126080.0,67.81,-1517.76821005813,-2.14647,"Smart Contract Platform, Layer 1 (L1), FTX Holdings, Proof of Work (PoW), Bitcoin Ecosystem, GMCI 30 Index, GMCI Index, Coinbase 50 Index"
2025-09-01 00:00:00,108253.36092385623,2155694976689.5986,26140904019.246822,bitcoin,btc,Bitcoin,1,19987287.0,19987300.0,21000000.0,126080.0,67.81,-1517.76821005813,-2.14647,"Smart Contract Platform, Layer 1 (L1), FTX Holdings, Proof of Work (PoW), Bitcoin Ecosystem, GMCI 30 Index, GMCI Index, Coinbase 50 Index"
2025-09-02 00:00:00,109162.68557992298,2174100506466.4321,42999610648.39302,bitcoin,btc,Bitcoin,1,19987287.0,19987300.0,21000000.0,126080.0,67.81,-1517.76821005813,-2.14647,"Smart Contract Platform, Layer 1 (L1), FTX Holdings, Proof of Work (PoW), Bitcoin Ecosystem, GMCI 30 Index, GMCI Index, Coinbase 50 Index"
2025-09-03 00:00:00,111190.18209845416,2212595221503.454,50235464642.845955,bitcoin,btc,Bitcoin,1,19987287.0,19987300.0,21000000.0,126080.0,67.81,-1517.76821005813,-2.14647,"Smart Contract Platform, Layer 1 (L1), FTX Holdings, Proof of Work (PoW), Bitcoin Ecosystem, GMCI 30 Index, GMCI Index, Coinbase 50 Index"
2025-09-04 00:00:00,111711.51977725117,2225365905592.233,36406080683.42747,bitcoin,btc,Bitcoin,1,19987287.0,19987300.0,21000000.0,126080.0,67.81,-1517.76821005813,-2.14647,"Smart Contract Platform, Layer 1 (L1), FTX Holdings, Proof of Work (PoW), Bitcoin Ecosystem, GMCI 30 Index, GMCI Index, Coinbase 50 Index"
2025-09-05 00:00:00,110724.736377486,2204051936301.3257,38708366685.43147,bitcoin,btc,Bitcoin,1,19987287.0,19987300.0,21000000.0,126080.0,67.81,-1517.76821005813,-2.14647,"Smart Contract Platform, Layer 1 (L1), FTX Holdings, Proof of Work (PoW), Bitcoin Ecosystem, GMCI 30 Index, GMCI Index, Coinbase 50 Index"
2025-09-06 00:00:00,110662.18112628513,2204045604630.5625,56020470627.40665,bitcoin,btc,Bitcoin,1,19987287.0,19987300.0,21000000.0,126080.0,67.81,-1517.76821005813,-2.14647,"Smart Contract Platform, Layer 1 (L1), FTX Holdings, Proof of Work (PoW), Bitcoin Ecosystem, GMCI 30 Index, GMCI Index, Coinbase 50 Index"
2025-09-07 00:00:00,110209.1888247784,2195288669199.568,19340758702.076332,bitcoin,btc,Bitcoin,1,19987287.0,19987300.0,21000000.0,126080.0,67.81,-1517.76821005813,-2.14647,"Smart Contract Platform, Layer 1 (L1), FTX Holdings, Proof of Work (PoW), Bitcoin Ecosystem, GMCI 30 Index, GMCI Index, Coinbase 50 Index"
2025-09-08 00:00:00,111131.9923868407,2213764479139.3647,22147049159.335133,bitcoin,btc,Bitcoin,1,19987287.0,19987300.0,21000000.0,126080.0,67.81,-1517.76821005813,-2.14647,"Smart Contract Platform, Layer 1 (L1), FTX Holdings, Proof of Work (PoW), Bitcoin Ecosystem, GMCI 30 Index, GMCI Index, Coinbase 50 Index"
2025-09-09 00:00:00,112025.12878118771,2231763512226.867,37159847899.8603,bitcoin,btc,Bitcoin,1,19987287.0,19987300.0,21000000.0,126080.0,67.81,-1517.76821005813,-2.14647,"Smart Contract Platform, Layer 1 (L1), FTX Holdings, Proof of Work (PoW), Bitcoin Ecosystem, GMCI 30 Index, GMCI Index, Coinbase 50 Index"
2025-09-10 00:00:00,111547.43956434788,2222026777598.0474,45338021458.38368,bitcoin,btc,Bitcoin,1,19987287.0,19987300.0,21000000.0,126080.0,67.81,-1517.76821005813,-2.14647,"Smart Contract Platform, Layer 1 (L1), FTX Holdings, Proof of Work (PoW), Bitcoin Ecosystem, GMCI 30 Index, GMCI Index, Coinbase 50 Index"
2025-09-11 00:00:00,113975.32489468766,2270241314652.7144,52205187155.05567,bitcoin,btc,Bitcoin,1,19987287.0,19987300.0,21000000.0,126080.0,67.81,-1517.76821005813,-2.14647,"Smart Contract Platform, Layer 1 (L1), FTX Holdings, Proof of Work (PoW), Bitcoin Ecosystem, GMCI 30 Index, GMCI Index, Coinbase 50 Index"
2025-09-12 00:00:00,115503.16663193036,2299764311655.674,43752917632.95067,bitcoin,btc,Bitcoin,1,19987287.0,19987300.0,21000000.0,126080.0,67.81,-1517.76821005813,-2.14647,"Smart Contract Platform, Layer 1 (L1), FTX Holdings, Proof of Work (PoW), Bitcoin Ecosystem, GMCI 30 Index, GMCI Index, Coinbase 50 Index"
2025-09-13 00:00:00,116160.14344594491,2314347371939.946,51192951485.864395,bitcoin,btc,Bitcoin,1,19987287.0,19987300.0,21000000.0,126080.0,67.81,-1517.76821005813,-2.14647,"Smart Contract Platform, Layer 1 (L1), FTX Holdings, Proof of Work (PoW), Bitcoin Ecosystem, GMCI 30 Index, GMCI Index, Coinbase 50 Index"
2025-09-14 00:00:00,115970.58488443034,2310166037871.29,30063858747.76022,bitcoin,btc,Bitcoin,1,19987287.0,19987300.0,21000000.0,126080.0,67.81,-1517.76821005813,-2.14647,"Smart Contract Platform, Layer 1 (L1), FTX Holdings, Proof of Work (PoW), Bitcoin Ecosystem, GMCI 30 Index, GMCI Index, Coinbase 50 Index"
2025-09-15 00:00:00,115373.55555886829,2297459118244.424,26889399414.610912,bitcoin,btc,Bitcoin,1,19987287.0,19987300.0,21000000.0,126080.0,67.81,-1517.76821005813,-2.14647,"Smart Contract Platform, Layer 1 (L1), FTX Holdings, Proof of Work (PoW), Bitcoin Ecosystem, GMCI 30 Index, GMCI Index, Coinbase 50 Index"
2025-09-16 00:00:00,115397.25272727509,2297977599504.5527,46947581231.08198,bitcoin,btc,Bitcoin,1,19987287.0,19987300.0,21000000.0,126080.0,67.81,-1517.76821005813,-2.14647,"Smart Contract Platform, Layer 1 (L1), FTX Holdings, Proof of Work (PoW), Bitcoin Ecosystem, GMCI 30 Index, GMCI Index, Coinbase 50 Index"
2025-09-17 00:00:00,116762.8496864193,2325326932460.9644,39964451595.099724,bitcoin,btc,Bitcoin,1,19987287.0,19987300.0,21000000.0,126080.0,67.81,-1517.76821005813,-2.14647,"Smart Contract Platform, Layer 1 (L1), FTX Holdings, Proof of Work (PoW), Bitcoin Ecosystem, GMCI 30 Index, GMCI Index, Coinbase 50 Index"
2025-09-18 00:00:00,116455.94648225319,2321583680138.891,54740952295.37868,bitcoin,btc,Bitcoin,1,19987287.0,19987300.0,21000000.0,126080.0,67.81,-1517.76821005813,-2.14647,"Smart Contract Platform, Layer 1 (L1), FTX Holdings, Proof of Work (PoW), Bitcoin Ecosystem, GMCI 30 Index, GMCI Index, Coinbase 50 Index"
2025-09-19 00:00:00,117145.49508952006,2333705338232.097,43642467075.25838,bitcoin,btc,Bitcoin,1,19987287.0,19987300.0,21000000.0,126080.0,67.81,-1517.76821005813,-2.14647,"Smart Contract Platform, Layer 1 (L1), FTX Holdings, Proof of Work (PoW), Bitcoin Ecosystem, GMCI 30 Index, GMCI Index, Coinbase 50 Index"
2025-09-20 00:00:00,115655.81046441344,2303469041668.8,34296721252.33001,bitcoin,btc,Bitcoin,1,19987287.0,19987300.0,21000000.0,126080.0,67.81,-1517.76821005813,-2.14647,"Smart Contract Platform, Layer 1 (L1), FTX Holdings, Proof of Work (PoW), Bitcoin Ecosystem, GMCI 30 Index, GMCI Index, Coinbase 50 Index"
2025-09-21 00:00:00,115715.51536781774,2305371926506.302,18774953731.290394,bitcoin,btc,Bitcoin,1,19987287.0,19987300.0,21000000.0,126080.0,67.81,-1517.76821005813,-2.14647,"Smart Contract Platform, Layer 1 (L1), FTX Holdings, Proof of Work (PoW), Bitcoin Ecosystem, GMCI 30 Index, GMCI Index, Coinbase 50 Index"
2025-09-22 00:00:00,115304.47999407038,2297332085237.645,18659113982.495464,bitcoin,btc,Bitcoin,1,19987287.0,19987300.0,21000000.0,126080.0,67.81,-1517.76821005813,-2.14647,"Smart Contract Platform, Layer 1 (L1), FTX Holdings, Proof of Work (PoW), Bitcoin Ecosystem, GMCI 30 Index, GMCI Index, Coinbase 50 Index"
2025-09-23 00:00:00,112696.74101711863,2245929069310.8535,69152342029.46799,bitcoin,btc,Bitcoin,1,19987287.0,19987300.0,21000000.0,126080.0,67.81,-1517.76821005813,-2.14647,"Smart Contract Platform, Layer 1 (L1), FTX Holdings, Proof of Work (PoW), Bitcoin Ecosystem, GMCI 30 Index, GMCI Index, Coinbase 50 Index"
2025-09-24 00:00:00,112022.16587861195,2232693472656.6514,46154878824.043465,bitcoin,btc,Bitcoin,1,19987287.0,19987300.0,21000000.0,126080.0,67.81,-1517.76821005813,-2.14647,"Smart Contract Platform, Layer 1 (L1), FTX Holdings, Proof of Work (PoW), Bitcoin Ecosystem, GMCI 30 Index, GMCI Index, Coinbase 50 Index"
2025-09-25 00:00:00,113320.56908541008,2257741194218.8286,46677543220.334526,bitcoin,btc,Bitcoin,1,19987287.0,19987300.0,21000000.0,126080.0,67.81,-1517.76821005813,-2.14647,"Smart Contract Platform, Layer 1 (L1), FTX Holdings, Proof of Work (PoW), Bitcoin Ecosystem, GMCI 30 Index, GMCI Index, Coinbase 50 Index"
2025-09-26 00:00:00,108963.53013595635,2171950311711.4429,74481796351.47305,bitcoin,btc,Bitcoin,1,19987287.0,19987300.0,21000000.0,126080.0,67.81,-1517.76821005813,-2.14647,"Smart Contract Platform, Layer 1 (L1), FTX Holdings, Proof of Work (PoW), Bitcoin Ecosystem, GMCI 30 Index, GMCI Index, Coinbase 50 Index"
2025-09-27 00:00:00,109710.20874667744,2185866776171.5464,55257214020.568245,bitcoin,btc,Bitcoin,1,19987287.0,19987300.0,21000000.0,126080.0,67.81,-1517.76821005813,-2.14647,"Smart Contract Platform, Layer 1 (L1), FTX Holdings, Proof of Work (PoW), Bitcoin Ecosystem, GMCI 30 Index, GMCI Index, Coinbase 50 Index"
2025-09-28 00:00:00,109654.81021075726,2185203231301.0562,23294896964.31016,bitcoin,btc,Bitcoin,1,19987287.0,19987300.0,21000000.0,126080.0,67.81,-1517.76821005813,-2.14647,"Smart Contract Platform, Layer 1 (L1), FTX Holdings, Proof of Work (PoW), Bitcoin Ecosystem, GMCI 30 Index, GMCI Index, Coinbase 50 Index"
2025-09-29 00:00:00,112142.57362752674,2235798877396.134,31274654338.51212,bitcoin,btc,Bitcoin,1,19987287.0,19987300.0,21000000.0,126080.0,67.81,-1517.76821005813,-2.14647,"Smart Contract Platform, Layer 1 (L1), FTX Holdings, Proof of Work (PoW), Bitcoin Ecosystem, GMCI 30 Index, GMCI Index, Coinbase 50 Index"
2025-09-30 00:00:00,114309.15041119447,2278362523594.3135,57833295882.65785,bitcoin,btc,Bitcoin,1,19987287.0,19987300.0,21000000.0,126080.0,67.81,-1517.76821005813,-2.14647,"Smart Contract Platform, Layer 1 (L1), FTX Holdings, Proof of Work (PoW), Bitcoin Ecosystem, GMCI 30 Index, GMCI Index, Coinbase 50 Index"
2025-10-01 00:00:00,114024.22783550054,2272137555069.4507,57718901820.70616,bitcoin,btc,Bitcoin,1,19987287.0,19987300.0,21000000.0,126080.0,67.81,-1517.76821005813,-2.14647,"Smart Contract Platform, Layer 1 (L1), FTX Holdings, Proof of Work (PoW), Bitcoin Ecosystem, GMCI 30 Index, GMCI Index, Coinbase 50 Index"
2025-10-02 00:00:00,118503.24451752483,2359569556068.08,69920179085.4708,bitcoin,btc,Bitcoin,1,19987287.0,19987300.0,21000000.0,126080.0,67.81,-1517.76821005813,-2.14647,"Smart Contract Platform, Layer 1 (L1), FTX Holdings, Proof of Work (PoW), Bitcoin Ecosystem, GMCI 30 Index, GMCI Index, Coinbase 50 Index"
2025-10-03 00:00:00,120611.71911591051,2399524207991.5527,71252850672.75252,bitcoin,btc,Bitcoin,1,19987287.0,19987300.0,21000000.0,126080.0,67.81,-1517.76821005813,-2.14647,"Smart Contract Platform, Layer 1 (L1), FTX Holdings, Proof of Work (PoW), Bitcoin Ecosystem, GMCI 30 Index, GMCI Index, Coinbase 50 Index"
2025-10-04 00:00:00,122250.15186842803,2436956902844.7153,83155430408.51796,bitcoin,btc,Bitcoin,1,19987287.0,19987300.0,21000000.0,126080.0,67.81,-1517.76821005813,-2.14647,"Smart Contract Platform, Layer 1 (L1), FTX Holdings, Proof of Work (PoW), Bitcoin Ecosystem, GMCI 30 Index, GMCI Index, Coinbase 50 Index"
2025-10-05 00:00:00,122380.93708463266,2438832157552.7866,35161626561.80918,bitcoin,btc,Bitcoin,1,19987287.0,19987300.0,21000000.0,126080.0,67.81,-1517.76821005813,-2.14647,"Smart Contract Platform, Layer 1 (L1), FTX Holdings, Proof of Work (PoW), Bitcoin Ecosystem, GMCI 30 Index, GMCI Index, Coinbase 50 Index"
2025-10-06 00:00:00,123506.18520027678,2461221856764.1885,72011486031.26575,bitcoin,btc,Bitcoin,1,19987287.0,19987300.0,21000000.0,126080.0,67.81,-1517.76821005813,-2.14647,"Smart Contract Platform, Layer 1 (L1), FTX Holdings, Proof of Work (PoW), Bitcoin Ecosystem, GMCI 30 Index, GMCI Index, Coinbase 50 Index"
2025-10-07 00:00:00,124773.50823074432,2486073086655.2866,69605991064.72382,bitcoin,btc,Bitcoin,1,19987287.0,19987300.0,21000000.0,126080.0,67.81,-1517.76821005813,-2.14647,"Smart Contract Platform, Layer 1 (L1), FTX Holdings, Proof of Work (PoW), Bitcoin Ecosystem, GMCI 30 Index, GMCI Index, Coinbase 50 Index"
2025-10-08 00:00:00,121518.75593575071,2421938444026.2783,76087884719.80028,bitcoin,btc,Bitcoin,1,19987287.0,19987300.0,21000000.0,126080.0,67.81,-1517.76821005813,-2.14647,"Smart Contract Platform, Layer 1 (L1), FTX Holdings, Proof of Work (PoW), Bitcoin Ecosystem, GMCI 30 Index, GMCI Index, Coinbase 50 Index"
2025-10-09 00:00:00,123352.50487523204,2459003621170.118,62576032795.36722,bitcoin,btc,Bitcoin,1,19987287.0,19987300.0,21000000.0,126080.0,67.81,-1517.76821005813,-2.14647,"Smart Contract Platform, Layer 1 (L1), FTX Holdings, Proof of Work (PoW), Bitcoin Ecosystem, GMCI 30 Index, GMCI Index, Coinbase 50 Index"
2025-10-10 00:00:00,121698.03066778315,2423288659157.484,72097306668.91356,bitcoin,btc,Bitcoin,1,19987287.0,19987300.0,21000000.0,126080.0,67.81,-1517.76821005813,-2.14647,"Smart Contract Platform, Layer 1 (L1), FTX Holdings, Proof of Work (PoW), Bitcoin Ecosystem, GMCI 30 Index, GMCI Index, Coinbase 50 Index"
2025-10-11 00:00:00,113201.74064138904,2265659827789.9917,151002213089.8765,bitcoin,btc,Bitcoin,1,19987287.0,19987300.0,21000000.0,126080.0,67.81,-1517.76821005813,-2.14647,"Smart Contract Platform, Layer 1 (L1), FTX Holdings, Proof of Work (PoW), Bitcoin Ecosystem, GMCI 30 Index, GMCI Index, Coinbase 50 Index"
2025-10-12 00:00:00,110853.11663883903,2211404015103.109,108643865752.17674,bitcoin,btc,Bitcoin,1,19987287.0,19987300.0,21000000.0,126080.0,67.81,-1517.76821005813,-2.14647,"Smart Contract Platform, Layer 1 (L1), FTX Holdings, Proof of Work (PoW), Bitcoin Ecosystem, GMCI 30 Index, GMCI Index, Coinbase 50 Index"
2025-10-13 00:00:00,115189.5714637257,2294724465036.9785,93857100744.12454,bitcoin,btc,Bitcoin,1,19987287.0,19987300.0,21000000.0,126080.0,67.81,-1517.76821005813,-2.14647,"Smart Contract Platform, Layer 1 (L1), FTX Holdings, Proof of Work (PoW), Bitcoin Ecosystem, GMCI 30 Index, GMCI Index, Coinbase 50 Index"
2025-10-14 00:00:00,115222.28302116522,2296863527017.9863,68935270367.04033,bitcoin,btc,Bitcoin,1,19987287.0,19987300.0,21000000.0,126080.0,67.81,-1517.76821005813,-2.14647,"Smart Contract Platform, Layer 1 (L1), FTX Holdings, Proof of Work (PoW), Bitcoin Ecosystem, GMCI 30 Index, GMCI Index, Coinbase 50 Index"
2025-10-15 00:00:00,113156.56943826913,2257545230986.0146,91211854988.91518,bitcoin,btc,Bitcoin,1,19987287.0,19987300.0,21000000.0,126080.0,67.81,-1517.76821005813,-2.14647,"Smart Contract Platform, Layer 1 (L1), FTX Holdings, Proof of Work (PoW), Bitcoin Ecosystem, GMCI 30 Index, GMCI Index, Coinbase 50 Index"
2025-10-16 00:00:00,110708.66960879423,2207742082237.0483,68877328886.40259,bitcoin,btc,Bitcoin,1,19987287.0,19987300.0,21000000.0,126080.0,67.81,-1517.76821005813,-2.14647,"Smart Contract Platform, Layer 1 (L1), FTX Holdings, Proof of Work (PoW), Bitcoin Ecosystem, GMCI 30 Index, GMCI Index, Coinbase 50 Index"
2025-10-17 00:00:00,108076.72862033188,2154964541836.455,84773160808.27399,bitcoin,btc,Bitcoin,1,19987287.0,19987300.0,21000000.0,126080.0,67.81,-1517.76821005813,-2.14647,"Smart Contract Platform, Layer 1 (L1), FTX Holdings, Proof of Work (PoW), Bitcoin Ecosystem, GMCI 30 Index, GMCI Index, Coinbase 50 Index"
2025-10-18 00:00:00,106443.61194984635,2123017949517.1426,94325236794.78163,bitcoin,btc,Bitcoin,1,19987287.0,19987300.0,21000000.0,126080.0,67.81,-1517.76821005813,-2.14647,"Smart Contract Platform, Layer 1 (L1), FTX Holdings, Proof of Work (PoW), Bitcoin Ecosystem, GMCI 30 Index, GMCI Index, Coinbase 50 Index"
2025-10-19 00:00:00,107156.00337647724,2135575517405.9185,34412835719.61292,bitcoin,btc,Bitcoin,1,19987287.0,19987300.0,21000000.0,126080.0,67.81,-1517.76821005813,-2.14647,"Smart Contract Platform, Layer 1 (L1), FTX Holdings, Proof of Work (PoW), Bitcoin Ecosystem, GMCI 30 Index, GMCI Index, Coinbase 50 Index"
2025-10-20 00:00:00,108621.134857428,2165367850075.0042,45373692612.394394,bitcoin,btc,Bitcoin,1,19987287.0,19987300.0,21000000.0,126080.0,67.81,-1517.76821005813,-2.14647,"Smart Contract Platform, Layer 1 (L1), FTX Holdings, Proof of Work (PoW), Bitcoin Ecosystem, GMCI 30 Index, GMCI Index, Coinbase 50 Index"
2025-10-21 00:00:00,110608.5714932665,2205571381112.93,60452111148.140076,bitcoin,btc,Bitcoin,1,19987287.0,19987300.0,21000000.0,126080.0,67.81,-1517.76821005813,-2.14647,"Smart Contract Platform, Layer 1 (L1), FTX Holdings, Proof of Work (PoW), Bitcoin Ecosystem, GMCI 30 Index, GMCI Index, Coinbase 50 Index"
2025-10-22 00:00:00,108486.10262716639,2162410619417.9114,105841401713.00197,bitcoin,btc,Bitcoin,1,19987287.0,19987300.0,21000000.0,126080.0,67.81,-1517.76821005813,-2.14647,"Smart Contract Platform, Layer 1 (L1), FTX Holdings, Proof of Work (PoW), Bitcoin Ecosystem, GMCI 30 Index, GMCI Index, Coinbase 50 Index"
2025-10-23 00:00:00,107618.4266715404,2145773248654.6448,83996418125.93103,bitcoin,btc,Bitcoin,1,19987287.0,19987300.0,21000000.0,126080.0,67.81,-1517.76821005813,-2.14647,"Smart Contract Platform, Layer 1 (L1), FTX Holdings, Proof of Work (PoW), Bitcoin Ecosystem, GMCI 30 Index, GMCI Index, Coinbase 50 Index"
2025-10-24 00:00:00,110048.51827291629,2193901841033.9053,56192643013.57058,bitcoin,btc,Bitcoin,1,19987287.0,19987300.0,21000000.0,126080.0,67.81,-1517.76821005813,-2.14647,"Smart Contract Platform, Layer 1 (L1), FTX Holdings, Proof of Work (PoW), Bitcoin Ecosystem, GMCI 30 Index, GMCI Index, Coinbase 50 Index"
2025-10-25 00:00:00,110997.80437129698,2213306367536.756,49120903424.344864,bitcoin,btc,Bitcoin,1,19987287.0,19987300.0,21000000.0,126080.0,67.81,-1517.76821005813,-2.14647,"Smart Contract Platform, Layer 1 (L1), FTX Holdings, Proof of Work (PoW), Bitcoin Ecosystem, GMCI 30 Index, GMCI Index, Coinbase 50 Index"
2025-10-26 00:00:00,111620.3093731354,2224861052775.0015,23214874411.212166,bitcoin,btc,Bitcoin,1,19987287.0,19987300.0,21000000.0,126080.0,67.81,-1517.76821005813,-2.14647,"Smart Contract Platform, Layer 1 (L1), FTX Holdings, Proof of Work (PoW), Bitcoin Ecosystem, GMCI 30 Index, GMCI Index, Coinbase 50 Index"
2025-10-27 00:00:00,114476.01227508577,2283691326423.212,42483268634.18711,bitcoin,btc,Bitcoin,1,19987287.0,19987300.0,21000000.0,126080.0,67.81,-1517.76821005813,-2.14647,"Smart Contract Platform, Layer 1 (L1), FTX Holdings, Proof of Work (PoW), Bitcoin Ecosystem, GMCI 30 Index, GMCI Index, Coinbase 50 Index"
2025-10-28 00:00:00,114182.79442806762,2276235094681.6714,63764801510.65889,bitcoin,btc,Bitcoin,1,19987287.0,19987300.0,21000000.0,126080.0,67.81,-1517.76821005813,-2.14647,"Smart Contract Platform, Layer 1 (L1), FTX Holdings, Proof of Work (PoW), Bitcoin Ecosystem, GMCI 30 Index, GMCI Index, Coinbase 50 Index"
2025-10-29 00:00:00,112950.34863259472,2254003248725.4917,66299512352.17796,bitcoin,btc,Bitcoin,1,19987287.0,19987300.0,21000000.0,126080.0,67.81,-1517.76821005813,-2.14647,"Smart Contract Platform, Layer 1 (L1), FTX Holdings, Proof of Work (PoW), Bitcoin Ecosystem, GMCI 30 Index, GMCI Index, Coinbase 50 Index"
2025-10-30 00:00:00,110046.66925837283,2194746293754.542,64235327509.05742,bitcoin,btc,Bitcoin,1,19987287.0,19987300.0,21000000.0,126080.0,67.81,-1517.76821005813,-2.14647,"Smart Contract Platform, Layer 1 (L1), FTX Holdings, Proof of Work (PoW), Bitcoin Ecosystem, GMCI 30 Index, GMCI Index, Coinbase 50 Index"
2025-10-31 00:00:00,108240.76528725718,2157803742876.0747,72648897659.94229,bitcoin,btc,Bitcoin,1,19987287.0,19987300.0,21000000.0,126080.0,67.81,-1517.76821005813,-2.14647,"Smart Contract Platform, Layer 1 (L1), FTX Holdings, Proof of Work (PoW), Bitcoin Ecosystem, GMCI 30 Index, GMCI Index, Coinbase 50 Index"
2025-11-01 00:00:00,109573.90555629115,2185193896779.3408,58800487940.5146,bitcoin,btc,Bitcoin,1,19987287.0,19987300.0,21000000.0,126080.0,67.81,-1517.76821005813,-2.14647,"Smart Contract Platform, Layer 1 (L1), FTX Holdings, Proof of Work (PoW), Bitcoin Ecosystem, GMCI 30 Index, GMCI Index, Coinbase 50 Index"
2025-11-02 00:00:00,110014.13556776087,2194075979770.0623,24938475577.849922,bitcoin,btc,Bitcoin,1,19987287.0,19987300.0,21000000.0,126080.0,67.81,-1517.76821005813,-2.14647,"Smart Contract Platform, Layer 1 (L1), FTX Holdings, Proof of Work (PoW), Bitcoin Ecosystem, GMCI 30 Index, GMCI Index, Coinbase 50 Index"
2025-11-03 00:00:00,110650.2092823146,2201849942058.28,35098774843.7742,bitcoin,btc,Bitcoin,1,19987287.0,19987300.0,21000000.0,126080.0,67.81,-1517.76821005813,-2.14647,"Smart Contract Platform, Layer 1 (L1), FTX Holdings, Proof of Work (PoW), Bitcoin Ecosystem, GMCI 30 Index, GMCI Index, Coinbase 50 Index"
2025-11-04 00:00:00,106521.08673825761,2123664079961.7026,75068433317.86293,bitcoin,btc,Bitcoin,1,19987287.0,19987300.0,21000000.0,126080.0,67.81,-1517.76821005813,-2.14647,"Smart Contract Platform, Layer 1 (L1), FTX Holdings, Proof of Work (PoW), Bitcoin Ecosystem, GMCI 30 Index, GMCI Index, Coinbase 50 Index"
2025-11-05 00:00:00,101635.2740227234,2026091188341.184,108965721650.60309,bitcoin,btc,Bitcoin,1,19987287.0,19987300.0,21000000.0,126080.0,67.81,-1517.76821005813,-2.14647,"Smart Contract Platform, Layer 1 (L1), FTX Holdings, Proof of Work (PoW), Bitcoin Ecosystem, GMCI 30 Index, GMCI Index, Coinbase 50 Index"
2025-11-06 00:00:00,103877.95965955159,2073000557933.8025,77083907216.62631,bitcoin,btc,Bitcoin,1,19987287.0,19987300.0,21000000.0,126080.0,67.81,-1517.76821005813,-2.14647,"Smart Contract Platform, Layer 1 (L1), FTX Holdings, Proof of Work (PoW), Bitcoin Ecosystem, GMCI 30 Index, GMCI Index, Coinbase 50 Index"
2025-11-07 00:00:00,101322.6402945857,2019147576692.263,64118217249.57436,bitcoin,btc,Bitcoin,1,19987287.0,19987300.0,21000000.0,126080.0,67.81,-1517.76821005813,-2.14647,"Smart Contract Platform, Layer 1 (L1), FTX Holdings, Proof of Work (PoW), Bitcoin Ecosystem, GMCI 30 Index, GMCI Index, Coinbase 50 Index"
2025-11-08 00:00:00,103396.084215925,2063021740892.1375,93627003785.31018,bitcoin,btc,Bitcoin,1,19987287.0,19987300.0,21000000.0,126080.0,67.81,-1517.76821005813,-2.14647,"Smart Contract Platform, Layer 1 (L1), FTX Holdings, Proof of Work (PoW), Bitcoin Ecosystem, GMCI 30 Index, GMCI Index, Coinbase 50 Index"
2025-11-09 00:00:00,102290.13714655167,2039995976869.1492,51095924202.31797,bitcoin,btc,Bitcoin,1,19987287.0,19987300.0,21000000.0,126080.0,67.81,-1517.76821005813,-2.14647,"Smart Contract Platform, Layer 1 (L1), FTX Holdings, Proof of Work (PoW), Bitcoin Ecosystem, GMCI 30 Index, GMCI Index, Coinbase 50 Index"
2025-11-10 00:00:00,104709.67861656273,2086419359800.0503,59952468437.71812,bitcoin,btc,Bitcoin,1,19987287.0,19987300.0,21000000.0,126080.0,67.81,-1517.76821005813,-2.14647,"Smart Contract Platform, Layer 1 (L1), FTX Holdings, Proof of Work (PoW), Bitcoin Ecosystem, GMCI 30 Index, GMCI Index, Coinbase 50 Index"
2025-11-11 00:00:00,105909.07272321742,2112747067951.9028,67546556819.52642,bitcoin,btc,Bitcoin,1,19987287.0,19987300.0,21000000.0,126080.0,67.81,-1517.76821005813,-2.14647,"Smart Contract Platform, Layer 1 (L1), FTX Holdings, Proof of Work (PoW), Bitcoin Ecosystem, GMCI 30 Index, GMCI Index, Coinbase 50 Index"
2025-11-12 00:00:00,102960.77564500563,2053215927640.825,71008299178.73956,bitcoin,btc,Bitcoin,1,19987287.0,19987300.0,21000000.0,126080.0,67.81,-1517.76821005813,-2.14647,"Smart Contract Platform, Layer 1 (L1), FTX Holdings, Proof of Work (PoW), Bitcoin Ecosystem, GMCI 30 Index, GMCI Index, Coinbase 50 Index"
2025-11-13 00:00:00,101521.70859453593,2025837265459.7573,63332414142.58827,bitcoin,btc,Bitcoin,1,19987287.0,19987300.0,21000000.0,126080.0,67.81,-1517.76821005813,-2.14647,"Smart Contract Platform, Layer 1 (L1), FTX Holdings, Proof of Work (PoW), Bitcoin Ecosystem, GMCI 30 Index, GMCI Index, Coinbase 50 Index"
2025-11-14 00:00:00,99730.4533956204,1996168972711.9963,100463341916.4732,bitcoin,btc,Bitcoin,1,19987287.0,19987300.0,21000000.0,126080.0,67.81,-1517.76821005813,-2.14647,"Smart Contract Platform, Layer 1 (L1), FTX Holdings, Proof of Work (PoW), Bitcoin Ecosystem, GMCI 30 Index, GMCI Index, Coinbase 50 Index"
2025-11-15 00:00:00,94456.39368235337,1891799949910.1116,113198323665.38873,bitcoin,btc,Bitcoin,1,19987287.0,19987300.0,21000000.0,126080.0,67.81,-1517.76821005813,-2.14647,"Smart Contract Platform, Layer 1 (L1), FTX Holdings, Proof of Work (PoW), Bitcoin Ecosystem, GMCI 30 Index, GMCI Index, Coinbase 50 Index"
2025-11-16 00:00:00,95508.31019889197,1905234340631.9912,39062120798.23745,bitcoin,btc,Bitcoin,1,19987287.0,19987300.0,21000000.0,126080.0,67.81,-1517.76821005813,-2.14647,"Smart Contract Platform, Layer 1 (L1), FTX Holdings, Proof of Work (PoW), Bitcoin Ecosystem, GMCI 30 Index, GMCI Index, Coinbase 50 Index"
2025-11-17 00:00:00,94411.32947182967,1883240679702.7427,72645149972.7847,bitcoin,btc,Bitcoin,1,19987287.0,19987300.0,21000000.0,126080.0,67.81,-1517.76821005813,-2.14647,"Smart Contract Platform, Layer 1 (L1), FTX Holdings, Proof of Work (PoW), Bitcoin Ecosystem, GMCI 30 Index, GMCI Index, Coinbase 50 Index"
2025-11-18 00:00:00,92036.7255045672,1835458818945.8962,95794596045.06412,bitcoin,btc,Bitcoin,1,19987287.0,19987300.0,21000000.0,126080.0,67.81,-1517.76821005813,-2.14647,"Smart Contract Platform, Layer 1 (L1), FTX Holdings, Proof of Work (PoW), Bitcoin Ecosystem, GMCI 30 Index, GMCI Index, Coinbase 50 Index"
2025-11-19 00:00:00,92819.75921500899,1851234710246.605,103837258806.01602,bitcoin,btc,Bitcoin,1,19987287.0,19987300.0,21000000.0,126080.0,67.81,-1517.76821005813,-2.14647,"Smart Contract Platform, Layer 1 (L1), FTX Holdings, Proof of Work (PoW), Bitcoin Ecosystem, GMCI 30 Index, GMCI Index, Coinbase 50 Index"
2025-11-20 00:00:00,91363.27838693369,1820062799702.324,82897875507.45229,bitcoin,btc,Bitcoin,1,19987287.0,19987300.0,21000000.0,126080.0,67.81,-1517.76821005813,-2.14647,"Smart Contract Platform, Layer 1 (L1), FTX Holdings, Proof of Work (PoW), Bitcoin Ecosystem, GMCI 30 Index, GMCI Index, Coinbase 50 Index"
2025-11-21 00:00:00,86649.97257918229,1731258563683.1287,99171039191.1295,bitcoin,btc,Bitcoin,1,19987287.0,19987300.0,21000000.0,126080.0,67.81,-1517.76821005813,-2.14647,"Smart Contract Platform, Layer 1 (L1), FTX Holdings, Proof of Work (PoW), Bitcoin Ecosystem, GMCI 30 Index, GMCI Index, Coinbase 50 Index"
2025-11-22 00:00:00,85051.8019295002,1697723941246.0479,135093457122.46469,bitcoin,btc,Bitcoin,1,19987287.0,19987300.0,21000000.0,126080.0,67.81,-1517.76821005813,-2.14647,"Smart Contract Platform, Layer 1 (L1), FTX Holdings, Proof of Work (PoW), Bitcoin Ecosystem, GMCI 30 Index, GMCI Index, Coinbase 50 Index"
2025-11-23 00:00:00,84682.62429147748,1690556523055.809,42644968955.2184,bitcoin,btc,Bitcoin,1,19987287.0,19987300.0,21000000.0,126080.0,67.81,-1517.76821005813,-2.14647,"Smart Contract Platform, Layer 1 (L1), FTX Holdings, Proof of Work (PoW), Bitcoin Ecosystem, GMCI 30 Index, GMCI Index, Coinbase 50 Index"
2025-11-24 00:00:00,86783.84766839583,1732233225777.4016,60446592409.29218,bitcoin,btc,Bitcoin,1,19987287.0,19987300.0,21000000.0,126080.0,67.81,-1517.76821005813,-2.14647,"Smart Contract Platform, Layer 1 (L1), FTX Holdings, Proof of Work (PoW), Bitcoin Ecosystem, GMCI 30 Index, GMCI Index, Coinbase 50 Index"
2025-11-25 00:00:00,88229.35740719768,1761564072532.238,77606296173.43544,bitcoin,btc,Bitcoin,1,19987287.0,19987300.0,21000000.0,126080.0,67.81,-1517.76821005813,-2.14647,"Smart Contract Platform, Layer 1 (L1), FTX Holdings, Proof of Work (PoW), Bitcoin Ecosystem, GMCI 30 Index, GMCI Index, Coinbase 50 Index"
2025-11-26 00:00:00,87310.33159950442,1742162762885.542,67956444142.18749,bitcoin,btc,Bitcoin,1,19987287.0,19987300.0,21000000.0,126080.0,67.81,-1517.76821005813,-2.14647,"Smart Contract Platform, Layer 1 (L1), FTX Holdings, Proof of Work (PoW), Bitcoin Ecosystem, GMCI 30 Index, GMCI Index, Coinbase 50 Index"
2025-11-27 00:00:00,90474.22677969698,1806439309544.997,69690430587.90018,bitcoin,btc,Bitcoin,1,19987287.0,19987300.0,21000000.0,126080.0,67.81,-1517.76821005813,-2.14647,"Smart Contract Platform, Layer 1 (L1), FTX Holdings, Proof of Work (PoW), Bitcoin Ecosystem, GMCI 30 Index, GMCI Index, Coinbase 50 Index"
2025-11-28 00:00:00,91279.06057176423,1821778517479.9226,59295194347.668594,bitcoin,btc,Bitcoin,1,19987287.0,19987300.0,21000000.0,126080.0,67.81,-1517.76821005813,-2.14647,"Smart Contract Platform, Layer 1 (L1), FTX Holdings, Proof of Work (PoW), Bitcoin Ecosystem, GMCI 30 Index, GMCI Index, Coinbase 50 Index"
2025-11-29 00:00:00,90950.37695910994,1814919896425.4082,62833195066.53989,bitcoin,btc,Bitcoin,1,19987287.0,19987300.0,21000000.0,126080.0,67.81,-1517.76821005813,-2.14647,"Smart Contract Platform, Layer 1 (L1), FTX Holdings, Proof of Work (PoW), Bitcoin Ecosystem, GMCI 30 Index, GMCI Index, Coinbase 50 Index"
2025-11-30 00:00:00,90841.45258193677,1812771321410.9438,39253888201.69327,bitcoin,btc,Bitcoin,1,19987287.0,19987300.0,21000000.0,126080.0,67.81,-1517.76821005813,-2.14647,"Smart Contract Platform, Layer 1 (L1), FTX Holdings, Proof of Work (PoW), Bitcoin Ecosystem, GMCI 30 Index, GMCI Index, Coinbase 50 Index"
2025-12-01 00:00:00,90406.28448571145,1807818977105.3909,40334819409.843475,bitcoin,btc,Bitcoin,1,19987287.0,19987300.0,21000000.0,126080.0,67.81,-1517.76821005813,-2.14647,"Smart Contract Platform, Layer 1 (L1), FTX Holdings, Proof of Work (PoW), Bitcoin Ecosystem, GMCI 30 Index, GMCI Index, Coinbase 50 Index"
2025-12-02 00:00:00,86281.49519776918,1723547230444.7913,92988982967.24597,bitcoin,btc,Bitcoin,1,19987287.0,19987300.0,21000000.0,126080.0,67.81,-1517.76821005813,-2.14647,"Smart Contract Platform, Layer 1 (L1), FTX Holdings, Proof of Work (PoW), Bitcoin Ecosystem, GMCI 30 Index, GMCI Index, Coinbase 50 Index"
2025-12-03 00:00:00,91344.73275150165,1824843161126.1372,83138039128.81346,bitcoin,btc,Bitcoin,1,19987287.0,19987300.0,21000000.0,126080.0,67.81,-1517.76821005813,-2.14647,"Smart Contract Platform, Layer 1 (L1), FTX Holdings, Proof of Work (PoW), Bitcoin Ecosystem, GMCI 30 Index, GMCI Index, Coinbase 50 Index"
2025-12-04 00:00:00,93619.43750817103,1868050658597.6572,81429135004.88295,bitcoin,btc,Bitcoin,1,19987287.0,19987300.0,21000000.0,126080.0,67.81,-1517.76821005813,-2.14647,"Smart Contract Platform, Layer 1 (L1), FTX Holdings, Proof of Work (PoW), Bitcoin Ecosystem, GMCI 30 Index, GMCI Index, Coinbase 50 Index"
2025-12-05 00:00:00,92140.70419795791,1839369557445.9072,67878296355.02588,bitcoin,btc,Bitcoin,1,19987287.0,19987300.0,21000000.0,126080.0,67.81,-1517.76821005813,-2.14647,"Smart Contract Platform, Layer 1 (L1), FTX Holdings, Proof of Work (PoW), Bitcoin Ecosystem, GMCI 30 Index, GMCI Index, Coinbase 50 Index"
2025-12-06 00:00:00,89307.09154512963,1782798987370.1692,50193142876.74388,bitcoin,btc,Bitcoin,1,19987287.0,19987300.0,21000000.0,126080.0,67.81,-1517.76821005813,-2.14647,"Smart Contract Platform, Layer 1 (L1), FTX Holdings, Proof of Work (PoW), Bitcoin Ecosystem, GMCI 30 Index, GMCI Index, Coinbase 50 Index"
2025-12-07 00:00:00,89244.7620814118,1781194798199.8435,24818678152.49986,bitcoin,btc,Bitcoin,1,19987287.0,19987300.0,21000000.0,126080.0,67.81,-1517.76821005813,-2.14647,"Smart Contract Platform, Layer 1 (L1), FTX Holdings, Proof of Work (PoW), Bitcoin Ecosystem, GMCI 30 Index, GMCI Index, Coinbase 50 Index"
2025-12-08 00:00:00,90162.90714007126,1799656690088.5503,33912893266.90874,bitcoin,btc,Bitcoin,1,19987287.0,19987300.0,21000000.0,126080.0,67.81,-1517.76821005813,-2.14647,"Smart Contract Platform, Layer 1 (L1), FTX Holdings, Proof of Work (PoW), Bitcoin Ecosystem, GMCI 30 Index, GMCI Index, Coinbase 50 Index"
2025-12-09 00:00:00,90618.0535204608,1808394676576.639,45466493941.40448,bitcoin,btc,Bitcoin,1,19987287.0,19987300.0,21000000.0,126080.0,67.81,-1517.76821005813,-2.14647,"Smart Contract Platform, Layer 1 (L1), FTX Holdings, Proof of Work (PoW), Bitcoin Ecosystem, GMCI 30 Index, GMCI Index, Coinbase 50 Index"
2025-12-10 00:00:00,92723.21372069631,1852116289106.247,54575121853.64529,bitcoin,btc,Bitcoin,1,19987287.0,19987300.0,21000000.0,126080.0,67.81,-1517.76821005813,-2.14647,"Smart Contract Platform, Layer 1 (L1), FTX Holdings, Proof of Work (PoW), Bitcoin Ecosystem, GMCI 30 Index, GMCI Index, Coinbase 50 Index"
2025-12-11 00:00:00,92005.13714957413,1837321739746.956,52189659395.756485,bitcoin,btc,Bitcoin,1,19987287.0,19987300.0,21000000.0,126080.0,67.81,-1517.76821005813,-2.14647,"Smart Contract Platform, Layer 1 (L1), FTX Holdings, Proof of Work (PoW), Bitcoin Ecosystem, GMCI 30 Index, GMCI Index, Coinbase 50 Index"
2025-12-12 00:00:00,92494.17691640415,1848922166365.7808,53232377699.408394,bitcoin,btc,Bitcoin,1,19987287.0,19987300.0,21000000.0,126080.0,67.81,-1517.76821005813,-2.14647,"Smart Contract Platform, Layer 1 (L1), FTX Holdings, Proof of Work (PoW), Bitcoin Ecosystem, GMCI 30 Index, GMCI Index, Coinbase 50 Index"
2025-12-13 00:00:00,90307.26028567803,1803244893514.8884,67750393558.62937,bitcoin,btc,Bitcoin,1,19987287.0,19987300.0,21000000.0,126080.0,67.81,-1517.76821005813,-2.14647,"Smart Contract Platform, Layer 1 (L1), FTX Holdings, Proof of Work (PoW), Bitcoin Ecosystem, GMCI 30 Index, GMCI Index, Coinbase 50 Index"
2025-12-14 00:00:00,90257.4292885891,1801496999571.6902,35222775785.402145,bitcoin,btc,Bitcoin,1,19987287.0,19987300.0,21000000.0,126080.0,67.81,-1517.76821005813,-2.14647,"Smart Contract Platform, Layer 1 (L1), FTX Holdings, Proof of Work (PoW), Bitcoin Ecosystem, GMCI 30 Index, GMCI Index, Coinbase 50 Index"
2025-12-15 00:00:00,88230.77409367911,1761380944797.1238,33808538697.042442,bitcoin,btc,Bitcoin,1,19987287.0,19987300.0,21000000.0,126080.0,67.81,-1517.76821005813,-2.14647,"Smart Contract Platform, Layer 1 (L1), FTX Holdings, Proof of Work (PoW), Bitcoin Ecosystem, GMCI 30 Index, GMCI Index, Coinbase 50 Index"
2025-12-16 00:00:00,86413.9190195637,1724624039059.303,50630498834.055145,bitcoin,btc,Bitcoin,1,19987287.0,19987300.0,21000000.0,126080.0,67.81,-1517.76821005813,-2.14647,"Smart Contract Platform, Layer 1 (L1), FTX Holdings, Proof of Work (PoW), Bitcoin Ecosystem, GMCI 30 Index, GMCI Index, Coinbase 50 Index"
2025-12-17 00:00:00,87821.88919109134,1751373602587.6565,48317754254.70281,bitcoin,btc,Bitcoin,1,19987287.0,19987300.0,21000000.0,126080.0,67.81,-1517.76821005813,-2.14647,"Smart Contract Platform, Layer 1 (L1), FTX Holdings, Proof of Work (PoW), Bitcoin Ecosystem, GMCI 30 Index, GMCI Index, Coinbase 50 Index"
2025-12-18 00:00:00,86064.94716216,1718491930388.8372,48886793507.656334,bitcoin,btc,Bitcoin,1,19987287.0,19987300.0,21000000.0,126080.0,67.81,-1517.76821005813,-2.14647,"Smart Contract Platform, Layer 1 (L1), FTX Holdings, Proof of Work (PoW), Bitcoin Ecosystem, GMCI 30 Index, GMCI Index, Coinbase 50 Index"
2025-12-19 00:00:00,85450.3312009302,1704341132953.6216,58649139178.511856,bitcoin,btc,Bitcoin,1,19987287.0,19987300.0,21000000.0,126080.0,67.81,-1517.76821005813,-2.14647,"Smart Contract Platform, Layer 1 (L1), FTX Holdings, Proof of Work (PoW), Bitcoin Ecosystem, GMCI 30 Index, GMCI Index, Coinbase 50 Index"
2025-12-20 00:00:00,88103.86075721023,1759398134896.644,51932451056.500565,bitcoin,btc,Bitcoin,1,19987287.0,19987300.0,21000000.0,126080.0,67.81,-1517.76821005813,-2.14647,"Smart Contract Platform, Layer 1 (L1), FTX Holdings, Proof of Work (PoW), Bitcoin Ecosystem, GMCI 30 Index, GMCI Index, Coinbase 50 Index"
2025-12-21 00:00:00,88347.94310567998,1762805314679.9844,17103607834.780054,bitcoin,btc,Bitcoin,1,19987287.0,19987300.0,21000000.0,126080.0,67.81,-1517.76821005813,-2.14647,"Smart Contract Platform, Layer 1 (L1), FTX Holdings, Proof of Work (PoW), Bitcoin Ecosystem, GMCI 30 Index, GMCI Index, Coinbase 50 Index"
2025-12-22 00:00:00,88577.42038358838,1768920028841.514,22541294542.323105,bitcoin,btc,Bitcoin,1,19987287.0,19987300.0,21000000.0,126080.0,67.81,-1517.76821005813,-2.14647,"Smart Contract Platform, Layer 1 (L1), FTX Holdings, Proof of Work (PoW), Bitcoin Ecosystem, GMCI 30 Index, GMCI Index, Coinbase 50 Index"
2025-12-23 00:00:00,88491.12020788102,1767081210842.8062,41948947368.210236,bitcoin,btc,Bitcoin,1,19987287.0,19987300.0,21000000.0,126080.0,67.81,-1517.76821005813,-2.14647,"Smart Contract Platform, Layer 1 (L1), FTX Holdings, Proof of Work (PoW), Bitcoin Ecosystem, GMCI 30 Index, GMCI Index, Coinbase 50 Index"
2025-12-24 00:00:00,87406.43636737975,1745209464473.6252,46353794741.509995,bitcoin,btc,Bitcoin,1,19987287.0,19987300.0,21000000.0,126080.0,67.81,-1517.76821005813,-2.14647,"Smart Contract Platform, Layer 1 (L1), FTX Holdings, Proof of Work (PoW), Bitcoin Ecosystem, GMCI 30 Index, GMCI Index, Coinbase 50 Index"
2025-12-25 00:00:00,87642.60888119951,1749379166231.2852,29100645180.040016,bitcoin,btc,Bitcoin,1,19987287.0,19987300.0,21000000.0,126080.0,67.81,-1517.76821005813,-2.14647,"Smart Contract Platform, Layer 1 (L1), FTX Holdings, Proof of Work (PoW), Bitcoin Ecosystem, GMCI 30 Index, GMCI Index, Coinbase 50 Index"
2025-12-26 00:00:00,87229.78066010943,1741491085115.601,22773603342.32636,bitcoin,btc,Bitcoin,1,19987287.0,19987300.0,21000000.0,126080.0,67.81,-1517.76821005813,-2.14647,"Smart Contract Platform, Layer 1 (L1), FTX Holdings, Proof of Work (PoW), Bitcoin Ecosystem, GMCI 30 Index, GMCI Index, Coinbase 50 Index"
2025-12-27 00:00:00,87305.95655961394,1743187621561.159,47130449135.786705,bitcoin,btc,Bitcoin,1,19987287.0,19987300.0,21000000.0,126080.0,67.81,-1517.76821005813,-2.14647,"Smart Contract Platform, Layer 1 (L1), FTX Holdings, Proof of Work (PoW), Bitcoin Ecosystem, GMCI 30 Index, GMCI Index, Coinbase 50 Index"
2025-12-28 00:00:00,87807.003210775,1753375412209.345,15670944599.660688,bitcoin,btc,Bitcoin,1,19987287.0,19987300.0,21000000.0,126080.0,67.81,-1517.76821005813,-2.14647,"Smart Contract Platform, Layer 1 (L1), FTX Holdings, Proof of Work (PoW), Bitcoin Ecosystem, GMCI 30 Index, GMCI Index, Coinbase 50 Index"
2025-12-29 00:00:00,87822.90829076794,1753595375313.038,17428479525.19913,bitcoin,btc,Bitcoin,1,19987287.0,19987300.0,21000000.0,126080.0,67.81,-1517.76821005813,-2.14647,"Smart Contract Platform, Layer 1 (L1), FTX Holdings, Proof of Work (PoW), Bitcoin Ecosystem, GMCI 30 Index, GMCI Index, Coinbase 50 Index"
2025-12-30 00:00:00,87156.56266080117,1739794323451.9631,53957962807.988785,bitcoin,btc,Bitcoin,1,19987287.0,19987300.0,21000000.0,126080.0,67.81,-1517.76821005813,-2.14647,"Smart Contract Platform, Layer 1 (L1), FTX Holdings, Proof of Work (PoW), Bitcoin Ecosystem, GMCI 30 Index, GMCI Index, Coinbase 50 Index"
2025-12-31 00:00:00,88414.62856073362,1765833387995.6162,39734225800.079216,bitcoin,btc,Bitcoin,1,19987287.0,19987300.0,21000000.0,126080.0,67.81,-1517.76821005813,-2.14647,"Smart Contract Platform, Layer 1 (L1), FTX Holdings, Proof of Work (PoW), Bitcoin Ecosystem, GMCI 30 Index, GMCI Index, Coinbase 50 Index"
2026-01-01 00:00:00,87520.18048742875,1747837206254.3643,37245075349.02766,bitcoin,btc,Bitcoin,1,19987287.0,19987300.0,21000000.0,126080.0,67.81,-1517.76821005813,-2.14647,"Smart Contract Platform, Layer 1 (L1), FTX Holdings, Proof of Work (PoW), Bitcoin Ecosystem, GMCI 30 Index, GMCI Index, Coinbase 50 Index"
2026-01-02 00:00:00,88727.67004249741,1771365149347.3962,21163124465.205833,bitcoin,btc,Bitcoin,1,19987287.0,19987300.0,21000000.0,126080.0,67.81,-1517.76821005813,-2.14647,"Smart Contract Platform, Layer 1 (L1), FTX Holdings, Proof of Work (PoW), Bitcoin Ecosystem, GMCI 30 Index, GMCI Index, Coinbase 50 Index"
2026-01-03 00:00:00,89926.27924953419,1795890115524.7178,50705395175.73333,bitcoin,btc,Bitcoin,1,19987287.0,19987300.0,21000000.0,126080.0,67.81,-1517.76821005813,-2.14647,"Smart Contract Platform, Layer 1 (L1), FTX Holdings, Proof of Work (PoW), Bitcoin Ecosystem, GMCI 30 Index, GMCI Index, Coinbase 50 Index"
2026-01-04 00:00:00,90593.85443180417,1809211438368.9963,23480735292.761147,bitcoin,btc,Bitcoin,1,19987287.0,19987300.0,21000000.0,126080.0,67.81,-1517.76821005813,-2.14647,"Smart Contract Platform, Layer 1 (L1), FTX Holdings, Proof of Work (PoW), Bitcoin Ecosystem, GMCI 30 Index, GMCI Index, Coinbase 50 Index"
2026-01-05 00:00:00,91373.21588108438,1824986876689.233,31050236622.948975,bitcoin,btc,Bitcoin,1,19987287.0,19987300.0,21000000.0,126080.0,67.81,-1517.76821005813,-2.14647,"Smart Contract Platform, Layer 1 (L1), FTX Holdings, Proof of Work (PoW), Bitcoin Ecosystem, GMCI 30 Index, GMCI Index, Coinbase 50 Index"
2026-01-06 00:00:00,93926.7956485658,1876558232963.0544,59451605754.8414,bitcoin,btc,Bitcoin,1,19987287.0,19987300.0,21000000.0,126080.0,67.81,-1517.76821005813,-2.14647,"Smart Contract Platform, Layer 1 (L1), FTX Holdings, Proof of Work (PoW), Bitcoin Ecosystem, GMCI 30 Index, GMCI Index, Coinbase 50 Index"
2026-01-07 00:00:00,93666.86387314305,1870043996457.1855,57439451725.50999,bitcoin,btc,Bitcoin,1,19987287.0,19987300.0,21000000.0,126080.0,67.81,-1517.76821005813,-2.14647,"Smart Contract Platform, Layer 1 (L1), FTX Holdings, Proof of Work (PoW), Bitcoin Ecosystem, GMCI 30 Index, GMCI Index, Coinbase 50 Index"
2026-01-08 00:00:00,91257.15544035907,1822220317807.3809,47910812257.04945,bitcoin,btc,Bitcoin,1,19987287.0,19987300.0,21000000.0,126080.0,67.81,-1517.76821005813,-2.14647,"Smart Contract Platform, Layer 1 (L1), FTX Holdings, Proof of Work (PoW), Bitcoin Ecosystem, GMCI 30 Index, GMCI Index, Coinbase 50 Index"
2026-01-09 00:00:00,90983.51578142625,1817249307661.4592,48319133568.469185,bitcoin,btc,Bitcoin,1,19987287.0,19987300.0,21000000.0,126080.0,67.81,-1517.76821005813,-2.14647,"Smart Contract Platform, Layer 1 (L1), FTX Holdings, Proof of Work (PoW), Bitcoin Ecosystem, GMCI 30 Index, GMCI Index, Coinbase 50 Index"
2026-01-10 00:00:00,90504.89560340019,1807784901284.322,43664879516.319695,bitcoin,btc,Bitcoin,1,19987287.0,19987300.0,21000000.0,126080.0,67.81,-1517.76821005813,-2.14647,"Smart Contract Platform, Layer 1 (L1), FTX Holdings, Proof of Work (PoW), Bitcoin Ecosystem, GMCI 30 Index, GMCI Index, Coinbase 50 Index"
2026-01-11 00:00:00,90442.01907847001,1806483854865.5005,13961660357.407768,bitcoin,btc,Bitcoin,1,19987287.0,19987300.0,21000000.0,126080.0,67.81,-1517.76821005813,-2.14647,"Smart Contract Platform, Layer 1 (L1), FTX Holdings, Proof of Work (PoW), Bitcoin Ecosystem, GMCI 30 Index, GMCI Index, Coinbase 50 Index"
2026-01-12 00:00:00,90819.36598904192,1814078415941.0112,19870776213.774654,bitcoin,btc,Bitcoin,1,19987287.0,19987300.0,21000000.0,126080.0,67.81,-1517.76821005813,-2.14647,"Smart Contract Platform, Layer 1 (L1), FTX Holdings, Proof of Work (PoW), Bitcoin Ecosystem, GMCI 30 Index, GMCI Index, Coinbase 50 Index"
2026-01-13 00:00:00,91134.96917951507,1820530763450.6675,46923085427.627655,bitcoin,btc,Bitcoin,1,19987287.0,19987300.0,21000000.0,126080.0,67.81,-1517.76821005813,-2.14647,"Smart Contract Platform, Layer 1 (L1), FTX Holdings, Proof of Work (PoW), Bitcoin Ecosystem, GMCI 30 Index, GMCI Index, Coinbase 50 Index"
2026-01-14 00:00:00,95260.4422971001,1902289955573.257,66844465446.74208,bitcoin,btc,Bitcoin,1,19987287.0,19987300.0,21000000.0,126080.0,67.81,-1517.76821005813,-2.14647,"Smart Contract Platform, Layer 1 (L1), FTX Holdings, Proof of Work (PoW), Bitcoin Ecosystem, GMCI 30 Index, GMCI Index, Coinbase 50 Index"
2026-01-15 00:00:00,97007.78078881276,1938292963237.8118,68433627980.993996,bitcoin,btc,Bitcoin,1,19987287.0,19987300.0,21000000.0,126080.0,67.81,-1517.76821005813,-2.14647,"Smart Contract Platform, Layer 1 (L1), FTX Holdings, Proof of Work (PoW), Bitcoin Ecosystem, GMCI 30 Index, GMCI Index, Coinbase 50 Index"
2026-01-16 00:00:00,95584.82797878512,1909227332523.1567,59629891835.2242,bitcoin,btc,Bitcoin,1,19987287.0,19987300.0,21000000.0,126080.0,67.81,-1517.76821005813,-2.14647,"Smart Contract Platform, Layer 1 (L1), FTX Holdings, Proof of Work (PoW), Bitcoin Ecosystem, GMCI 30 Index, GMCI Index, Coinbase 50 Index"
2026-01-17 00:00:00,95516.07771987123,1907673016263.0132,37208122951.606445,bitcoin,btc,Bitcoin,1,19987287.0,19987300.0,21000000.0,126080.0,67.81,-1517.76821005813,-2.14647,"Smart Contract Platform, Layer 1 (L1), FTX Holdings, Proof of Work (PoW), Bitcoin Ecosystem, GMCI 30 Index, GMCI Index, Coinbase 50 Index"
2026-01-18 00:00:00,95099.53192554631,1899912876486.1714,17839431205.011776,bitcoin,btc,Bitcoin,1,19987287.0,19987300.0,21000000.0,126080.0,67.81,-1517.76821005813,-2.14647,"Smart Contract Platform, Layer 1 (L1), FTX Holdings, Proof of Work (PoW), Bitcoin Ecosystem, GMCI 30 Index, GMCI Index, Coinbase 50 Index"
2026-01-19 00:00:00,93752.70577188236,1874976961280.7039,23132534225.645782,bitcoin,btc,Bitcoin,1,19987287.0,19987300.0,21000000.0,126080.0,67.81,-1517.76821005813,-2.14647,"Smart Contract Platform, Layer 1 (L1), FTX Holdings, Proof of Work (PoW), Bitcoin Ecosystem, GMCI 30 Index, GMCI Index, Coinbase 50 Index"
2026-01-20 00:00:00,92558.46334372147,1849232162887.1968,43338958368.50777,bitcoin,btc,Bitcoin,1,19987287.0,19987300.0,21000000.0,126080.0,67.81,-1517.76821005813,-2.14647,"Smart Contract Platform, Layer 1 (L1), FTX Holdings, Proof of Work (PoW), Bitcoin Ecosystem, GMCI 30 Index, GMCI Index, Coinbase 50 Index"
2026-01-21 00:00:00,88312.84053255555,1764030499464.2656,60578606228.98298,bitcoin,btc,Bitcoin,1,19987287.0,19987300.0,21000000.0,126080.0,67.81,-1517.76821005813,-2.14647,"Smart Contract Platform, Layer 1 (L1), FTX Holdings, Proof of Work (PoW), Bitcoin Ecosystem, GMCI 30 Index, GMCI Index, Coinbase 50 Index"
2026-01-22 00:00:00,89354.34377512129,1785123532735.0352,62357735672.95213,bitcoin,btc,Bitcoin,1,19987287.0,19987300.0,21000000.0,126080.0,67.81,-1517.76821005813,-2.14647,"Smart Contract Platform, Layer 1 (L1), FTX Holdings, Proof of Work (PoW), Bitcoin Ecosystem, GMCI 30 Index, GMCI Index, Coinbase 50 Index"
2026-01-23 00:00:00,89443.39744146909,1787014846080.977,39301750755.698135,bitcoin,btc,Bitcoin,1,19987287.0,19987300.0,21000000.0,126080.0,67.81,-1517.76821005813,-2.14647,"Smart Contract Platform, Layer 1 (L1), FTX Holdings, Proof of Work (PoW), Bitcoin Ecosystem, GMCI 30 Index, GMCI Index, Coinbase 50 Index"
2026-01-24 00:00:00,89412.39849953113,1786292506432.339,43393369570.58639,bitcoin,btc,Bitcoin,1,19987287.0,19987300.0,21000000.0,126080.0,67.81,-1517.76821005813,-2.14647,"Smart Contract Platform, Layer 1 (L1), FTX Holdings, Proof of Work (PoW), Bitcoin Ecosystem, GMCI 30 Index, GMCI Index, Coinbase 50 Index"
2026-01-25 00:00:00,89170.87364531498,1781979789713.3386,16537403154.850498,bitcoin,btc,Bitcoin,1,19987287.0,19987300.0,21000000.0,126080.0,67.81,-1517.76821005813,-2.14647,"Smart Contract Platform, Layer 1 (L1), FTX Holdings, Proof of Work (PoW), Bitcoin Ecosystem, GMCI 30 Index, GMCI Index, Coinbase 50 Index"
2026-01-26 00:00:00,86548.32213469829,1731460015137.4014,39912523619.12114,bitcoin,btc,Bitcoin,1,19987287.0,19987300.0,21000000.0,126080.0,67.81,-1517.76821005813,-2.14647,"Smart Contract Platform, Layer 1 (L1), FTX Holdings, Proof of Work (PoW), Bitcoin Ecosystem, GMCI 30 Index, GMCI Index, Coinbase 50 Index"
2026-01-27 00:00:00,88307.8612070438,1764540020523.9114,50644433646.50017,bitcoin,btc,Bitcoin,1,19987287.0,19987300.0,21000000.0,126080.0,67.81,-1517.76821005813,-2.14647,"Smart Contract Platform, Layer 1 (L1), FTX Holdings, Proof of Work (PoW), Bitcoin Ecosystem, GMCI 30 Index, GMCI Index, Coinbase 50 Index"
2026-01-28 00:00:00,89204.22239644526,1782508769730.2656,43778458930.62677,bitcoin,btc,Bitcoin,1,19987287.0,19987300.0,21000000.0,126080.0,67.81,-1517.76821005813,-2.14647,"Smart Contract Platform, Layer 1 (L1), FTX Holdings, Proof of Work (PoW), Bitcoin Ecosystem, GMCI 30 Index, GMCI Index, Coinbase 50 Index"
2026-01-29 00:00:00,89162.09701574955,1781310220302.3276,45893249753.273575,bitcoin,btc,Bitcoin,1,19987287.0,19987300.0,21000000.0,126080.0,67.81,-1517.76821005813,-2.14647,"Smart Contract Platform, Layer 1 (L1), FTX Holdings, Proof of Work (PoW), Bitcoin Ecosystem, GMCI 30 Index, GMCI Index, Coinbase 50 Index"
2026-01-30 00:00:00,84570.40906135936,1689639802554.1016,70962598615.0189,bitcoin,btc,Bitcoin,1,19987287.0,19987300.0,21000000.0,126080.0,67.81,-1517.76821005813,-2.14647,"Smart Contract Platform, Layer 1 (L1), FTX Holdings, Proof of Work (PoW), Bitcoin Ecosystem, GMCI 30 Index, GMCI Index, Coinbase 50 Index"
2026-01-31 00:00:00,84141.77856967277,1680807873673.8472,79515463845.849,bitcoin,btc,Bitcoin,1,19987287.0,19987300.0,21000000.0,126080.0,67.81,-1517.76821005813,-2.14647,"Smart Contract Platform, Layer 1 (L1), FTX Holdings, Proof of Work (PoW), Bitcoin Ecosystem, GMCI 30 Index, GMCI Index, Coinbase 50 Index"
2026-02-01 00:00:00,78725.85853884545,1573735495563.3943,78488542272.81866,bitcoin,btc,Bitcoin,1,19987287.0,19987300.0,21000000.0,126080.0,67.81,-1517.76821005813,-2.14647,"Smart Contract Platform, Layer 1 (L1), FTX Holdings, Proof of Work (PoW), Bitcoin Ecosystem, GMCI 30 Index, GMCI Index, Coinbase 50 Index"
2026-02-02 00:00:00,76937.06406636834,1537520318473.685,58330740751.53287,bitcoin,btc,Bitcoin,1,19987287.0,19987300.0,21000000.0,126080.0,67.81,-1517.76821005813,-2.14647,"Smart Contract Platform, Layer 1 (L1), FTX Holdings, Proof of Work (PoW), Bitcoin Ecosystem, GMCI 30 Index, GMCI Index, Coinbase 50 Index"
2026-02-03 00:00:00,78767.65815345927,1573216672021.9187,84675130404.55545,bitcoin,btc,Bitcoin,1,19987287.0,19987300.0,21000000.0,126080.0,67.81,-1517.76821005813,-2.14647,"Smart Contract Platform, Layer 1 (L1), FTX Holdings, Proof of Work (PoW), Bitcoin Ecosystem, GMCI 30 Index, GMCI Index, Coinbase 50 Index"
2026-02-04 00:00:00,75638.95670207398,1512165605443.8088,73734215653.24066,bitcoin,btc,Bitcoin,1,19987287.0,19987300.0,21000000.0,126080.0,67.81,-1517.76821005813,-2.14647,"Smart Contract Platform, Layer 1 (L1), FTX Holdings, Proof of Work (PoW), Bitcoin Ecosystem, GMCI 30 Index, GMCI Index, Coinbase 50 Index"
2026-02-05 00:00:00,73172.29203248928,1463518712915.32,74109194166.40112,bitcoin,btc,Bitcoin,1,19987287.0,19987300.0,21000000.0,126080.0,67.81,-1517.76821005813,-2.14647,"Smart Contract Platform, Layer 1 (L1), FTX Holdings, Proof of Work (PoW), Bitcoin Ecosystem, GMCI 30 Index, GMCI Index, Coinbase 50 Index"
2026-02-06 00:00:00,62853.69038445987,1262033077144.5305,142403234254.4544,bitcoin,btc,Bitcoin,1,19987287.0,19987300.0,21000000.0,126080.0,67.81,-1517.76821005813,-2.14647,"Smart Contract Platform, Layer 1 (L1), FTX Holdings, Proof of Work (PoW), Bitcoin Ecosystem, GMCI 30 Index, GMCI Index, Coinbase 50 Index"
2026-02-07 00:00:00,70523.95417035831,1410203662656.3728,128662818793.56021,bitcoin,btc,Bitcoin,1,19987287.0,19987300.0,21000000.0,126080.0,67.81,-1517.76821005813,-2.14647,"Smart Contract Platform, Layer 1 (L1), FTX Holdings, Proof of Work (PoW), Bitcoin Ecosystem, GMCI 30 Index, GMCI Index, Coinbase 50 Index"
2026-02-08 00:00:00,69296.80677355142,1385532837702.3442,68978204828.46071,bitcoin,btc,Bitcoin,1,19987287.0,19987300.0,21000000.0,126080.0,67.81,-1517.76821005813,-2.14647,"Smart Contract Platform, Layer 1 (L1), FTX Holdings, Proof of Work (PoW), Bitcoin Ecosystem, GMCI 30 Index, GMCI Index, Coinbase 50 Index"
2026-02-09 00:00:00,70542.37329463876,1411671712614.3147,42782981463.70375,bitcoin,btc,Bitcoin,1,19987287.0,19987300.0,21000000.0,126080.0,67.81,-1517.76821005813,-2.14647,"Smart Contract Platform, Layer 1 (L1), FTX Holdings, Proof of Work (PoW), Bitcoin Ecosystem, GMCI 30 Index, GMCI Index, Coinbase 50 Index"
2026-02-10 00:00:00,70096.40692272567,1400898153463.9268,56115089203.17752,bitcoin,btc,Bitcoin,1,19987287.0,19987300.0,21000000.0,126080.0,67.81,-1517.76821005813,-2.14647,"Smart Contract Platform, Layer 1 (L1), FTX Holdings, Proof of Work (PoW), Bitcoin Ecosystem, GMCI 30 Index, GMCI Index, Coinbase 50 Index"
2026-02-10 19:39:40,69178.91683607087,1381872063176.2239,44268274579.0989,bitcoin,btc,Bitcoin,1,19987287.0,19987300.0,21000000.0,126080.0,67.81,-1517.76821005813,-2.14647,"Smart Contract Platform, Layer 1 (L1), FTX Holdings, Proof of Work (PoW), Bitcoin Ecosystem, GMCI 30 Index, GMCI Index, Coinbase 50 Index"
2025-02-11 00:00:00,2660.2967996436387,320711545303.1932,18843420567.42921,ethereum,eth,Ethereum,2,120692588.7575344,120692588.7575344,,4946.05,0.432979,-108.629280192704,-5.09845,"Smart Contract Platform, Layer 1 (L1), Ethereum Ecosystem, FTX Holdings, Multicoin Capital Portfolio, Proof of Stake (PoS), Alameda Research Portfolio, Andreessen Horowitz (a16z) Portfolio, GMCI Layer 1 Index, GMCI 30 Index, Delphi Ventures Portfolio, Galaxy Digital Portfolio, GMCI Index, World Liberty Financial Portfolio, Coinbase 50 Index"
2025-02-12 00:00:00,2603.0333698049267,313943237177.0695,21212910085.211273,ethereum,eth,Ethereum,2,120692588.7575344,120692588.7575344,,4946.05,0.432979,-108.629280192704,-5.09845,"Smart Contract Platform, Layer 1 (L1), Ethereum Ecosystem, FTX Holdings, Multicoin Capital Portfolio, Proof of Stake (PoS), Alameda Research Portfolio, Andreessen Horowitz (a16z) Portfolio, GMCI Layer 1 Index, GMCI 30 Index, Delphi Ventures Portfolio, Galaxy Digital Portfolio, GMCI Index, World Liberty Financial Portfolio, Coinbase 50 Index"
2025-02-13 00:00:00,2736.2703136032396,329492522913.44,26503660438.845695,ethereum,eth,Ethereum,2,120692588.7575344,120692588.7575344,,4946.05,0.432979,-108.629280192704,-5.09845,"Smart Contract Platform, Layer 1 (L1), Ethereum Ecosystem, FTX Holdings, Multicoin Capital Portfolio, Proof of Stake (PoS), Alameda Research Portfolio, Andreessen Horowitz (a16z) Portfolio, GMCI Layer 1 Index, GMCI 30 Index, Delphi Ventures Portfolio, Galaxy Digital Portfolio, GMCI Index, World Liberty Financial Portfolio, Coinbase 50 Index"
2025-02-14 00:00:00,2675.7090007037627,322584072350.2765,18938191215.29619,ethereum,eth,Ethereum,2,120692588.7575344,120692588.7575344,,4946.05,0.432979,-108.629280192704,-5.09845,"Smart Contract Platform, Layer 1 (L1), Ethereum Ecosystem, FTX Holdings, Multicoin Capital Portfolio, Proof of Stake (PoS), Alameda Research Portfolio, Andreessen Horowitz (a16z) Portfolio, GMCI Layer 1 Index, GMCI 30 Index, Delphi Ventures Portfolio, Galaxy Digital Portfolio, GMCI Index, World Liberty Financial Portfolio, Coinbase 50 Index"
2025-02-15 00:00:00,2724.6698335873957,328399065363.05505,17416785872.704834,ethereum,eth,Ethereum,2,120692588.7575344,120692588.7575344,,4946.05,0.432979,-108.629280192704,-5.09845,"Smart Contract Platform, Layer 1 (L1), Ethereum Ecosystem, FTX Holdings, Multicoin Capital Portfolio, Proof of Stake (PoS), Alameda Research Portfolio, Andreessen Horowitz (a16z) Portfolio, GMCI Layer 1 Index, GMCI 30 Index, Delphi Ventures Portfolio, Galaxy Digital Portfolio, GMCI Index, World Liberty Financial Portfolio, Coinbase 50 Index"
2025-02-16 00:00:00,2692.8213863864253,324625278431.52954,8896321414.559013,ethereum,eth,Ethereum,2,120692588.7575344,120692588.7575344,,4946.05,0.432979,-108.629280192704,-5.09845,"Smart Contract Platform, Layer 1 (L1), Ethereum Ecosystem, FTX Holdings, Multicoin Capital Portfolio, Proof of Stake (PoS), Alameda Research Portfolio, Andreessen Horowitz (a16z) Portfolio, GMCI Layer 1 Index, GMCI 30 Index, Delphi Ventures Portfolio, Galaxy Digital Portfolio, GMCI Index, World Liberty Financial Portfolio, Coinbase 50 Index"
2025-02-17 00:00:00,2659.9017474093457,320529173059.00665,8757895115.47748,ethereum,eth,Ethereum,2,120692588.7575344,120692588.7575344,,4946.05,0.432979,-108.629280192704,-5.09845,"Smart Contract Platform, Layer 1 (L1), Ethereum Ecosystem, FTX Holdings, Multicoin Capital Portfolio, Proof of Stake (PoS), Alameda Research Portfolio, Andreessen Horowitz (a16z) Portfolio, GMCI Layer 1 Index, GMCI 30 Index, Delphi Ventures Portfolio, Galaxy Digital Portfolio, GMCI Index, World Liberty Financial Portfolio, Coinbase 50 Index"
2025-02-18 00:00:00,2741.9050800956124,330464530098.92377,24666373348.432693,ethereum,eth,Ethereum,2,120692588.7575344,120692588.7575344,,4946.05,0.432979,-108.629280192704,-5.09845,"Smart Contract Platform, Layer 1 (L1), Ethereum Ecosystem, FTX Holdings, Multicoin Capital Portfolio, Proof of Stake (PoS), Alameda Research Portfolio, Andreessen Horowitz (a16z) Portfolio, GMCI Layer 1 Index, GMCI 30 Index, Delphi Ventures Portfolio, Galaxy Digital Portfolio, GMCI Index, World Liberty Financial Portfolio, Coinbase 50 Index"
2025-02-19 00:00:00,2669.4945006896073,321688672383.7524,24353300611.506603,ethereum,eth,Ethereum,2,120692588.7575344,120692588.7575344,,4946.05,0.432979,-108.629280192704,-5.09845,"Smart Contract Platform, Layer 1 (L1), Ethereum Ecosystem, FTX Holdings, Multicoin Capital Portfolio, Proof of Stake (PoS), Alameda Research Portfolio, Andreessen Horowitz (a16z) Portfolio, GMCI Layer 1 Index, GMCI 30 Index, Delphi Ventures Portfolio, Galaxy Digital Portfolio, GMCI Index, World Liberty Financial Portfolio, Coinbase 50 Index"
2025-02-20 00:00:00,2714.8018364720533,327248168186.7616,13398586820.912325,ethereum,eth,Ethereum,2,120692588.7575344,120692588.7575344,,4946.05,0.432979,-108.629280192704,-5.09845,"Smart Contract Platform, Layer 1 (L1), Ethereum Ecosystem, FTX Holdings, Multicoin Capital Portfolio, Proof of Stake (PoS), Alameda Research Portfolio, Andreessen Horowitz (a16z) Portfolio, GMCI Layer 1 Index, GMCI 30 Index, Delphi Ventures Portfolio, Galaxy Digital Portfolio, GMCI Index, World Liberty Financial Portfolio, Coinbase 50 Index"
2025-02-21 00:00:00,2741.5933625994785,330517520397.0965,14550027648.522171,ethereum,eth,Ethereum,2,120692588.7575344,120692588.7575344,,4946.05,0.432979,-108.629280192704,-5.09845,"Smart Contract Platform, Layer 1 (L1), Ethereum Ecosystem, FTX Holdings, Multicoin Capital Portfolio, Proof of Stake (PoS), Alameda Research Portfolio, Andreessen Horowitz (a16z) Portfolio, GMCI Layer 1 Index, GMCI 30 Index, Delphi Ventures Portfolio, Galaxy Digital Portfolio, GMCI Index, World Liberty Financial Portfolio, Coinbase 50 Index"
2025-02-22 00:00:00,2658.3470942919384,320508273451.5576,31770375573.3895,ethereum,eth,Ethereum,2,120692588.7575344,120692588.7575344,,4946.05,0.432979,-108.629280192704,-5.09845,"Smart Contract Platform, Layer 1 (L1), Ethereum Ecosystem, FTX Holdings, Multicoin Capital Portfolio, Proof of Stake (PoS), Alameda Research Portfolio, Andreessen Horowitz (a16z) Portfolio, GMCI Layer 1 Index, GMCI 30 Index, Delphi Ventures Portfolio, Galaxy Digital Portfolio, GMCI Index, World Liberty Financial Portfolio, Coinbase 50 Index"
2025-02-23 00:00:00,2764.355233404291,333381856893.82196,17576653979.14654,ethereum,eth,Ethereum,2,120692588.7575344,120692588.7575344,,4946.05,0.432979,-108.629280192704,-5.09845,"Smart Contract Platform, Layer 1 (L1), Ethereum Ecosystem, FTX Holdings, Multicoin Capital Portfolio, Proof of Stake (PoS), Alameda Research Portfolio, Andreessen Horowitz (a16z) Portfolio, GMCI Layer 1 Index, GMCI 30 Index, Delphi Ventures Portfolio, Galaxy Digital Portfolio, GMCI Index, World Liberty Financial Portfolio, Coinbase 50 Index"
2025-02-24 00:00:00,2827.1844084879804,340712999974.1412,21394599890.269897,ethereum,eth,Ethereum,2,120692588.7575344,120692588.7575344,,4946.05,0.432979,-108.629280192704,-5.09845,"Smart Contract Platform, Layer 1 (L1), Ethereum Ecosystem, FTX Holdings, Multicoin Capital Portfolio, Proof of Stake (PoS), Alameda Research Portfolio, Andreessen Horowitz (a16z) Portfolio, GMCI Layer 1 Index, GMCI 30 Index, Delphi Ventures Portfolio, Galaxy Digital Portfolio, GMCI Index, World Liberty Financial Portfolio, Coinbase 50 Index"
2025-02-25 00:00:00,2503.103420098605,301769340440.05,31014455208.756138,ethereum,eth,Ethereum,2,120692588.7575344,120692588.7575344,,4946.05,0.432979,-108.629280192704,-5.09845,"Smart Contract Platform, Layer 1 (L1), Ethereum Ecosystem, FTX Holdings, Multicoin Capital Portfolio, Proof of Stake (PoS), Alameda Research Portfolio, Andreessen Horowitz (a16z) Portfolio, GMCI Layer 1 Index, GMCI 30 Index, Delphi Ventures Portfolio, Galaxy Digital Portfolio, GMCI Index, World Liberty Financial Portfolio, Coinbase 50 Index"
2025-02-26 00:00:00,2495.315451693047,301064649480.5458,42875934003.323944,ethereum,eth,Ethereum,2,120692588.7575344,120692588.7575344,,4946.05,0.432979,-108.629280192704,-5.09845,"Smart Contract Platform, Layer 1 (L1), Ethereum Ecosystem, FTX Holdings, Multicoin Capital Portfolio, Proof of Stake (PoS), Alameda Research Portfolio, Andreessen Horowitz (a16z) Portfolio, GMCI Layer 1 Index, GMCI 30 Index, Delphi Ventures Portfolio, Galaxy Digital Portfolio, GMCI Index, World Liberty Financial Portfolio, Coinbase 50 Index"
2025-02-27 00:00:00,2325.853934699374,280668025121.2334,28109120496.698666,ethereum,eth,Ethereum,2,120692588.7575344,120692588.7575344,,4946.05,0.432979,-108.629280192704,-5.09845,"Smart Contract Platform, Layer 1 (L1), Ethereum Ecosystem, FTX Holdings, Multicoin Capital Portfolio, Proof of Stake (PoS), Alameda Research Portfolio, Andreessen Horowitz (a16z) Portfolio, GMCI Layer 1 Index, GMCI 30 Index, Delphi Ventures Portfolio, Galaxy Digital Portfolio, GMCI Index, World Liberty Financial Portfolio, Coinbase 50 Index"
2025-02-28 00:00:00,2305.3229378029837,277936135130.74036,89259450649.58,ethereum,eth,Ethereum,2,120692588.7575344,120692588.7575344,,4946.05,0.432979,-108.629280192704,-5.09845,"Smart Contract Platform, Layer 1 (L1), Ethereum Ecosystem, FTX Holdings, Multicoin Capital Portfolio, Proof of Stake (PoS), Alameda Research Portfolio, Andreessen Horowitz (a16z) Portfolio, GMCI Layer 1 Index, GMCI 30 Index, Delphi Ventures Portfolio, Galaxy Digital Portfolio, GMCI Index, World Liberty Financial Portfolio, Coinbase 50 Index"
2025-03-01 00:00:00,2235.204208608959,269516471615.1616,32905594283.00643,ethereum,eth,Ethereum,2,120692588.7575344,120692588.7575344,,4946.05,0.432979,-108.629280192704,-5.09845,"Smart Contract Platform, Layer 1 (L1), Ethereum Ecosystem, FTX Holdings, Multicoin Capital Portfolio, Proof of Stake (PoS), Alameda Research Portfolio, Andreessen Horowitz (a16z) Portfolio, GMCI Layer 1 Index, GMCI 30 Index, Delphi Ventures Portfolio, Galaxy Digital Portfolio, GMCI Index, World Liberty Financial Portfolio, Coinbase 50 Index"
2025-03-02 00:00:00,2212.8243514969954,266823935338.2421,16103021679.018568,ethereum,eth,Ethereum,2,120692588.7575344,120692588.7575344,,4946.05,0.432979,-108.629280192704,-5.09845,"Smart Contract Platform, Layer 1 (L1), Ethereum Ecosystem, FTX Holdings, Multicoin Capital Portfolio, Proof of Stake (PoS), Alameda Research Portfolio, Andreessen Horowitz (a16z) Portfolio, GMCI Layer 1 Index, GMCI 30 Index, Delphi Ventures Portfolio, Galaxy Digital Portfolio, GMCI Index, World Liberty Financial Portfolio, Coinbase 50 Index"
2025-03-03 00:00:00,2517.3382391622977,303306117779.7704,37907412347.33495,ethereum,eth,Ethereum,2,120692588.7575344,120692588.7575344,,4946.05,0.432979,-108.629280192704,-5.09845,"Smart Contract Platform, Layer 1 (L1), Ethereum Ecosystem, FTX Holdings, Multicoin Capital Portfolio, Proof of Stake (PoS), Alameda Research Portfolio, Andreessen Horowitz (a16z) Portfolio, GMCI Layer 1 Index, GMCI 30 Index, Delphi Ventures Portfolio, Galaxy Digital Portfolio, GMCI Index, World Liberty Financial Portfolio, Coinbase 50 Index"
2025-03-04 00:00:00,2148.199533470228,259111889993.75626,33501080617.480988,ethereum,eth,Ethereum,2,120692588.7575344,120692588.7575344,,4946.05,0.432979,-108.629280192704,-5.09845,"Smart Contract Platform, Layer 1 (L1), Ethereum Ecosystem, FTX Holdings, Multicoin Capital Portfolio, Proof of Stake (PoS), Alameda Research Portfolio, Andreessen Horowitz (a16z) Portfolio, GMCI Layer 1 Index, GMCI 30 Index, Delphi Ventures Portfolio, Galaxy Digital Portfolio, GMCI Index, World Liberty Financial Portfolio, Coinbase 50 Index"
2025-03-05 00:00:00,2171.496943535016,261805780842.5489,35524086282.76523,ethereum,eth,Ethereum,2,120692588.7575344,120692588.7575344,,4946.05,0.432979,-108.629280192704,-5.09845,"Smart Contract Platform, Layer 1 (L1), Ethereum Ecosystem, FTX Holdings, Multicoin Capital Portfolio, Proof of Stake (PoS), Alameda Research Portfolio, Andreessen Horowitz (a16z) Portfolio, GMCI Layer 1 Index, GMCI 30 Index, Delphi Ventures Portfolio, Galaxy Digital Portfolio, GMCI Index, World Liberty Financial Portfolio, Coinbase 50 Index"
2025-03-06 00:00:00,2241.3841149187283,270490243838.00568,22236307931.758247,ethereum,eth,Ethereum,2,120692588.7575344,120692588.7575344,,4946.05,0.432979,-108.629280192704,-5.09845,"Smart Contract Platform, Layer 1 (L1), Ethereum Ecosystem, FTX Holdings, Multicoin Capital Portfolio, Proof of Stake (PoS), Alameda Research Portfolio, Andreessen Horowitz (a16z) Portfolio, GMCI Layer 1 Index, GMCI 30 Index, Delphi Ventures Portfolio, Galaxy Digital Portfolio, GMCI Index, World Liberty Financial Portfolio, Coinbase 50 Index"
2025-03-07 00:00:00,2202.3207363495417,265270135615.0983,19895800679.328133,ethereum,eth,Ethereum,2,120692588.7575344,120692588.7575344,,4946.05,0.432979,-108.629280192704,-5.09845,"Smart Contract Platform, Layer 1 (L1), Ethereum Ecosystem, FTX Holdings, Multicoin Capital Portfolio, Proof of Stake (PoS), Alameda Research Portfolio, Andreessen Horowitz (a16z) Portfolio, GMCI Layer 1 Index, GMCI 30 Index, Delphi Ventures Portfolio, Galaxy Digital Portfolio, GMCI Index, World Liberty Financial Portfolio, Coinbase 50 Index"
2025-03-08 00:00:00,2140.7498089428914,257899503839.8083,21716710066.08888,ethereum,eth,Ethereum,2,120692588.7575344,120692588.7575344,,4946.05,0.432979,-108.629280192704,-5.09845,"Smart Contract Platform, Layer 1 (L1), Ethereum Ecosystem, FTX Holdings, Multicoin Capital Portfolio, Proof of Stake (PoS), Alameda Research Portfolio, Andreessen Horowitz (a16z) Portfolio, GMCI Layer 1 Index, GMCI 30 Index, Delphi Ventures Portfolio, Galaxy Digital Portfolio, GMCI Index, World Liberty Financial Portfolio, Coinbase 50 Index"
2025-03-09 00:00:00,2199.9995000805707,265129957012.69815,11257666715.795546,ethereum,eth,Ethereum,2,120692588.7575344,120692588.7575344,,4946.05,0.432979,-108.629280192704,-5.09845,"Smart Contract Platform, Layer 1 (L1), Ethereum Ecosystem, FTX Holdings, Multicoin Capital Portfolio, Proof of Stake (PoS), Alameda Research Portfolio, Andreessen Horowitz (a16z) Portfolio, GMCI Layer 1 Index, GMCI 30 Index, Delphi Ventures Portfolio, Galaxy Digital Portfolio, GMCI Index, World Liberty Financial Portfolio, Coinbase 50 Index"
2025-03-10 00:00:00,2017.265460184326,243298514477.01385,17577023963.685375,ethereum,eth,Ethereum,2,120692588.7575344,120692588.7575344,,4946.05,0.432979,-108.629280192704,-5.09845,"Smart Contract Platform, Layer 1 (L1), Ethereum Ecosystem, FTX Holdings, Multicoin Capital Portfolio, Proof of Stake (PoS), Alameda Research Portfolio, Andreessen Horowitz (a16z) Portfolio, GMCI Layer 1 Index, GMCI 30 Index, Delphi Ventures Portfolio, Galaxy Digital Portfolio, GMCI Index, World Liberty Financial Portfolio, Coinbase 50 Index"
2025-03-11 00:00:00,1879.1231054991026,226713493940.29108,36577317615.21765,ethereum,eth,Ethereum,2,120692588.7575344,120692588.7575344,,4946.05,0.432979,-108.629280192704,-5.09845,"Smart Contract Platform, Layer 1 (L1), Ethereum Ecosystem, FTX Holdings, Multicoin Capital Portfolio, Proof of Stake (PoS), Alameda Research Portfolio, Andreessen Horowitz (a16z) Portfolio, GMCI Layer 1 Index, GMCI 30 Index, Delphi Ventures Portfolio, Galaxy Digital Portfolio, GMCI Index, World Liberty Financial Portfolio, Coinbase 50 Index"
2025-03-12 00:00:00,1921.3099227587034,232024934655.6445,30046602111.893852,ethereum,eth,Ethereum,2,120692588.7575344,120692588.7575344,,4946.05,0.432979,-108.629280192704,-5.09845,"Smart Contract Platform, Layer 1 (L1), Ethereum Ecosystem, FTX Holdings, Multicoin Capital Portfolio, Proof of Stake (PoS), Alameda Research Portfolio, Andreessen Horowitz (a16z) Portfolio, GMCI Layer 1 Index, GMCI 30 Index, Delphi Ventures Portfolio, Galaxy Digital Portfolio, GMCI Index, World Liberty Financial Portfolio, Coinbase 50 Index"
2025-03-13 00:00:00,1910.6551381032464,230443739229.907,24499314730.70381,ethereum,eth,Ethereum,2,120692588.7575344,120692588.7575344,,4946.05,0.432979,-108.629280192704,-5.09845,"Smart Contract Platform, Layer 1 (L1), Ethereum Ecosystem, FTX Holdings, Multicoin Capital Portfolio, Proof of Stake (PoS), Alameda Research Portfolio, Andreessen Horowitz (a16z) Portfolio, GMCI Layer 1 Index, GMCI 30 Index, Delphi Ventures Portfolio, Galaxy Digital Portfolio, GMCI Index, World Liberty Financial Portfolio, Coinbase 50 Index"
2025-03-14 00:00:00,1862.7949366490388,224658866951.8703,19212414462.181553,ethereum,eth,Ethereum,2,120692588.7575344,120692588.7575344,,4946.05,0.432979,-108.629280192704,-5.09845,"Smart Contract Platform, Layer 1 (L1), Ethereum Ecosystem, FTX Holdings, Multicoin Capital Portfolio, Proof of Stake (PoS), Alameda Research Portfolio, Andreessen Horowitz (a16z) Portfolio, GMCI Layer 1 Index, GMCI 30 Index, Delphi Ventures Portfolio, Galaxy Digital Portfolio, GMCI Index, World Liberty Financial Portfolio, Coinbase 50 Index"
2025-03-15 00:00:00,1910.6662703455045,230476916425.01935,12949972214.265629,ethereum,eth,Ethereum,2,120692588.7575344,120692588.7575344,,4946.05,0.432979,-108.629280192704,-5.09845,"Smart Contract Platform, Layer 1 (L1), Ethereum Ecosystem, FTX Holdings, Multicoin Capital Portfolio, Proof of Stake (PoS), Alameda Research Portfolio, Andreessen Horowitz (a16z) Portfolio, GMCI Layer 1 Index, GMCI 30 Index, Delphi Ventures Portfolio, Galaxy Digital Portfolio, GMCI Index, World Liberty Financial Portfolio, Coinbase 50 Index"
2025-03-16 00:00:00,1939.7856881721348,233970291611.3664,6944891086.050841,ethereum,eth,Ethereum,2,120692588.7575344,120692588.7575344,,4946.05,0.432979,-108.629280192704,-5.09845,"Smart Contract Platform, Layer 1 (L1), Ethereum Ecosystem, FTX Holdings, Multicoin Capital Portfolio, Proof of Stake (PoS), Alameda Research Portfolio, Andreessen Horowitz (a16z) Portfolio, GMCI Layer 1 Index, GMCI 30 Index, Delphi Ventures Portfolio, Galaxy Digital Portfolio, GMCI Index, World Liberty Financial Portfolio, Coinbase 50 Index"
2025-03-17 00:00:00,1887.7643429692785,227688957214.28125,9486242392.181334,ethereum,eth,Ethereum,2,120692588.7575344,120692588.7575344,,4946.05,0.432979,-108.629280192704,-5.09845,"Smart Contract Platform, Layer 1 (L1), Ethereum Ecosystem, FTX Holdings, Multicoin Capital Portfolio, Proof of Stake (PoS), Alameda Research Portfolio, Andreessen Horowitz (a16z) Portfolio, GMCI Layer 1 Index, GMCI 30 Index, Delphi Ventures Portfolio, Galaxy Digital Portfolio, GMCI Index, World Liberty Financial Portfolio, Coinbase 50 Index"
2025-03-18 00:00:00,1929.1833577618722,232725366276.39935,11251166846.249075,ethereum,eth,Ethereum,2,120692588.7575344,120692588.7575344,,4946.05,0.432979,-108.629280192704,-5.09845,"Smart Contract Platform, Layer 1 (L1), Ethereum Ecosystem, FTX Holdings, Multicoin Capital Portfolio, Proof of Stake (PoS), Alameda Research Portfolio, Andreessen Horowitz (a16z) Portfolio, GMCI Layer 1 Index, GMCI 30 Index, Delphi Ventures Portfolio, Galaxy Digital Portfolio, GMCI Index, World Liberty Financial Portfolio, Coinbase 50 Index"
2025-03-19 00:00:00,1932.7964059050657,233152161415.72287,10887619567.393353,ethereum,eth,Ethereum,2,120692588.7575344,120692588.7575344,,4946.05,0.432979,-108.629280192704,-5.09845,"Smart Contract Platform, Layer 1 (L1), Ethereum Ecosystem, FTX Holdings, Multicoin Capital Portfolio, Proof of Stake (PoS), Alameda Research Portfolio, Andreessen Horowitz (a16z) Portfolio, GMCI Layer 1 Index, GMCI 30 Index, Delphi Ventures Portfolio, Galaxy Digital Portfolio, GMCI Index, World Liberty Financial Portfolio, Coinbase 50 Index"
2025-03-20 00:00:00,2060.728601068271,248434080718.19073,20374739988.65224,ethereum,eth,Ethereum,2,120692588.7575344,120692588.7575344,,4946.05,0.432979,-108.629280192704,-5.09845,"Smart Contract Platform, Layer 1 (L1), Ethereum Ecosystem, FTX Holdings, Multicoin Capital Portfolio, Proof of Stake (PoS), Alameda Research Portfolio, Andreessen Horowitz (a16z) Portfolio, GMCI Layer 1 Index, GMCI 30 Index, Delphi Ventures Portfolio, Galaxy Digital Portfolio, GMCI Index, World Liberty Financial Portfolio, Coinbase 50 Index"
2025-03-21 00:00:00,1980.831780524645,238984217654.16632,14303790085.616615,ethereum,eth,Ethereum,2,120692588.7575344,120692588.7575344,,4946.05,0.432979,-108.629280192704,-5.09845,"Smart Contract Platform, Layer 1 (L1), Ethereum Ecosystem, FTX Holdings, Multicoin Capital Portfolio, Proof of Stake (PoS), Alameda Research Portfolio, Andreessen Horowitz (a16z) Portfolio, GMCI Layer 1 Index, GMCI 30 Index, Delphi Ventures Portfolio, Galaxy Digital Portfolio, GMCI Index, World Liberty Financial Portfolio, Coinbase 50 Index"
2025-03-22 00:00:00,1964.5293833168294,236980043535.89395,9890112887.282015,ethereum,eth,Ethereum,2,120692588.7575344,120692588.7575344,,4946.05,0.432979,-108.629280192704,-5.09845,"Smart Contract Platform, Layer 1 (L1), Ethereum Ecosystem, FTX Holdings, Multicoin Capital Portfolio, Proof of Stake (PoS), Alameda Research Portfolio, Andreessen Horowitz (a16z) Portfolio, GMCI Layer 1 Index, GMCI 30 Index, Delphi Ventures Portfolio, Galaxy Digital Portfolio, GMCI Index, World Liberty Financial Portfolio, Coinbase 50 Index"
2025-03-23 00:00:00,1979.5449257665966,238753335160.5841,6195605844.536302,ethereum,eth,Ethereum,2,120692588.7575344,120692588.7575344,,4946.05,0.432979,-108.629280192704,-5.09845,"Smart Contract Platform, Layer 1 (L1), Ethereum Ecosystem, FTX Holdings, Multicoin Capital Portfolio, Proof of Stake (PoS), Alameda Research Portfolio, Andreessen Horowitz (a16z) Portfolio, GMCI Layer 1 Index, GMCI 30 Index, Delphi Ventures Portfolio, Galaxy Digital Portfolio, GMCI Index, World Liberty Financial Portfolio, Coinbase 50 Index"
2025-03-24 00:00:00,2001.0470230951883,241404254258.0785,7991413702.677865,ethereum,eth,Ethereum,2,120692588.7575344,120692588.7575344,,4946.05,0.432979,-108.629280192704,-5.09845,"Smart Contract Platform, Layer 1 (L1), Ethereum Ecosystem, FTX Holdings, Multicoin Capital Portfolio, Proof of Stake (PoS), Alameda Research Portfolio, Andreessen Horowitz (a16z) Portfolio, GMCI Layer 1 Index, GMCI 30 Index, Delphi Ventures Portfolio, Galaxy Digital Portfolio, GMCI Index, World Liberty Financial Portfolio, Coinbase 50 Index"
2025-03-25 00:00:00,2077.739325831977,250648654235.6259,15676451247.546822,ethereum,eth,Ethereum,2,120692588.7575344,120692588.7575344,,4946.05,0.432979,-108.629280192704,-5.09845,"Smart Contract Platform, Layer 1 (L1), Ethereum Ecosystem, FTX Holdings, Multicoin Capital Portfolio, Proof of Stake (PoS), Alameda Research Portfolio, Andreessen Horowitz (a16z) Portfolio, GMCI Layer 1 Index, GMCI 30 Index, Delphi Ventures Portfolio, Galaxy Digital Portfolio, GMCI Index, World Liberty Financial Portfolio, Coinbase 50 Index"
2025-03-26 00:00:00,2068.598435049149,249404519198.06433,12563169733.005245,ethereum,eth,Ethereum,2,120692588.7575344,120692588.7575344,,4946.05,0.432979,-108.629280192704,-5.09845,"Smart Contract Platform, Layer 1 (L1), Ethereum Ecosystem, FTX Holdings, Multicoin Capital Portfolio, Proof of Stake (PoS), Alameda Research Portfolio, Andreessen Horowitz (a16z) Portfolio, GMCI Layer 1 Index, GMCI 30 Index, Delphi Ventures Portfolio, Galaxy Digital Portfolio, GMCI Index, World Liberty Financial Portfolio, Coinbase 50 Index"
2025-03-27 00:00:00,2009.8835432902426,242347645799.6622,14024859854.906677,ethereum,eth,Ethereum,2,120692588.7575344,120692588.7575344,,4946.05,0.432979,-108.629280192704,-5.09845,"Smart Contract Platform, Layer 1 (L1), Ethereum Ecosystem, FTX Holdings, Multicoin Capital Portfolio, Proof of Stake (PoS), Alameda Research Portfolio, Andreessen Horowitz (a16z) Portfolio, GMCI Layer 1 Index, GMCI 30 Index, Delphi Ventures Portfolio, Galaxy Digital Portfolio, GMCI Index, World Liberty Financial Portfolio, Coinbase 50 Index"
2025-03-28 00:00:00,2003.3034241292064,241580699763.4796,12136188059.422693,ethereum,eth,Ethereum,2,120692588.7575344,120692588.7575344,,4946.05,0.432979,-108.629280192704,-5.09845,"Smart Contract Platform, Layer 1 (L1), Ethereum Ecosystem, FTX Holdings, Multicoin Capital Portfolio, Proof of Stake (PoS), Alameda Research Portfolio, Andreessen Horowitz (a16z) Portfolio, GMCI Layer 1 Index, GMCI 30 Index, Delphi Ventures Portfolio, Galaxy Digital Portfolio, GMCI Index, World Liberty Financial Portfolio, Coinbase 50 Index"
2025-03-29 00:00:00,1896.9173600459985,228784244898.24844,18419487648.39739,ethereum,eth,Ethereum,2,120692588.7575344,120692588.7575344,,4946.05,0.432979,-108.629280192704,-5.09845,"Smart Contract Platform, Layer 1 (L1), Ethereum Ecosystem, FTX Holdings, Multicoin Capital Portfolio, Proof of Stake (PoS), Alameda Research Portfolio, Andreessen Horowitz (a16z) Portfolio, GMCI Layer 1 Index, GMCI 30 Index, Delphi Ventures Portfolio, Galaxy Digital Portfolio, GMCI Index, World Liberty Financial Portfolio, Coinbase 50 Index"
2025-03-30 00:00:00,1829.2745211803463,220262156018.88525,12924117064.878807,ethereum,eth,Ethereum,2,120692588.7575344,120692588.7575344,,4946.05,0.432979,-108.629280192704,-5.09845,"Smart Contract Platform, Layer 1 (L1), Ethereum Ecosystem, FTX Holdings, Multicoin Capital Portfolio, Proof of Stake (PoS), Alameda Research Portfolio, Andreessen Horowitz (a16z) Portfolio, GMCI Layer 1 Index, GMCI 30 Index, Delphi Ventures Portfolio, Galaxy Digital Portfolio, GMCI Index, World Liberty Financial Portfolio, Coinbase 50 Index"
2025-03-31 00:00:00,1805.3378779435934,217784813538.97607,10056531345.160347,ethereum,eth,Ethereum,2,120692588.7575344,120692588.7575344,,4946.05,0.432979,-108.629280192704,-5.09845,"Smart Contract Platform, Layer 1 (L1), Ethereum Ecosystem, FTX Holdings, Multicoin Capital Portfolio, Proof of Stake (PoS), Alameda Research Portfolio, Andreessen Horowitz (a16z) Portfolio, GMCI Layer 1 Index, GMCI 30 Index, Delphi Ventures Portfolio, Galaxy Digital Portfolio, GMCI Index, World Liberty Financial Portfolio, Coinbase 50 Index"
2025-04-01 00:00:00,1824.2071367609847,219908040559.44638,17022367813.88877,ethereum,eth,Ethereum,2,120692588.7575344,120692588.7575344,,4946.05,0.432979,-108.629280192704,-5.09845,"Smart Contract Platform, Layer 1 (L1), Ethereum Ecosystem, FTX Holdings, Multicoin Capital Portfolio, Proof of Stake (PoS), Alameda Research Portfolio, Andreessen Horowitz (a16z) Portfolio, GMCI Layer 1 Index, GMCI 30 Index, Delphi Ventures Portfolio, Galaxy Digital Portfolio, GMCI Index, World Liberty Financial Portfolio, Coinbase 50 Index"
2025-04-02 00:00:00,1907.1671522994227,230031614721.63394,15899367803.5509,ethereum,eth,Ethereum,2,120692588.7575344,120692588.7575344,,4946.05,0.432979,-108.629280192704,-5.09845,"Smart Contract Platform, Layer 1 (L1), Ethereum Ecosystem, FTX Holdings, Multicoin Capital Portfolio, Proof of Stake (PoS), Alameda Research Portfolio, Andreessen Horowitz (a16z) Portfolio, GMCI Layer 1 Index, GMCI 30 Index, Delphi Ventures Portfolio, Galaxy Digital Portfolio, GMCI Index, World Liberty Financial Portfolio, Coinbase 50 Index"
2025-04-03 00:00:00,1795.761850567479,216667567217.00522,23450470660.978283,ethereum,eth,Ethereum,2,120692588.7575344,120692588.7575344,,4946.05,0.432979,-108.629280192704,-5.09845,"Smart Contract Platform, Layer 1 (L1), Ethereum Ecosystem, FTX Holdings, Multicoin Capital Portfolio, Proof of Stake (PoS), Alameda Research Portfolio, Andreessen Horowitz (a16z) Portfolio, GMCI Layer 1 Index, GMCI 30 Index, Delphi Ventures Portfolio, Galaxy Digital Portfolio, GMCI Index, World Liberty Financial Portfolio, Coinbase 50 Index"
2025-04-04 00:00:00,1818.2844199542053,219762279056.2319,16999031833.158594,ethereum,eth,Ethereum,2,120692588.7575344,120692588.7575344,,4946.05,0.432979,-108.629280192704,-5.09845,"Smart Contract Platform, Layer 1 (L1), Ethereum Ecosystem, FTX Holdings, Multicoin Capital Portfolio, Proof of Stake (PoS), Alameda Research Portfolio, Andreessen Horowitz (a16z) Portfolio, GMCI Layer 1 Index, GMCI 30 Index, Delphi Ventures Portfolio, Galaxy Digital Portfolio, GMCI Index, World Liberty Financial Portfolio, Coinbase 50 Index"
2025-04-05 00:00:00,1814.4807753449506,218925876283.93597,19459233591.298603,ethereum,eth,Ethereum,2,120692588.7575344,120692588.7575344,,4946.05,0.432979,-108.629280192704,-5.09845,"Smart Contract Platform, Layer 1 (L1), Ethereum Ecosystem, FTX Holdings, Multicoin Capital Portfolio, Proof of Stake (PoS), Alameda Research Portfolio, Andreessen Horowitz (a16z) Portfolio, GMCI Layer 1 Index, GMCI 30 Index, Delphi Ventures Portfolio, Galaxy Digital Portfolio, GMCI Index, World Liberty Financial Portfolio, Coinbase 50 Index"
2025-04-06 00:00:00,1809.935827172196,217957146409.9286,6780827627.545529,ethereum,eth,Ethereum,2,120692588.7575344,120692588.7575344,,4946.05,0.432979,-108.629280192704,-5.09845,"Smart Contract Platform, Layer 1 (L1), Ethereum Ecosystem, FTX Holdings, Multicoin Capital Portfolio, Proof of Stake (PoS), Alameda Research Portfolio, Andreessen Horowitz (a16z) Portfolio, GMCI Layer 1 Index, GMCI 30 Index, Delphi Ventures Portfolio, Galaxy Digital Portfolio, GMCI Index, World Liberty Financial Portfolio, Coinbase 50 Index"
2025-04-07 00:00:00,1574.6321611455576,190295586491.21872,23485484227.161697,ethereum,eth,Ethereum,2,120692588.7575344,120692588.7575344,,4946.05,0.432979,-108.629280192704,-5.09845,"Smart Contract Platform, Layer 1 (L1), Ethereum Ecosystem, FTX Holdings, Multicoin Capital Portfolio, Proof of Stake (PoS), Alameda Research Portfolio, Andreessen Horowitz (a16z) Portfolio, GMCI Layer 1 Index, GMCI 30 Index, Delphi Ventures Portfolio, Galaxy Digital Portfolio, GMCI Index, World Liberty Financial Portfolio, Coinbase 50 Index"
2025-04-08 00:00:00,1555.909812570873,188565143892.71408,49416724296.56089,ethereum,eth,Ethereum,2,120692588.7575344,120692588.7575344,,4946.05,0.432979,-108.629280192704,-5.09845,"Smart Contract Platform, Layer 1 (L1), Ethereum Ecosystem, FTX Holdings, Multicoin Capital Portfolio, Proof of Stake (PoS), Alameda Research Portfolio, Andreessen Horowitz (a16z) Portfolio, GMCI Layer 1 Index, GMCI 30 Index, Delphi Ventures Portfolio, Galaxy Digital Portfolio, GMCI Index, World Liberty Financial Portfolio, Coinbase 50 Index"
2025-04-09 00:00:00,1471.3608854365523,177496121145.5316,22451028357.384758,ethereum,eth,Ethereum,2,120692588.7575344,120692588.7575344,,4946.05,0.432979,-108.629280192704,-5.09845,"Smart Contract Platform, Layer 1 (L1), Ethereum Ecosystem, FTX Holdings, Multicoin Capital Portfolio, Proof of Stake (PoS), Alameda Research Portfolio, Andreessen Horowitz (a16z) Portfolio, GMCI Layer 1 Index, GMCI 30 Index, Delphi Ventures Portfolio, Galaxy Digital Portfolio, GMCI Index, World Liberty Financial Portfolio, Coinbase 50 Index"
2025-04-10 00:00:00,1662.5331604641576,200623016236.85327,41589589714.84994,ethereum,eth,Ethereum,2,120692588.7575344,120692588.7575344,,4946.05,0.432979,-108.629280192704,-5.09845,"Smart Contract Platform, Layer 1 (L1), Ethereum Ecosystem, FTX Holdings, Multicoin Capital Portfolio, Proof of Stake (PoS), Alameda Research Portfolio, Andreessen Horowitz (a16z) Portfolio, GMCI Layer 1 Index, GMCI 30 Index, Delphi Ventures Portfolio, Galaxy Digital Portfolio, GMCI Index, World Liberty Financial Portfolio, Coinbase 50 Index"
2025-04-11 00:00:00,1523.928624242526,183947227079.42554,20486375929.10568,ethereum,eth,Ethereum,2,120692588.7575344,120692588.7575344,,4946.05,0.432979,-108.629280192704,-5.09845,"Smart Contract Platform, Layer 1 (L1), Ethereum Ecosystem, FTX Holdings, Multicoin Capital Portfolio, Proof of Stake (PoS), Alameda Research Portfolio, Andreessen Horowitz (a16z) Portfolio, GMCI Layer 1 Index, GMCI 30 Index, Delphi Ventures Portfolio, Galaxy Digital Portfolio, GMCI Index, World Liberty Financial Portfolio, Coinbase 50 Index"
2025-04-12 00:00:00,1568.131690125936,189185664203.6754,14195085224.783228,ethereum,eth,Ethereum,2,120692588.7575344,120692588.7575344,,4946.05,0.432979,-108.629280192704,-5.09845,"Smart Contract Platform, Layer 1 (L1), Ethereum Ecosystem, FTX Holdings, Multicoin Capital Portfolio, Proof of Stake (PoS), Alameda Research Portfolio, Andreessen Horowitz (a16z) Portfolio, GMCI Layer 1 Index, GMCI 30 Index, Delphi Ventures Portfolio, Galaxy Digital Portfolio, GMCI Index, World Liberty Financial Portfolio, Coinbase 50 Index"
2025-04-13 00:00:00,1645.8625733156498,198696438258.60336,11756571644.476357,ethereum,eth,Ethereum,2,120692588.7575344,120692588.7575344,,4946.05,0.432979,-108.629280192704,-5.09845,"Smart Contract Platform, Layer 1 (L1), Ethereum Ecosystem, FTX Holdings, Multicoin Capital Portfolio, Proof of Stake (PoS), Alameda Research Portfolio, Andreessen Horowitz (a16z) Portfolio, GMCI Layer 1 Index, GMCI 30 Index, Delphi Ventures Portfolio, Galaxy Digital Portfolio, GMCI Index, World Liberty Financial Portfolio, Coinbase 50 Index"
2025-04-14 00:00:00,1595.4227460001084,192382635779.77805,13775001676.60885,ethereum,eth,Ethereum,2,120692588.7575344,120692588.7575344,,4946.05,0.432979,-108.629280192704,-5.09845,"Smart Contract Platform, Layer 1 (L1), Ethereum Ecosystem, FTX Holdings, Multicoin Capital Portfolio, Proof of Stake (PoS), Alameda Research Portfolio, Andreessen Horowitz (a16z) Portfolio, GMCI Layer 1 Index, GMCI 30 Index, Delphi Ventures Portfolio, Galaxy Digital Portfolio, GMCI Index, World Liberty Financial Portfolio, Coinbase 50 Index"
2025-04-15 00:00:00,1621.543195596693,195686083638.74744,15415724739.820591,ethereum,eth,Ethereum,2,120692588.7575344,120692588.7575344,,4946.05,0.432979,-108.629280192704,-5.09845,"Smart Contract Platform, Layer 1 (L1), Ethereum Ecosystem, FTX Holdings, Multicoin Capital Portfolio, Proof of Stake (PoS), Alameda Research Portfolio, Andreessen Horowitz (a16z) Portfolio, GMCI Layer 1 Index, GMCI 30 Index, Delphi Ventures Portfolio, Galaxy Digital Portfolio, GMCI Index, World Liberty Financial Portfolio, Coinbase 50 Index"
2025-04-16 00:00:00,1587.8222244021401,191837036865.40186,11786525215.180002,ethereum,eth,Ethereum,2,120692588.7575344,120692588.7575344,,4946.05,0.432979,-108.629280192704,-5.09845,"Smart Contract Platform, Layer 1 (L1), Ethereum Ecosystem, FTX Holdings, Multicoin Capital Portfolio, Proof of Stake (PoS), Alameda Research Portfolio, Andreessen Horowitz (a16z) Portfolio, GMCI Layer 1 Index, GMCI 30 Index, Delphi Ventures Portfolio, Galaxy Digital Portfolio, GMCI Index, World Liberty Financial Portfolio, Coinbase 50 Index"
2025-04-17 00:00:00,1577.7073516760117,190419833063.11868,13120084885.866234,ethereum,eth,Ethereum,2,120692588.7575344,120692588.7575344,,4946.05,0.432979,-108.629280192704,-5.09845,"Smart Contract Platform, Layer 1 (L1), Ethereum Ecosystem, FTX Holdings, Multicoin Capital Portfolio, Proof of Stake (PoS), Alameda Research Portfolio, Andreessen Horowitz (a16z) Portfolio, GMCI Layer 1 Index, GMCI 30 Index, Delphi Ventures Portfolio, Galaxy Digital Portfolio, GMCI Index, World Liberty Financial Portfolio, Coinbase 50 Index"
2025-04-18 00:00:00,1583.4764497002345,191135638825.23685,9437178720.867388,ethereum,eth,Ethereum,2,120692588.7575344,120692588.7575344,,4946.05,0.432979,-108.629280192704,-5.09845,"Smart Contract Platform, Layer 1 (L1), Ethereum Ecosystem, FTX Holdings, Multicoin Capital Portfolio, Proof of Stake (PoS), Alameda Research Portfolio, Andreessen Horowitz (a16z) Portfolio, GMCI Layer 1 Index, GMCI 30 Index, Delphi Ventures Portfolio, Galaxy Digital Portfolio, GMCI Index, World Liberty Financial Portfolio, Coinbase 50 Index"
2025-04-19 00:00:00,1589.1516208270755,191865697060.91525,5254078676.877919,ethereum,eth,Ethereum,2,120692588.7575344,120692588.7575344,,4946.05,0.432979,-108.629280192704,-5.09845,"Smart Contract Platform, Layer 1 (L1), Ethereum Ecosystem, FTX Holdings, Multicoin Capital Portfolio, Proof of Stake (PoS), Alameda Research Portfolio, Andreessen Horowitz (a16z) Portfolio, GMCI Layer 1 Index, GMCI 30 Index, Delphi Ventures Portfolio, Galaxy Digital Portfolio, GMCI Index, World Liberty Financial Portfolio, Coinbase 50 Index"
2025-04-20 00:00:00,1615.0502549158562,194945047366.35382,5148626529.402773,ethereum,eth,Ethereum,2,120692588.7575344,120692588.7575344,,4946.05,0.432979,-108.629280192704,-5.09845,"Smart Contract Platform, Layer 1 (L1), Ethereum Ecosystem, FTX Holdings, Multicoin Capital Portfolio, Proof of Stake (PoS), Alameda Research Portfolio, Andreessen Horowitz (a16z) Portfolio, GMCI Layer 1 Index, GMCI 30 Index, Delphi Ventures Portfolio, Galaxy Digital Portfolio, GMCI Index, World Liberty Financial Portfolio, Coinbase 50 Index"
2025-04-21 00:00:00,1585.4600253443446,191374869502.39386,6695768150.024456,ethereum,eth,Ethereum,2,120692588.7575344,120692588.7575344,,4946.05,0.432979,-108.629280192704,-5.09845,"Smart Contract Platform, Layer 1 (L1), Ethereum Ecosystem, FTX Holdings, Multicoin Capital Portfolio, Proof of Stake (PoS), Alameda Research Portfolio, Andreessen Horowitz (a16z) Portfolio, GMCI Layer 1 Index, GMCI 30 Index, Delphi Ventures Portfolio, Galaxy Digital Portfolio, GMCI Index, World Liberty Financial Portfolio, Coinbase 50 Index"
2025-04-22 00:00:00,1577.4465595922347,190376888818.46906,15275062279.387148,ethereum,eth,Ethereum,2,120692588.7575344,120692588.7575344,,4946.05,0.432979,-108.629280192704,-5.09845,"Smart Contract Platform, Layer 1 (L1), Ethereum Ecosystem, FTX Holdings, Multicoin Capital Portfolio, Proof of Stake (PoS), Alameda Research Portfolio, Andreessen Horowitz (a16z) Portfolio, GMCI Layer 1 Index, GMCI 30 Index, Delphi Ventures Portfolio, Galaxy Digital Portfolio, GMCI Index, World Liberty Financial Portfolio, Coinbase 50 Index"
2025-04-23 00:00:00,1759.7064599311093,212582611840.14056,24271980430.95098,ethereum,eth,Ethereum,2,120692588.7575344,120692588.7575344,,4946.05,0.432979,-108.629280192704,-5.09845,"Smart Contract Platform, Layer 1 (L1), Ethereum Ecosystem, FTX Holdings, Multicoin Capital Portfolio, Proof of Stake (PoS), Alameda Research Portfolio, Andreessen Horowitz (a16z) Portfolio, GMCI Layer 1 Index, GMCI 30 Index, Delphi Ventures Portfolio, Galaxy Digital Portfolio, GMCI Index, World Liberty Financial Portfolio, Coinbase 50 Index"
2025-04-24 00:00:00,1793.969849485534,216572719914.54987,22099177230.61867,ethereum,eth,Ethereum,2,120692588.7575344,120692588.7575344,,4946.05,0.432979,-108.629280192704,-5.09845,"Smart Contract Platform, Layer 1 (L1), Ethereum Ecosystem, FTX Holdings, Multicoin Capital Portfolio, Proof of Stake (PoS), Alameda Research Portfolio, Andreessen Horowitz (a16z) Portfolio, GMCI Layer 1 Index, GMCI 30 Index, Delphi Ventures Portfolio, Galaxy Digital Portfolio, GMCI Index, World Liberty Financial Portfolio, Coinbase 50 Index"
2025-04-25 00:00:00,1769.3925107354407,213593284213.58224,12923295609.972548,ethereum,eth,Ethereum,2,120692588.7575344,120692588.7575344,,4946.05,0.432979,-108.629280192704,-5.09845,"Smart Contract Platform, Layer 1 (L1), Ethereum Ecosystem, FTX Holdings, Multicoin Capital Portfolio, Proof of Stake (PoS), Alameda Research Portfolio, Andreessen Horowitz (a16z) Portfolio, GMCI Layer 1 Index, GMCI 30 Index, Delphi Ventures Portfolio, Galaxy Digital Portfolio, GMCI Index, World Liberty Financial Portfolio, Coinbase 50 Index"
2025-04-26 00:00:00,1788.7981804331257,215954892518.00418,15656748328.784924,ethereum,eth,Ethereum,2,120692588.7575344,120692588.7575344,,4946.05,0.432979,-108.629280192704,-5.09845,"Smart Contract Platform, Layer 1 (L1), Ethereum Ecosystem, FTX Holdings, Multicoin Capital Portfolio, Proof of Stake (PoS), Alameda Research Portfolio, Andreessen Horowitz (a16z) Portfolio, GMCI Layer 1 Index, GMCI 30 Index, Delphi Ventures Portfolio, Galaxy Digital Portfolio, GMCI Index, World Liberty Financial Portfolio, Coinbase 50 Index"
2025-04-27 00:00:00,1821.2695303291391,219830529458.7114,10293614895.776522,ethereum,eth,Ethereum,2,120692588.7575344,120692588.7575344,,4946.05,0.432979,-108.629280192704,-5.09845,"Smart Contract Platform, Layer 1 (L1), Ethereum Ecosystem, FTX Holdings, Multicoin Capital Portfolio, Proof of Stake (PoS), Alameda Research Portfolio, Andreessen Horowitz (a16z) Portfolio, GMCI Layer 1 Index, GMCI 30 Index, Delphi Ventures Portfolio, Galaxy Digital Portfolio, GMCI Index, World Liberty Financial Portfolio, Coinbase 50 Index"
2025-04-28 00:00:00,1793.6918440730135,216533502206.27112,9632458065.106846,ethereum,eth,Ethereum,2,120692588.7575344,120692588.7575344,,4946.05,0.432979,-108.629280192704,-5.09845,"Smart Contract Platform, Layer 1 (L1), Ethereum Ecosystem, FTX Holdings, Multicoin Capital Portfolio, Proof of Stake (PoS), Alameda Research Portfolio, Andreessen Horowitz (a16z) Portfolio, GMCI Layer 1 Index, GMCI 30 Index, Delphi Ventures Portfolio, Galaxy Digital Portfolio, GMCI Index, World Liberty Financial Portfolio, Coinbase 50 Index"
2025-04-29 00:00:00,1799.50191449199,217264115049.6792,16777384305.88931,ethereum,eth,Ethereum,2,120692588.7575344,120692588.7575344,,4946.05,0.432979,-108.629280192704,-5.09845,"Smart Contract Platform, Layer 1 (L1), Ethereum Ecosystem, FTX Holdings, Multicoin Capital Portfolio, Proof of Stake (PoS), Alameda Research Portfolio, Andreessen Horowitz (a16z) Portfolio, GMCI Layer 1 Index, GMCI 30 Index, Delphi Ventures Portfolio, Galaxy Digital Portfolio, GMCI Index, World Liberty Financial Portfolio, Coinbase 50 Index"
2025-04-30 00:00:00,1796.9720456768928,216596941729.71945,13994558644.11867,ethereum,eth,Ethereum,2,120692588.7575344,120692588.7575344,,4946.05,0.432979,-108.629280192704,-5.09845,"Smart Contract Platform, Layer 1 (L1), Ethereum Ecosystem, FTX Holdings, Multicoin Capital Portfolio, Proof of Stake (PoS), Alameda Research Portfolio, Andreessen Horowitz (a16z) Portfolio, GMCI Layer 1 Index, GMCI 30 Index, Delphi Ventures Portfolio, Galaxy Digital Portfolio, GMCI Index, World Liberty Financial Portfolio, Coinbase 50 Index"
2025-05-01 00:00:00,1794.0495408617828,216623334477.08453,13644627083.285889,ethereum,eth,Ethereum,2,120692588.7575344,120692588.7575344,,4946.05,0.432979,-108.629280192704,-5.09845,"Smart Contract Platform, Layer 1 (L1), Ethereum Ecosystem, FTX Holdings, Multicoin Capital Portfolio, Proof of Stake (PoS), Alameda Research Portfolio, Andreessen Horowitz (a16z) Portfolio, GMCI Layer 1 Index, GMCI 30 Index, Delphi Ventures Portfolio, Galaxy Digital Portfolio, GMCI Index, World Liberty Financial Portfolio, Coinbase 50 Index"
2025-05-02 00:00:00,1838.8543285925753,221969602979.55032,14310565589.052694,ethereum,eth,Ethereum,2,120692588.7575344,120692588.7575344,,4946.05,0.432979,-108.629280192704,-5.09845,"Smart Contract Platform, Layer 1 (L1), Ethereum Ecosystem, FTX Holdings, Multicoin Capital Portfolio, Proof of Stake (PoS), Alameda Research Portfolio, Andreessen Horowitz (a16z) Portfolio, GMCI Layer 1 Index, GMCI 30 Index, Delphi Ventures Portfolio, Galaxy Digital Portfolio, GMCI Index, World Liberty Financial Portfolio, Coinbase 50 Index"
2025-05-03 00:00:00,1841.427590836958,222269022299.2824,11686301446.49476,ethereum,eth,Ethereum,2,120692588.7575344,120692588.7575344,,4946.05,0.432979,-108.629280192704,-5.09845,"Smart Contract Platform, Layer 1 (L1), Ethereum Ecosystem, FTX Holdings, Multicoin Capital Portfolio, Proof of Stake (PoS), Alameda Research Portfolio, Andreessen Horowitz (a16z) Portfolio, GMCI Layer 1 Index, GMCI 30 Index, Delphi Ventures Portfolio, Galaxy Digital Portfolio, GMCI Index, World Liberty Financial Portfolio, Coinbase 50 Index"
2025-05-04 00:00:00,1834.501911876416,221494950784.02625,6704990478.824657,ethereum,eth,Ethereum,2,120692588.7575344,120692588.7575344,,4946.05,0.432979,-108.629280192704,-5.09845,"Smart Contract Platform, Layer 1 (L1), Ethereum Ecosystem, FTX Holdings, Multicoin Capital Portfolio, Proof of Stake (PoS), Alameda Research Portfolio, Andreessen Horowitz (a16z) Portfolio, GMCI Layer 1 Index, GMCI 30 Index, Delphi Ventures Portfolio, Galaxy Digital Portfolio, GMCI Index, World Liberty Financial Portfolio, Coinbase 50 Index"
2025-05-05 00:00:00,1808.156093844096,218216268630.8664,7479845748.828526,ethereum,eth,Ethereum,2,120692588.7575344,120692588.7575344,,4946.05,0.432979,-108.629280192704,-5.09845,"Smart Contract Platform, Layer 1 (L1), Ethereum Ecosystem, FTX Holdings, Multicoin Capital Portfolio, Proof of Stake (PoS), Alameda Research Portfolio, Andreessen Horowitz (a16z) Portfolio, GMCI Layer 1 Index, GMCI 30 Index, Delphi Ventures Portfolio, Galaxy Digital Portfolio, GMCI Index, World Liberty Financial Portfolio, Coinbase 50 Index"
2025-05-06 00:00:00,1820.0044598893596,219769896301.20087,10545233503.347864,ethereum,eth,Ethereum,2,120692588.7575344,120692588.7575344,,4946.05,0.432979,-108.629280192704,-5.09845,"Smart Contract Platform, Layer 1 (L1), Ethereum Ecosystem, FTX Holdings, Multicoin Capital Portfolio, Proof of Stake (PoS), Alameda Research Portfolio, Andreessen Horowitz (a16z) Portfolio, GMCI Layer 1 Index, GMCI 30 Index, Delphi Ventures Portfolio, Galaxy Digital Portfolio, GMCI Index, World Liberty Financial Portfolio, Coinbase 50 Index"
2025-05-07 00:00:00,1816.1686943818438,219305875804.55966,11950393736.527246,ethereum,eth,Ethereum,2,120692588.7575344,120692588.7575344,,4946.05,0.432979,-108.629280192704,-5.09845,"Smart Contract Platform, Layer 1 (L1), Ethereum Ecosystem, FTX Holdings, Multicoin Capital Portfolio, Proof of Stake (PoS), Alameda Research Portfolio, Andreessen Horowitz (a16z) Portfolio, GMCI Layer 1 Index, GMCI 30 Index, Delphi Ventures Portfolio, Galaxy Digital Portfolio, GMCI Index, World Liberty Financial Portfolio, Coinbase 50 Index"
2025-05-08 00:00:00,1810.3169269284476,218569578701.42172,47111217119.49919,ethereum,eth,Ethereum,2,120692588.7575344,120692588.7575344,,4946.05,0.432979,-108.629280192704,-5.09845,"Smart Contract Platform, Layer 1 (L1), Ethereum Ecosystem, FTX Holdings, Multicoin Capital Portfolio, Proof of Stake (PoS), Alameda Research Portfolio, Andreessen Horowitz (a16z) Portfolio, GMCI Layer 1 Index, GMCI 30 Index, Delphi Ventures Portfolio, Galaxy Digital Portfolio, GMCI Index, World Liberty Financial Portfolio, Coinbase 50 Index"
2025-05-09 00:00:00,2197.5611893238784,264994998215.9445,35992825075.05399,ethereum,eth,Ethereum,2,120692588.7575344,120692588.7575344,,4946.05,0.432979,-108.629280192704,-5.09845,"Smart Contract Platform, Layer 1 (L1), Ethereum Ecosystem, FTX Holdings, Multicoin Capital Portfolio, Proof of Stake (PoS), Alameda Research Portfolio, Andreessen Horowitz (a16z) Portfolio, GMCI Layer 1 Index, GMCI 30 Index, Delphi Ventures Portfolio, Galaxy Digital Portfolio, GMCI Index, World Liberty Financial Portfolio, Coinbase 50 Index"
2025-05-10 00:00:00,2341.407963002621,282636716534.08844,44566779461.54657,ethereum,eth,Ethereum,2,120692588.7575344,120692588.7575344,,4946.05,0.432979,-108.629280192704,-5.09845,"Smart Contract Platform, Layer 1 (L1), Ethereum Ecosystem, FTX Holdings, Multicoin Capital Portfolio, Proof of Stake (PoS), Alameda Research Portfolio, Andreessen Horowitz (a16z) Portfolio, GMCI Layer 1 Index, GMCI 30 Index, Delphi Ventures Portfolio, Galaxy Digital Portfolio, GMCI Index, World Liberty Financial Portfolio, Coinbase 50 Index"
2025-05-11 00:00:00,2583.6829051429513,312095621694.1442,29947910159.02891,ethereum,eth,Ethereum,2,120692588.7575344,120692588.7575344,,4946.05,0.432979,-108.629280192704,-5.09845,"Smart Contract Platform, Layer 1 (L1), Ethereum Ecosystem, FTX Holdings, Multicoin Capital Portfolio, Proof of Stake (PoS), Alameda Research Portfolio, Andreessen Horowitz (a16z) Portfolio, GMCI Layer 1 Index, GMCI 30 Index, Delphi Ventures Portfolio, Galaxy Digital Portfolio, GMCI Index, World Liberty Financial Portfolio, Coinbase 50 Index"
2025-05-12 00:00:00,2507.4693107597423,302727255563.5134,26138286410.23315,ethereum,eth,Ethereum,2,120692588.7575344,120692588.7575344,,4946.05,0.432979,-108.629280192704,-5.09845,"Smart Contract Platform, Layer 1 (L1), Ethereum Ecosystem, FTX Holdings, Multicoin Capital Portfolio, Proof of Stake (PoS), Alameda Research Portfolio, Andreessen Horowitz (a16z) Portfolio, GMCI Layer 1 Index, GMCI 30 Index, Delphi Ventures Portfolio, Galaxy Digital Portfolio, GMCI Index, World Liberty Financial Portfolio, Coinbase 50 Index"
2025-05-13 00:00:00,2492.426391077375,300976824863.0343,31524626114.978752,ethereum,eth,Ethereum,2,120692588.7575344,120692588.7575344,,4946.05,0.432979,-108.629280192704,-5.09845,"Smart Contract Platform, Layer 1 (L1), Ethereum Ecosystem, FTX Holdings, Multicoin Capital Portfolio, Proof of Stake (PoS), Alameda Research Portfolio, Andreessen Horowitz (a16z) Portfolio, GMCI Layer 1 Index, GMCI 30 Index, Delphi Ventures Portfolio, Galaxy Digital Portfolio, GMCI Index, World Liberty Financial Portfolio, Coinbase 50 Index"
2025-05-14 00:00:00,2676.639163127913,322977150438.36176,32279895881.637806,ethereum,eth,Ethereum,2,120692588.7575344,120692588.7575344,,4946.05,0.432979,-108.629280192704,-5.09845,"Smart Contract Platform, Layer 1 (L1), Ethereum Ecosystem, FTX Holdings, Multicoin Capital Portfolio, Proof of Stake (PoS), Alameda Research Portfolio, Andreessen Horowitz (a16z) Portfolio, GMCI Layer 1 Index, GMCI 30 Index, Delphi Ventures Portfolio, Galaxy Digital Portfolio, GMCI Index, World Liberty Financial Portfolio, Coinbase 50 Index"
2025-05-15 00:00:00,2603.7180887199615,314022060127.0501,28150234190.931705,ethereum,eth,Ethereum,2,120692588.7575344,120692588.7575344,,4946.05,0.432979,-108.629280192704,-5.09845,"Smart Contract Platform, Layer 1 (L1), Ethereum Ecosystem, FTX Holdings, Multicoin Capital Portfolio, Proof of Stake (PoS), Alameda Research Portfolio, Andreessen Horowitz (a16z) Portfolio, GMCI Layer 1 Index, GMCI 30 Index, Delphi Ventures Portfolio, Galaxy Digital Portfolio, GMCI Index, World Liberty Financial Portfolio, Coinbase 50 Index"
2025-05-16 00:00:00,2542.296692466797,306933361055.9317,26211434557.7159,ethereum,eth,Ethereum,2,120692588.7575344,120692588.7575344,,4946.05,0.432979,-108.629280192704,-5.09845,"Smart Contract Platform, Layer 1 (L1), Ethereum Ecosystem, FTX Holdings, Multicoin Capital Portfolio, Proof of Stake (PoS), Alameda Research Portfolio, Andreessen Horowitz (a16z) Portfolio, GMCI Layer 1 Index, GMCI 30 Index, Delphi Ventures Portfolio, Galaxy Digital Portfolio, GMCI Index, World Liberty Financial Portfolio, Coinbase 50 Index"
2025-05-17 00:00:00,2544.3870377235667,307619694635.7725,21130441534.96637,ethereum,eth,Ethereum,2,120692588.7575344,120692588.7575344,,4946.05,0.432979,-108.629280192704,-5.09845,"Smart Contract Platform, Layer 1 (L1), Ethereum Ecosystem, FTX Holdings, Multicoin Capital Portfolio, Proof of Stake (PoS), Alameda Research Portfolio, Andreessen Horowitz (a16z) Portfolio, GMCI Layer 1 Index, GMCI 30 Index, Delphi Ventures Portfolio, Galaxy Digital Portfolio, GMCI Index, World Liberty Financial Portfolio, Coinbase 50 Index"
2025-05-18 00:00:00,2475.0543933696913,298789831687.0011,17185510890.702347,ethereum,eth,Ethereum,2,120692588.7575344,120692588.7575344,,4946.05,0.432979,-108.629280192704,-5.09845,"Smart Contract Platform, Layer 1 (L1), Ethereum Ecosystem, FTX Holdings, Multicoin Capital Portfolio, Proof of Stake (PoS), Alameda Research Portfolio, Andreessen Horowitz (a16z) Portfolio, GMCI Layer 1 Index, GMCI 30 Index, Delphi Ventures Portfolio, Galaxy Digital Portfolio, GMCI Index, World Liberty Financial Portfolio, Coinbase 50 Index"
2025-05-19 00:00:00,2465.3409856139087,296863390804.2497,24797434472.364086,ethereum,eth,Ethereum,2,120692588.7575344,120692588.7575344,,4946.05,0.432979,-108.629280192704,-5.09845,"Smart Contract Platform, Layer 1 (L1), Ethereum Ecosystem, FTX Holdings, Multicoin Capital Portfolio, Proof of Stake (PoS), Alameda Research Portfolio, Andreessen Horowitz (a16z) Portfolio, GMCI Layer 1 Index, GMCI 30 Index, Delphi Ventures Portfolio, Galaxy Digital Portfolio, GMCI Index, World Liberty Financial Portfolio, Coinbase 50 Index"
2025-05-20 00:00:00,2526.989643891319,305077067863.0779,25363871274.82505,ethereum,eth,Ethereum,2,120692588.7575344,120692588.7575344,,4946.05,0.432979,-108.629280192704,-5.09845,"Smart Contract Platform, Layer 1 (L1), Ethereum Ecosystem, FTX Holdings, Multicoin Capital Portfolio, Proof of Stake (PoS), Alameda Research Portfolio, Andreessen Horowitz (a16z) Portfolio, GMCI Layer 1 Index, GMCI 30 Index, Delphi Ventures Portfolio, Galaxy Digital Portfolio, GMCI Index, World Liberty Financial Portfolio, Coinbase 50 Index"
2025-05-21 00:00:00,2524.2743433146065,304737250158.37354,22871462735.416794,ethereum,eth,Ethereum,2,120692588.7575344,120692588.7575344,,4946.05,0.432979,-108.629280192704,-5.09845,"Smart Contract Platform, Layer 1 (L1), Ethereum Ecosystem, FTX Holdings, Multicoin Capital Portfolio, Proof of Stake (PoS), Alameda Research Portfolio, Andreessen Horowitz (a16z) Portfolio, GMCI Layer 1 Index, GMCI 30 Index, Delphi Ventures Portfolio, Galaxy Digital Portfolio, GMCI Index, World Liberty Financial Portfolio, Coinbase 50 Index"
2025-05-22 00:00:00,2558.9502343769486,308934701949.7151,32697477527.54695,ethereum,eth,Ethereum,2,120692588.7575344,120692588.7575344,,4946.05,0.432979,-108.629280192704,-5.09845,"Smart Contract Platform, Layer 1 (L1), Ethereum Ecosystem, FTX Holdings, Multicoin Capital Portfolio, Proof of Stake (PoS), Alameda Research Portfolio, Andreessen Horowitz (a16z) Portfolio, GMCI Layer 1 Index, GMCI 30 Index, Delphi Ventures Portfolio, Galaxy Digital Portfolio, GMCI Index, World Liberty Financial Portfolio, Coinbase 50 Index"
2025-05-23 00:00:00,2657.1674447566115,320733890913.39886,29592612076.505535,ethereum,eth,Ethereum,2,120692588.7575344,120692588.7575344,,4946.05,0.432979,-108.629280192704,-5.09845,"Smart Contract Platform, Layer 1 (L1), Ethereum Ecosystem, FTX Holdings, Multicoin Capital Portfolio, Proof of Stake (PoS), Alameda Research Portfolio, Andreessen Horowitz (a16z) Portfolio, GMCI Layer 1 Index, GMCI 30 Index, Delphi Ventures Portfolio, Galaxy Digital Portfolio, GMCI Index, World Liberty Financial Portfolio, Coinbase 50 Index"
2025-05-24 00:00:00,2519.813809045145,304038733414.03973,30047329191.503662,ethereum,eth,Ethereum,2,120692588.7575344,120692588.7575344,,4946.05,0.432979,-108.629280192704,-5.09845,"Smart Contract Platform, Layer 1 (L1), Ethereum Ecosystem, FTX Holdings, Multicoin Capital Portfolio, Proof of Stake (PoS), Alameda Research Portfolio, Andreessen Horowitz (a16z) Portfolio, GMCI Layer 1 Index, GMCI 30 Index, Delphi Ventures Portfolio, Galaxy Digital Portfolio, GMCI Index, World Liberty Financial Portfolio, Coinbase 50 Index"
2025-05-25 00:00:00,2529.4429842284353,305369227833.4215,10744994421.192684,ethereum,eth,Ethereum,2,120692588.7575344,120692588.7575344,,4946.05,0.432979,-108.629280192704,-5.09845,"Smart Contract Platform, Layer 1 (L1), Ethereum Ecosystem, FTX Holdings, Multicoin Capital Portfolio, Proof of Stake (PoS), Alameda Research Portfolio, Andreessen Horowitz (a16z) Portfolio, GMCI Layer 1 Index, GMCI 30 Index, Delphi Ventures Portfolio, Galaxy Digital Portfolio, GMCI Index, World Liberty Financial Portfolio, Coinbase 50 Index"
2025-05-26 00:00:00,2546.6201163370915,307423642894.0653,13814697849.726278,ethereum,eth,Ethereum,2,120692588.7575344,120692588.7575344,,4946.05,0.432979,-108.629280192704,-5.09845,"Smart Contract Platform, Layer 1 (L1), Ethereum Ecosystem, FTX Holdings, Multicoin Capital Portfolio, Proof of Stake (PoS), Alameda Research Portfolio, Andreessen Horowitz (a16z) Portfolio, GMCI Layer 1 Index, GMCI 30 Index, Delphi Ventures Portfolio, Galaxy Digital Portfolio, GMCI Index, World Liberty Financial Portfolio, Coinbase 50 Index"
2025-05-27 00:00:00,2562.1729286392238,309319360637.78375,13350148034.293623,ethereum,eth,Ethereum,2,120692588.7575344,120692588.7575344,,4946.05,0.432979,-108.629280192704,-5.09845,"Smart Contract Platform, Layer 1 (L1), Ethereum Ecosystem, FTX Holdings, Multicoin Capital Portfolio, Proof of Stake (PoS), Alameda Research Portfolio, Andreessen Horowitz (a16z) Portfolio, GMCI Layer 1 Index, GMCI 30 Index, Delphi Ventures Portfolio, Galaxy Digital Portfolio, GMCI Index, World Liberty Financial Portfolio, Coinbase 50 Index"
2025-05-28 00:00:00,2662.0940568241435,321357595434.52185,26434151855.253853,ethereum,eth,Ethereum,2,120692588.7575344,120692588.7575344,,4946.05,0.432979,-108.629280192704,-5.09845,"Smart Contract Platform, Layer 1 (L1), Ethereum Ecosystem, FTX Holdings, Multicoin Capital Portfolio, Proof of Stake (PoS), Alameda Research Portfolio, Andreessen Horowitz (a16z) Portfolio, GMCI Layer 1 Index, GMCI 30 Index, Delphi Ventures Portfolio, Galaxy Digital Portfolio, GMCI Index, World Liberty Financial Portfolio, Coinbase 50 Index"
2025-05-29 00:00:00,2676.2674124507,323119009777.13904,18008588586.284103,ethereum,eth,Ethereum,2,120692588.7575344,120692588.7575344,,4946.05,0.432979,-108.629280192704,-5.09845,"Smart Contract Platform, Layer 1 (L1), Ethereum Ecosystem, FTX Holdings, Multicoin Capital Portfolio, Proof of Stake (PoS), Alameda Research Portfolio, Andreessen Horowitz (a16z) Portfolio, GMCI Layer 1 Index, GMCI 30 Index, Delphi Ventures Portfolio, Galaxy Digital Portfolio, GMCI Index, World Liberty Financial Portfolio, Coinbase 50 Index"
2025-05-30 00:00:00,2633.1392065286695,317891224562.8813,27021441335.5195,ethereum,eth,Ethereum,2,120692588.7575344,120692588.7575344,,4946.05,0.432979,-108.629280192704,-5.09845,"Smart Contract Platform, Layer 1 (L1), Ethereum Ecosystem, FTX Holdings, Multicoin Capital Portfolio, Proof of Stake (PoS), Alameda Research Portfolio, Andreessen Horowitz (a16z) Portfolio, GMCI Layer 1 Index, GMCI 30 Index, Delphi Ventures Portfolio, Galaxy Digital Portfolio, GMCI Index, World Liberty Financial Portfolio, Coinbase 50 Index"
2025-05-31 00:00:00,2524.4762348050726,304659964725.2192,22927149330.30469,ethereum,eth,Ethereum,2,120692588.7575344,120692588.7575344,,4946.05,0.432979,-108.629280192704,-5.09845,"Smart Contract Platform, Layer 1 (L1), Ethereum Ecosystem, FTX Holdings, Multicoin Capital Portfolio, Proof of Stake (PoS), Alameda Research Portfolio, Andreessen Horowitz (a16z) Portfolio, GMCI Layer 1 Index, GMCI 30 Index, Delphi Ventures Portfolio, Galaxy Digital Portfolio, GMCI Index, World Liberty Financial Portfolio, Coinbase 50 Index"
2025-06-01 00:00:00,2532.3627853090866,305718505778.76434,13006751258.18768,ethereum,eth,Ethereum,2,120692588.7575344,120692588.7575344,,4946.05,0.432979,-108.629280192704,-5.09845,"Smart Contract Platform, Layer 1 (L1), Ethereum Ecosystem, FTX Holdings, Multicoin Capital Portfolio, Proof of Stake (PoS), Alameda Research Portfolio, Andreessen Horowitz (a16z) Portfolio, GMCI Layer 1 Index, GMCI 30 Index, Delphi Ventures Portfolio, Galaxy Digital Portfolio, GMCI Index, World Liberty Financial Portfolio, Coinbase 50 Index"
2025-06-02 00:00:00,2538.3300584367485,306561765778.2403,11338340571.11249,ethereum,eth,Ethereum,2,120692588.7575344,120692588.7575344,,4946.05,0.432979,-108.629280192704,-5.09845,"Smart Contract Platform, Layer 1 (L1), Ethereum Ecosystem, FTX Holdings, Multicoin Capital Portfolio, Proof of Stake (PoS), Alameda Research Portfolio, Andreessen Horowitz (a16z) Portfolio, GMCI Layer 1 Index, GMCI 30 Index, Delphi Ventures Portfolio, Galaxy Digital Portfolio, GMCI Index, World Liberty Financial Portfolio, Coinbase 50 Index"
2025-06-03 00:00:00,2609.737253959435,314999579353.95825,15623967732.418657,ethereum,eth,Ethereum,2,120692588.7575344,120692588.7575344,,4946.05,0.432979,-108.629280192704,-5.09845,"Smart Contract Platform, Layer 1 (L1), Ethereum Ecosystem, FTX Holdings, Multicoin Capital Portfolio, Proof of Stake (PoS), Alameda Research Portfolio, Andreessen Horowitz (a16z) Portfolio, GMCI Layer 1 Index, GMCI 30 Index, Delphi Ventures Portfolio, Galaxy Digital Portfolio, GMCI Index, World Liberty Financial Portfolio, Coinbase 50 Index"
2025-06-04 00:00:00,2595.4689570062997,313315832347.0171,15955008730.338179,ethereum,eth,Ethereum,2,120692588.7575344,120692588.7575344,,4946.05,0.432979,-108.629280192704,-5.09845,"Smart Contract Platform, Layer 1 (L1), Ethereum Ecosystem, FTX Holdings, Multicoin Capital Portfolio, Proof of Stake (PoS), Alameda Research Portfolio, Andreessen Horowitz (a16z) Portfolio, GMCI Layer 1 Index, GMCI 30 Index, Delphi Ventures Portfolio, Galaxy Digital Portfolio, GMCI Index, World Liberty Financial Portfolio, Coinbase 50 Index"
2025-06-05 00:00:00,2610.343189828259,315159803382.89014,16809606446.176416,ethereum,eth,Ethereum,2,120692588.7575344,120692588.7575344,,4946.05,0.432979,-108.629280192704,-5.09845,"Smart Contract Platform, Layer 1 (L1), Ethereum Ecosystem, FTX Holdings, Multicoin Capital Portfolio, Proof of Stake (PoS), Alameda Research Portfolio, Andreessen Horowitz (a16z) Portfolio, GMCI Layer 1 Index, GMCI 30 Index, Delphi Ventures Portfolio, Galaxy Digital Portfolio, GMCI Index, World Liberty Financial Portfolio, Coinbase 50 Index"
2025-06-06 00:00:00,2421.601103763502,292341916400.9464,25849573159.64817,ethereum,eth,Ethereum,2,120692588.7575344,120692588.7575344,,4946.05,0.432979,-108.629280192704,-5.09845,"Smart Contract Platform, Layer 1 (L1), Ethereum Ecosystem, FTX Holdings, Multicoin Capital Portfolio, Proof of Stake (PoS), Alameda Research Portfolio, Andreessen Horowitz (a16z) Portfolio, GMCI Layer 1 Index, GMCI 30 Index, Delphi Ventures Portfolio, Galaxy Digital Portfolio, GMCI Index, World Liberty Financial Portfolio, Coinbase 50 Index"
2025-06-07 00:00:00,2481.4039836690267,299560106673.7574,18395107930.47655,ethereum,eth,Ethereum,2,120692588.7575344,120692588.7575344,,4946.05,0.432979,-108.629280192704,-5.09845,"Smart Contract Platform, Layer 1 (L1), Ethereum Ecosystem, FTX Holdings, Multicoin Capital Portfolio, Proof of Stake (PoS), Alameda Research Portfolio, Andreessen Horowitz (a16z) Portfolio, GMCI Layer 1 Index, GMCI 30 Index, Delphi Ventures Portfolio, Galaxy Digital Portfolio, GMCI Index, World Liberty Financial Portfolio, Coinbase 50 Index"
2025-06-08 00:00:00,2526.291995889778,304953508465.0457,9535426814.691927,ethereum,eth,Ethereum,2,120692588.7575344,120692588.7575344,,4946.05,0.432979,-108.629280192704,-5.09845,"Smart Contract Platform, Layer 1 (L1), Ethereum Ecosystem, FTX Holdings, Multicoin Capital Portfolio, Proof of Stake (PoS), Alameda Research Portfolio, Andreessen Horowitz (a16z) Portfolio, GMCI Layer 1 Index, GMCI 30 Index, Delphi Ventures Portfolio, Galaxy Digital Portfolio, GMCI Index, World Liberty Financial Portfolio, Coinbase 50 Index"
2025-06-09 00:00:00,2508.784123584585,302870081038.261,10206893115.537256,ethereum,eth,Ethereum,2,120692588.7575344,120692588.7575344,,4946.05,0.432979,-108.629280192704,-5.09845,"Smart Contract Platform, Layer 1 (L1), Ethereum Ecosystem, FTX Holdings, Multicoin Capital Portfolio, Proof of Stake (PoS), Alameda Research Portfolio, Andreessen Horowitz (a16z) Portfolio, GMCI Layer 1 Index, GMCI 30 Index, Delphi Ventures Portfolio, Galaxy Digital Portfolio, GMCI Index, World Liberty Financial Portfolio, Coinbase 50 Index"
2025-06-10 00:00:00,2685.0001850413178,324315565109.11993,19485734665.28548,ethereum,eth,Ethereum,2,120692588.7575344,120692588.7575344,,4946.05,0.432979,-108.629280192704,-5.09845,"Smart Contract Platform, Layer 1 (L1), Ethereum Ecosystem, FTX Holdings, Multicoin Capital Portfolio, Proof of Stake (PoS), Alameda Research Portfolio, Andreessen Horowitz (a16z) Portfolio, GMCI Layer 1 Index, GMCI 30 Index, Delphi Ventures Portfolio, Galaxy Digital Portfolio, GMCI Index, World Liberty Financial Portfolio, Coinbase 50 Index"
2025-06-11 00:00:00,2808.503208314919,339012253954.4242,38281210143.95115,ethereum,eth,Ethereum,2,120692588.7575344,120692588.7575344,,4946.05,0.432979,-108.629280192704,-5.09845,"Smart Contract Platform, Layer 1 (L1), Ethereum Ecosystem, FTX Holdings, Multicoin Capital Portfolio, Proof of Stake (PoS), Alameda Research Portfolio, Andreessen Horowitz (a16z) Portfolio, GMCI Layer 1 Index, GMCI 30 Index, Delphi Ventures Portfolio, Galaxy Digital Portfolio, GMCI Index, World Liberty Financial Portfolio, Coinbase 50 Index"
2025-06-12 00:00:00,2776.1371915822333,334990282503.402,27369030837.548595,ethereum,eth,Ethereum,2,120692588.7575344,120692588.7575344,,4946.05,0.432979,-108.629280192704,-5.09845,"Smart Contract Platform, Layer 1 (L1), Ethereum Ecosystem, FTX Holdings, Multicoin Capital Portfolio, Proof of Stake (PoS), Alameda Research Portfolio, Andreessen Horowitz (a16z) Portfolio, GMCI Layer 1 Index, GMCI 30 Index, Delphi Ventures Portfolio, Galaxy Digital Portfolio, GMCI Index, World Liberty Financial Portfolio, Coinbase 50 Index"
2025-06-13 00:00:00,2653.158968452672,320595535562.5316,26068993569.969894,ethereum,eth,Ethereum,2,120692588.7575344,120692588.7575344,,4946.05,0.432979,-108.629280192704,-5.09845,"Smart Contract Platform, Layer 1 (L1), Ethereum Ecosystem, FTX Holdings, Multicoin Capital Portfolio, Proof of Stake (PoS), Alameda Research Portfolio, Andreessen Horowitz (a16z) Portfolio, GMCI Layer 1 Index, GMCI 30 Index, Delphi Ventures Portfolio, Galaxy Digital Portfolio, GMCI Index, World Liberty Financial Portfolio, Coinbase 50 Index"
2025-06-14 00:00:00,2577.04861752583,311111352117.7261,38576471746.00814,ethereum,eth,Ethereum,2,120692588.7575344,120692588.7575344,,4946.05,0.432979,-108.629280192704,-5.09845,"Smart Contract Platform, Layer 1 (L1), Ethereum Ecosystem, FTX Holdings, Multicoin Capital Portfolio, Proof of Stake (PoS), Alameda Research Portfolio, Andreessen Horowitz (a16z) Portfolio, GMCI Layer 1 Index, GMCI 30 Index, Delphi Ventures Portfolio, Galaxy Digital Portfolio, GMCI Index, World Liberty Financial Portfolio, Coinbase 50 Index"
2025-06-15 00:00:00,2534.0702195359518,306048481935.1591,12077031034.291521,ethereum,eth,Ethereum,2,120692588.7575344,120692588.7575344,,4946.05,0.432979,-108.629280192704,-5.09845,"Smart Contract Platform, Layer 1 (L1), Ethereum Ecosystem, FTX Holdings, Multicoin Capital Portfolio, Proof of Stake (PoS), Alameda Research Portfolio, Andreessen Horowitz (a16z) Portfolio, GMCI Layer 1 Index, GMCI 30 Index, Delphi Ventures Portfolio, Galaxy Digital Portfolio, GMCI Index, World Liberty Financial Portfolio, Coinbase 50 Index"
2025-06-16 00:00:00,2547.8456040920437,307537228689.2678,11678912429.510712,ethereum,eth,Ethereum,2,120692588.7575344,120692588.7575344,,4946.05,0.432979,-108.629280192704,-5.09845,"Smart Contract Platform, Layer 1 (L1), Ethereum Ecosystem, FTX Holdings, Multicoin Capital Portfolio, Proof of Stake (PoS), Alameda Research Portfolio, Andreessen Horowitz (a16z) Portfolio, GMCI Layer 1 Index, GMCI 30 Index, Delphi Ventures Portfolio, Galaxy Digital Portfolio, GMCI Index, World Liberty Financial Portfolio, Coinbase 50 Index"
2025-06-17 00:00:00,2561.329843569428,309982828015.90594,24222149649.172424,ethereum,eth,Ethereum,2,120692588.7575344,120692588.7575344,,4946.05,0.432979,-108.629280192704,-5.09845,"Smart Contract Platform, Layer 1 (L1), Ethereum Ecosystem, FTX Holdings, Multicoin Capital Portfolio, Proof of Stake (PoS), Alameda Research Portfolio, Andreessen Horowitz (a16z) Portfolio, GMCI Layer 1 Index, GMCI 30 Index, Delphi Ventures Portfolio, Galaxy Digital Portfolio, GMCI Index, World Liberty Financial Portfolio, Coinbase 50 Index"
2025-06-18 00:00:00,2514.986700576147,303697873489.69434,25926506708.040215,ethereum,eth,Ethereum,2,120692588.7575344,120692588.7575344,,4946.05,0.432979,-108.629280192704,-5.09845,"Smart Contract Platform, Layer 1 (L1), Ethereum Ecosystem, FTX Holdings, Multicoin Capital Portfolio, Proof of Stake (PoS), Alameda Research Portfolio, Andreessen Horowitz (a16z) Portfolio, GMCI Layer 1 Index, GMCI 30 Index, Delphi Ventures Portfolio, Galaxy Digital Portfolio, GMCI Index, World Liberty Financial Portfolio, Coinbase 50 Index"
2025-06-19 00:00:00,2521.3334233964915,304290652058.44,17800721253.243202,ethereum,eth,Ethereum,2,120692588.7575344,120692588.7575344,,4946.05,0.432979,-108.629280192704,-5.09845,"Smart Contract Platform, Layer 1 (L1), Ethereum Ecosystem, FTX Holdings, Multicoin Capital Portfolio, Proof of Stake (PoS), Alameda Research Portfolio, Andreessen Horowitz (a16z) Portfolio, GMCI Layer 1 Index, GMCI 30 Index, Delphi Ventures Portfolio, Galaxy Digital Portfolio, GMCI Index, World Liberty Financial Portfolio, Coinbase 50 Index"
2025-06-20 00:00:00,2522.1791903642184,304481216643.1207,10392473841.155851,ethereum,eth,Ethereum,2,120692588.7575344,120692588.7575344,,4946.05,0.432979,-108.629280192704,-5.09845,"Smart Contract Platform, Layer 1 (L1), Ethereum Ecosystem, FTX Holdings, Multicoin Capital Portfolio, Proof of Stake (PoS), Alameda Research Portfolio, Andreessen Horowitz (a16z) Portfolio, GMCI Layer 1 Index, GMCI 30 Index, Delphi Ventures Portfolio, Galaxy Digital Portfolio, GMCI Index, World Liberty Financial Portfolio, Coinbase 50 Index"
2025-06-21 00:00:00,2405.695434213183,290401843920.2328,20482816663.29469,ethereum,eth,Ethereum,2,120692588.7575344,120692588.7575344,,4946.05,0.432979,-108.629280192704,-5.09845,"Smart Contract Platform, Layer 1 (L1), Ethereum Ecosystem, FTX Holdings, Multicoin Capital Portfolio, Proof of Stake (PoS), Alameda Research Portfolio, Andreessen Horowitz (a16z) Portfolio, GMCI Layer 1 Index, GMCI 30 Index, Delphi Ventures Portfolio, Galaxy Digital Portfolio, GMCI Index, World Liberty Financial Portfolio, Coinbase 50 Index"
2025-06-22 00:00:00,2270.581996055585,273839538572.25955,16155611764.84833,ethereum,eth,Ethereum,2,120692588.7575344,120692588.7575344,,4946.05,0.432979,-108.629280192704,-5.09845,"Smart Contract Platform, Layer 1 (L1), Ethereum Ecosystem, FTX Holdings, Multicoin Capital Portfolio, Proof of Stake (PoS), Alameda Research Portfolio, Andreessen Horowitz (a16z) Portfolio, GMCI Layer 1 Index, GMCI 30 Index, Delphi Ventures Portfolio, Galaxy Digital Portfolio, GMCI Index, World Liberty Financial Portfolio, Coinbase 50 Index"
2025-06-23 00:00:00,2227.4287266371684,268777741291.43988,28181442532.315876,ethereum,eth,Ethereum,2,120692588.7575344,120692588.7575344,,4946.05,0.432979,-108.629280192704,-5.09845,"Smart Contract Platform, Layer 1 (L1), Ethereum Ecosystem, FTX Holdings, Multicoin Capital Portfolio, Proof of Stake (PoS), Alameda Research Portfolio, Andreessen Horowitz (a16z) Portfolio, GMCI Layer 1 Index, GMCI 30 Index, Delphi Ventures Portfolio, Galaxy Digital Portfolio, GMCI Index, World Liberty Financial Portfolio, Coinbase 50 Index"
2025-06-24 00:00:00,2423.899644268608,292612668627.3885,25494295400.420887,ethereum,eth,Ethereum,2,120692588.7575344,120692588.7575344,,4946.05,0.432979,-108.629280192704,-5.09845,"Smart Contract Platform, Layer 1 (L1), Ethereum Ecosystem, FTX Holdings, Multicoin Capital Portfolio, Proof of Stake (PoS), Alameda Research Portfolio, Andreessen Horowitz (a16z) Portfolio, GMCI Layer 1 Index, GMCI 30 Index, Delphi Ventures Portfolio, Galaxy Digital Portfolio, GMCI Index, World Liberty Financial Portfolio, Coinbase 50 Index"
2025-06-25 00:00:00,2446.539301545049,295402538889.65454,19669025068.963604,ethereum,eth,Ethereum,2,120692588.7575344,120692588.7575344,,4946.05,0.432979,-108.629280192704,-5.09845,"Smart Contract Platform, Layer 1 (L1), Ethereum Ecosystem, FTX Holdings, Multicoin Capital Portfolio, Proof of Stake (PoS), Alameda Research Portfolio, Andreessen Horowitz (a16z) Portfolio, GMCI Layer 1 Index, GMCI 30 Index, Delphi Ventures Portfolio, Galaxy Digital Portfolio, GMCI Index, World Liberty Financial Portfolio, Coinbase 50 Index"
2025-06-26 00:00:00,2417.2267855277296,291827501114.87933,15513055665.262428,ethereum,eth,Ethereum,2,120692588.7575344,120692588.7575344,,4946.05,0.432979,-108.629280192704,-5.09845,"Smart Contract Platform, Layer 1 (L1), Ethereum Ecosystem, FTX Holdings, Multicoin Capital Portfolio, Proof of Stake (PoS), Alameda Research Portfolio, Andreessen Horowitz (a16z) Portfolio, GMCI Layer 1 Index, GMCI 30 Index, Delphi Ventures Portfolio, Galaxy Digital Portfolio, GMCI Index, World Liberty Financial Portfolio, Coinbase 50 Index"
2025-06-27 00:00:00,2415.031864876594,291547094716.2168,16271811388.723804,ethereum,eth,Ethereum,2,120692588.7575344,120692588.7575344,,4946.05,0.432979,-108.629280192704,-5.09845,"Smart Contract Platform, Layer 1 (L1), Ethereum Ecosystem, FTX Holdings, Multicoin Capital Portfolio, Proof of Stake (PoS), Alameda Research Portfolio, Andreessen Horowitz (a16z) Portfolio, GMCI Layer 1 Index, GMCI 30 Index, Delphi Ventures Portfolio, Galaxy Digital Portfolio, GMCI Index, World Liberty Financial Portfolio, Coinbase 50 Index"
2025-06-28 00:00:00,2423.0302896731746,292419308271.8665,13100825617.816572,ethereum,eth,Ethereum,2,120692588.7575344,120692588.7575344,,4946.05,0.432979,-108.629280192704,-5.09845,"Smart Contract Platform, Layer 1 (L1), Ethereum Ecosystem, FTX Holdings, Multicoin Capital Portfolio, Proof of Stake (PoS), Alameda Research Portfolio, Andreessen Horowitz (a16z) Portfolio, GMCI Layer 1 Index, GMCI 30 Index, Delphi Ventures Portfolio, Galaxy Digital Portfolio, GMCI Index, World Liberty Financial Portfolio, Coinbase 50 Index"
2025-06-29 00:00:00,2437.133001780241,294208600645.2538,5787313890.541637,ethereum,eth,Ethereum,2,120692588.7575344,120692588.7575344,,4946.05,0.432979,-108.629280192704,-5.09845,"Smart Contract Platform, Layer 1 (L1), Ethereum Ecosystem, FTX Holdings, Multicoin Capital Portfolio, Proof of Stake (PoS), Alameda Research Portfolio, Andreessen Horowitz (a16z) Portfolio, GMCI Layer 1 Index, GMCI 30 Index, Delphi Ventures Portfolio, Galaxy Digital Portfolio, GMCI Index, World Liberty Financial Portfolio, Coinbase 50 Index"
2025-06-30 00:00:00,2502.6672721177083,302158279316.21674,10236257918.833096,ethereum,eth,Ethereum,2,120692588.7575344,120692588.7575344,,4946.05,0.432979,-108.629280192704,-5.09845,"Smart Contract Platform, Layer 1 (L1), Ethereum Ecosystem, FTX Holdings, Multicoin Capital Portfolio, Proof of Stake (PoS), Alameda Research Portfolio, Andreessen Horowitz (a16z) Portfolio, GMCI Layer 1 Index, GMCI 30 Index, Delphi Ventures Portfolio, Galaxy Digital Portfolio, GMCI Index, World Liberty Financial Portfolio, Coinbase 50 Index"
2025-07-01 00:00:00,2488.190781689803,300388851494.49866,16306915984.938057,ethereum,eth,Ethereum,2,120692588.7575344,120692588.7575344,,4946.05,0.432979,-108.629280192704,-5.09845,"Smart Contract Platform, Layer 1 (L1), Ethereum Ecosystem, FTX Holdings, Multicoin Capital Portfolio, Proof of Stake (PoS), Alameda Research Portfolio, Andreessen Horowitz (a16z) Portfolio, GMCI Layer 1 Index, GMCI 30 Index, Delphi Ventures Portfolio, Galaxy Digital Portfolio, GMCI Index, World Liberty Financial Portfolio, Coinbase 50 Index"
2025-07-02 00:00:00,2405.1045592800183,290294455719.4809,12933967031.524443,ethereum,eth,Ethereum,2,120692588.7575344,120692588.7575344,,4946.05,0.432979,-108.629280192704,-5.09845,"Smart Contract Platform, Layer 1 (L1), Ethereum Ecosystem, FTX Holdings, Multicoin Capital Portfolio, Proof of Stake (PoS), Alameda Research Portfolio, Andreessen Horowitz (a16z) Portfolio, GMCI Layer 1 Index, GMCI 30 Index, Delphi Ventures Portfolio, Galaxy Digital Portfolio, GMCI Index, World Liberty Financial Portfolio, Coinbase 50 Index"
2025-07-03 00:00:00,2574.067718495133,310930535640.4307,21862573614.17975,ethereum,eth,Ethereum,2,120692588.7575344,120692588.7575344,,4946.05,0.432979,-108.629280192704,-5.09845,"Smart Contract Platform, Layer 1 (L1), Ethereum Ecosystem, FTX Holdings, Multicoin Capital Portfolio, Proof of Stake (PoS), Alameda Research Portfolio, Andreessen Horowitz (a16z) Portfolio, GMCI Layer 1 Index, GMCI 30 Index, Delphi Ventures Portfolio, Galaxy Digital Portfolio, GMCI Index, World Liberty Financial Portfolio, Coinbase 50 Index"
2025-07-04 00:00:00,2590.132231590221,312621047413.045,19823369642.62606,ethereum,eth,Ethereum,2,120692588.7575344,120692588.7575344,,4946.05,0.432979,-108.629280192704,-5.09845,"Smart Contract Platform, Layer 1 (L1), Ethereum Ecosystem, FTX Holdings, Multicoin Capital Portfolio, Proof of Stake (PoS), Alameda Research Portfolio, Andreessen Horowitz (a16z) Portfolio, GMCI Layer 1 Index, GMCI 30 Index, Delphi Ventures Portfolio, Galaxy Digital Portfolio, GMCI Index, World Liberty Financial Portfolio, Coinbase 50 Index"
2025-07-05 00:00:00,2509.236345783362,302827514359.61035,16377116416.187033,ethereum,eth,Ethereum,2,120692588.7575344,120692588.7575344,,4946.05,0.432979,-108.629280192704,-5.09845,"Smart Contract Platform, Layer 1 (L1), Ethereum Ecosystem, FTX Holdings, Multicoin Capital Portfolio, Proof of Stake (PoS), Alameda Research Portfolio, Andreessen Horowitz (a16z) Portfolio, GMCI Layer 1 Index, GMCI 30 Index, Delphi Ventures Portfolio, Galaxy Digital Portfolio, GMCI Index, World Liberty Financial Portfolio, Coinbase 50 Index"
2025-07-06 00:00:00,2517.37917835065,304028836772.5733,6801276942.284494,ethereum,eth,Ethereum,2,120692588.7575344,120692588.7575344,,4946.05,0.432979,-108.629280192704,-5.09845,"Smart Contract Platform, Layer 1 (L1), Ethereum Ecosystem, FTX Holdings, Multicoin Capital Portfolio, Proof of Stake (PoS), Alameda Research Portfolio, Andreessen Horowitz (a16z) Portfolio, GMCI Layer 1 Index, GMCI 30 Index, Delphi Ventures Portfolio, Galaxy Digital Portfolio, GMCI Index, World Liberty Financial Portfolio, Coinbase 50 Index"
2025-07-07 00:00:00,2571.358192115984,310345645222.7514,9051659015.949968,ethereum,eth,Ethereum,2,120692588.7575344,120692588.7575344,,4946.05,0.432979,-108.629280192704,-5.09845,"Smart Contract Platform, Layer 1 (L1), Ethereum Ecosystem, FTX Holdings, Multicoin Capital Portfolio, Proof of Stake (PoS), Alameda Research Portfolio, Andreessen Horowitz (a16z) Portfolio, GMCI Layer 1 Index, GMCI 30 Index, Delphi Ventures Portfolio, Galaxy Digital Portfolio, GMCI Index, World Liberty Financial Portfolio, Coinbase 50 Index"
2025-07-08 00:00:00,2543.6317028067488,307013209348.5054,15947822897.049152,ethereum,eth,Ethereum,2,120692588.7575344,120692588.7575344,,4946.05,0.432979,-108.629280192704,-5.09845,"Smart Contract Platform, Layer 1 (L1), Ethereum Ecosystem, FTX Holdings, Multicoin Capital Portfolio, Proof of Stake (PoS), Alameda Research Portfolio, Andreessen Horowitz (a16z) Portfolio, GMCI Layer 1 Index, GMCI 30 Index, Delphi Ventures Portfolio, Galaxy Digital Portfolio, GMCI Index, World Liberty Financial Portfolio, Coinbase 50 Index"
2025-07-09 00:00:00,2615.7759888945047,315738597830.34283,14750377128.581295,ethereum,eth,Ethereum,2,120692588.7575344,120692588.7575344,,4946.05,0.432979,-108.629280192704,-5.09845,"Smart Contract Platform, Layer 1 (L1), Ethereum Ecosystem, FTX Holdings, Multicoin Capital Portfolio, Proof of Stake (PoS), Alameda Research Portfolio, Andreessen Horowitz (a16z) Portfolio, GMCI Layer 1 Index, GMCI 30 Index, Delphi Ventures Portfolio, Galaxy Digital Portfolio, GMCI Index, World Liberty Financial Portfolio, Coinbase 50 Index"
2025-07-10 00:00:00,2772.5795626609174,335050165487.70404,26626246774.244656,ethereum,eth,Ethereum,2,120692588.7575344,120692588.7575344,,4946.05,0.432979,-108.629280192704,-5.09845,"Smart Contract Platform, Layer 1 (L1), Ethereum Ecosystem, FTX Holdings, Multicoin Capital Portfolio, Proof of Stake (PoS), Alameda Research Portfolio, Andreessen Horowitz (a16z) Portfolio, GMCI Layer 1 Index, GMCI 30 Index, Delphi Ventures Portfolio, Galaxy Digital Portfolio, GMCI Index, World Liberty Financial Portfolio, Coinbase 50 Index"
2025-07-11 00:00:00,2948.4462027029053,355346738000.49475,39308824585.23128,ethereum,eth,Ethereum,2,120692588.7575344,120692588.7575344,,4946.05,0.432979,-108.629280192704,-5.09845,"Smart Contract Platform, Layer 1 (L1), Ethereum Ecosystem, FTX Holdings, Multicoin Capital Portfolio, Proof of Stake (PoS), Alameda Research Portfolio, Andreessen Horowitz (a16z) Portfolio, GMCI Layer 1 Index, GMCI 30 Index, Delphi Ventures Portfolio, Galaxy Digital Portfolio, GMCI Index, World Liberty Financial Portfolio, Coinbase 50 Index"
2025-07-12 00:00:00,2958.8514450990992,357144054434.9151,42455550664.554665,ethereum,eth,Ethereum,2,120692588.7575344,120692588.7575344,,4946.05,0.432979,-108.629280192704,-5.09845,"Smart Contract Platform, Layer 1 (L1), Ethereum Ecosystem, FTX Holdings, Multicoin Capital Portfolio, Proof of Stake (PoS), Alameda Research Portfolio, Andreessen Horowitz (a16z) Portfolio, GMCI Layer 1 Index, GMCI 30 Index, Delphi Ventures Portfolio, Galaxy Digital Portfolio, GMCI Index, World Liberty Financial Portfolio, Coinbase 50 Index"
2025-07-13 00:00:00,2942.9616055388096,355216449018.5163,17472135946.60354,ethereum,eth,Ethereum,2,120692588.7575344,120692588.7575344,,4946.05,0.432979,-108.629280192704,-5.09845,"Smart Contract Platform, Layer 1 (L1), Ethereum Ecosystem, FTX Holdings, Multicoin Capital Portfolio, Proof of Stake (PoS), Alameda Research Portfolio, Andreessen Horowitz (a16z) Portfolio, GMCI Layer 1 Index, GMCI 30 Index, Delphi Ventures Portfolio, Galaxy Digital Portfolio, GMCI Index, World Liberty Financial Portfolio, Coinbase 50 Index"
2025-07-14 00:00:00,2974.2654952333387,359110100026.3572,18605172049.087772,ethereum,eth,Ethereum,2,120692588.7575344,120692588.7575344,,4946.05,0.432979,-108.629280192704,-5.09845,"Smart Contract Platform, Layer 1 (L1), Ethereum Ecosystem, FTX Holdings, Multicoin Capital Portfolio, Proof of Stake (PoS), Alameda Research Portfolio, Andreessen Horowitz (a16z) Portfolio, GMCI Layer 1 Index, GMCI 30 Index, Delphi Ventures Portfolio, Galaxy Digital Portfolio, GMCI Index, World Liberty Financial Portfolio, Coinbase 50 Index"
2025-07-15 00:00:00,3012.1797069059276,363606274489.50854,41336421998.04408,ethereum,eth,Ethereum,2,120692588.7575344,120692588.7575344,,4946.05,0.432979,-108.629280192704,-5.09845,"Smart Contract Platform, Layer 1 (L1), Ethereum Ecosystem, FTX Holdings, Multicoin Capital Portfolio, Proof of Stake (PoS), Alameda Research Portfolio, Andreessen Horowitz (a16z) Portfolio, GMCI Layer 1 Index, GMCI 30 Index, Delphi Ventures Portfolio, Galaxy Digital Portfolio, GMCI Index, World Liberty Financial Portfolio, Coinbase 50 Index"
2025-07-16 00:00:00,3133.069857747011,378233206915.81635,43416230283.76601,ethereum,eth,Ethereum,2,120692588.7575344,120692588.7575344,,4946.05,0.432979,-108.629280192704,-5.09845,"Smart Contract Platform, Layer 1 (L1), Ethereum Ecosystem, FTX Holdings, Multicoin Capital Portfolio, Proof of Stake (PoS), Alameda Research Portfolio, Andreessen Horowitz (a16z) Portfolio, GMCI Layer 1 Index, GMCI 30 Index, Delphi Ventures Portfolio, Galaxy Digital Portfolio, GMCI Index, World Liberty Financial Portfolio, Coinbase 50 Index"
2025-07-17 00:00:00,3368.126521526108,406599729410.5382,54882159731.0286,ethereum,eth,Ethereum,2,120692588.7575344,120692588.7575344,,4946.05,0.432979,-108.629280192704,-5.09845,"Smart Contract Platform, Layer 1 (L1), Ethereum Ecosystem, FTX Holdings, Multicoin Capital Portfolio, Proof of Stake (PoS), Alameda Research Portfolio, Andreessen Horowitz (a16z) Portfolio, GMCI Layer 1 Index, GMCI 30 Index, Delphi Ventures Portfolio, Galaxy Digital Portfolio, GMCI Index, World Liberty Financial Portfolio, Coinbase 50 Index"
2025-07-18 00:00:00,3481.8828152374017,420347293649.25085,45678965280.66659,ethereum,eth,Ethereum,2,120692588.7575344,120692588.7575344,,4946.05,0.432979,-108.629280192704,-5.09845,"Smart Contract Platform, Layer 1 (L1), Ethereum Ecosystem, FTX Holdings, Multicoin Capital Portfolio, Proof of Stake (PoS), Alameda Research Portfolio, Andreessen Horowitz (a16z) Portfolio, GMCI Layer 1 Index, GMCI 30 Index, Delphi Ventures Portfolio, Galaxy Digital Portfolio, GMCI Index, World Liberty Financial Portfolio, Coinbase 50 Index"
2025-07-19 00:00:00,3547.317079001209,427841866746.5711,72535524453.98022,ethereum,eth,Ethereum,2,120692588.7575344,120692588.7575344,,4946.05,0.432979,-108.629280192704,-5.09845,"Smart Contract Platform, Layer 1 (L1), Ethereum Ecosystem, FTX Holdings, Multicoin Capital Portfolio, Proof of Stake (PoS), Alameda Research Portfolio, Andreessen Horowitz (a16z) Portfolio, GMCI Layer 1 Index, GMCI 30 Index, Delphi Ventures Portfolio, Galaxy Digital Portfolio, GMCI Index, World Liberty Financial Portfolio, Coinbase 50 Index"
2025-07-20 00:00:00,3594.3185010809702,433877664505.94135,27017909119.384834,ethereum,eth,Ethereum,2,120692588.7575344,120692588.7575344,,4946.05,0.432979,-108.629280192704,-5.09845,"Smart Contract Platform, Layer 1 (L1), Ethereum Ecosystem, FTX Holdings, Multicoin Capital Portfolio, Proof of Stake (PoS), Alameda Research Portfolio, Andreessen Horowitz (a16z) Portfolio, GMCI Layer 1 Index, GMCI 30 Index, Delphi Ventures Portfolio, Galaxy Digital Portfolio, GMCI Index, World Liberty Financial Portfolio, Coinbase 50 Index"
2025-07-21 00:00:00,3758.605581813957,453825859015.21515,55175056732.09093,ethereum,eth,Ethereum,2,120692588.7575344,120692588.7575344,,4946.05,0.432979,-108.629280192704,-5.09845,"Smart Contract Platform, Layer 1 (L1), Ethereum Ecosystem, FTX Holdings, Multicoin Capital Portfolio, Proof of Stake (PoS), Alameda Research Portfolio, Andreessen Horowitz (a16z) Portfolio, GMCI Layer 1 Index, GMCI 30 Index, Delphi Ventures Portfolio, Galaxy Digital Portfolio, GMCI Index, World Liberty Financial Portfolio, Coinbase 50 Index"
2025-07-22 00:00:00,3765.453624023574,454513156113.6638,47245582310.60992,ethereum,eth,Ethereum,2,120692588.7575344,120692588.7575344,,4946.05,0.432979,-108.629280192704,-5.09845,"Smart Contract Platform, Layer 1 (L1), Ethereum Ecosystem, FTX Holdings, Multicoin Capital Portfolio, Proof of Stake (PoS), Alameda Research Portfolio, Andreessen Horowitz (a16z) Portfolio, GMCI Layer 1 Index, GMCI 30 Index, Delphi Ventures Portfolio, Galaxy Digital Portfolio, GMCI Index, World Liberty Financial Portfolio, Coinbase 50 Index"
2025-07-23 00:00:00,3746.9406687316323,452355960897.77356,52357062545.19388,ethereum,eth,Ethereum,2,120692588.7575344,120692588.7575344,,4946.05,0.432979,-108.629280192704,-5.09845,"Smart Contract Platform, Layer 1 (L1), Ethereum Ecosystem, FTX Holdings, Multicoin Capital Portfolio, Proof of Stake (PoS), Alameda Research Portfolio, Andreessen Horowitz (a16z) Portfolio, GMCI Layer 1 Index, GMCI 30 Index, Delphi Ventures Portfolio, Galaxy Digital Portfolio, GMCI Index, World Liberty Financial Portfolio, Coinbase 50 Index"
2025-07-24 00:00:00,3630.053531480921,438111570682.8548,47655045407.89862,ethereum,eth,Ethereum,2,120692588.7575344,120692588.7575344,,4946.05,0.432979,-108.629280192704,-5.09845,"Smart Contract Platform, Layer 1 (L1), Ethereum Ecosystem, FTX Holdings, Multicoin Capital Portfolio, Proof of Stake (PoS), Alameda Research Portfolio, Andreessen Horowitz (a16z) Portfolio, GMCI Layer 1 Index, GMCI 30 Index, Delphi Ventures Portfolio, Galaxy Digital Portfolio, GMCI Index, World Liberty Financial Portfolio, Coinbase 50 Index"
2025-07-25 00:00:00,3708.4299352383423,447620332487.87305,47332291813.01175,ethereum,eth,Ethereum,2,120692588.7575344,120692588.7575344,,4946.05,0.432979,-108.629280192704,-5.09845,"Smart Contract Platform, Layer 1 (L1), Ethereum Ecosystem, FTX Holdings, Multicoin Capital Portfolio, Proof of Stake (PoS), Alameda Research Portfolio, Andreessen Horowitz (a16z) Portfolio, GMCI Layer 1 Index, GMCI 30 Index, Delphi Ventures Portfolio, Galaxy Digital Portfolio, GMCI Index, World Liberty Financial Portfolio, Coinbase 50 Index"
2025-07-26 00:00:00,3723.0529092785596,449379722345.43585,48622472830.12327,ethereum,eth,Ethereum,2,120692588.7575344,120692588.7575344,,4946.05,0.432979,-108.629280192704,-5.09845,"Smart Contract Platform, Layer 1 (L1), Ethereum Ecosystem, FTX Holdings, Multicoin Capital Portfolio, Proof of Stake (PoS), Alameda Research Portfolio, Andreessen Horowitz (a16z) Portfolio, GMCI Layer 1 Index, GMCI 30 Index, Delphi Ventures Portfolio, Galaxy Digital Portfolio, GMCI Index, World Liberty Financial Portfolio, Coinbase 50 Index"
2025-07-27 00:00:00,3742.4314258659915,451746443518.379,25352434514.72998,ethereum,eth,Ethereum,2,120692588.7575344,120692588.7575344,,4946.05,0.432979,-108.629280192704,-5.09845,"Smart Contract Platform, Layer 1 (L1), Ethereum Ecosystem, FTX Holdings, Multicoin Capital Portfolio, Proof of Stake (PoS), Alameda Research Portfolio, Andreessen Horowitz (a16z) Portfolio, GMCI Layer 1 Index, GMCI 30 Index, Delphi Ventures Portfolio, Galaxy Digital Portfolio, GMCI Index, World Liberty Financial Portfolio, Coinbase 50 Index"
2025-07-28 00:00:00,3864.1248374654765,466077664312.2753,26045280361.31318,ethereum,eth,Ethereum,2,120692588.7575344,120692588.7575344,,4946.05,0.432979,-108.629280192704,-5.09845,"Smart Contract Platform, Layer 1 (L1), Ethereum Ecosystem, FTX Holdings, Multicoin Capital Portfolio, Proof of Stake (PoS), Alameda Research Portfolio, Andreessen Horowitz (a16z) Portfolio, GMCI Layer 1 Index, GMCI 30 Index, Delphi Ventures Portfolio, Galaxy Digital Portfolio, GMCI Index, World Liberty Financial Portfolio, Coinbase 50 Index"
2025-07-29 00:00:00,3786.303845995956,457680388920.6686,38743589826.42135,ethereum,eth,Ethereum,2,120692588.7575344,120692588.7575344,,4946.05,0.432979,-108.629280192704,-5.09845,"Smart Contract Platform, Layer 1 (L1), Ethereum Ecosystem, FTX Holdings, Multicoin Capital Portfolio, Proof of Stake (PoS), Alameda Research Portfolio, Andreessen Horowitz (a16z) Portfolio, GMCI Layer 1 Index, GMCI 30 Index, Delphi Ventures Portfolio, Galaxy Digital Portfolio, GMCI Index, World Liberty Financial Portfolio, Coinbase 50 Index"
2025-07-30 00:00:00,3788.5983716058226,457213828532.1186,34923369443.87463,ethereum,eth,Ethereum,2,120692588.7575344,120692588.7575344,,4946.05,0.432979,-108.629280192704,-5.09845,"Smart Contract Platform, Layer 1 (L1), Ethereum Ecosystem, FTX Holdings, Multicoin Capital Portfolio, Proof of Stake (PoS), Alameda Research Portfolio, Andreessen Horowitz (a16z) Portfolio, GMCI Layer 1 Index, GMCI 30 Index, Delphi Ventures Portfolio, Galaxy Digital Portfolio, GMCI Index, World Liberty Financial Portfolio, Coinbase 50 Index"
2025-07-31 00:00:00,3807.4166010824188,459449027043.4022,28710848449.745983,ethereum,eth,Ethereum,2,120692588.7575344,120692588.7575344,,4946.05,0.432979,-108.629280192704,-5.09845,"Smart Contract Platform, Layer 1 (L1), Ethereum Ecosystem, FTX Holdings, Multicoin Capital Portfolio, Proof of Stake (PoS), Alameda Research Portfolio, Andreessen Horowitz (a16z) Portfolio, GMCI Layer 1 Index, GMCI 30 Index, Delphi Ventures Portfolio, Galaxy Digital Portfolio, GMCI Index, World Liberty Financial Portfolio, Coinbase 50 Index"
2025-08-01 00:00:00,3696.6628530851194,446264222707.4442,31312115686.896267,ethereum,eth,Ethereum,2,120692588.7575344,120692588.7575344,,4946.05,0.432979,-108.629280192704,-5.09845,"Smart Contract Platform, Layer 1 (L1), Ethereum Ecosystem, FTX Holdings, Multicoin Capital Portfolio, Proof of Stake (PoS), Alameda Research Portfolio, Andreessen Horowitz (a16z) Portfolio, GMCI Layer 1 Index, GMCI 30 Index, Delphi Ventures Portfolio, Galaxy Digital Portfolio, GMCI Index, World Liberty Financial Portfolio, Coinbase 50 Index"
2025-08-02 00:00:00,3483.1789551579504,420327732498.14484,42431734230.15089,ethereum,eth,Ethereum,2,120692588.7575344,120692588.7575344,,4946.05,0.432979,-108.629280192704,-5.09845,"Smart Contract Platform, Layer 1 (L1), Ethereum Ecosystem, FTX Holdings, Multicoin Capital Portfolio, Proof of Stake (PoS), Alameda Research Portfolio, Andreessen Horowitz (a16z) Portfolio, GMCI Layer 1 Index, GMCI 30 Index, Delphi Ventures Portfolio, Galaxy Digital Portfolio, GMCI Index, World Liberty Financial Portfolio, Coinbase 50 Index"
2025-08-03 00:00:00,3397.4855484143177,410229849339.571,28164675444.895985,ethereum,eth,Ethereum,2,120692588.7575344,120692588.7575344,,4946.05,0.432979,-108.629280192704,-5.09845,"Smart Contract Platform, Layer 1 (L1), Ethereum Ecosystem, FTX Holdings, Multicoin Capital Portfolio, Proof of Stake (PoS), Alameda Research Portfolio, Andreessen Horowitz (a16z) Portfolio, GMCI Layer 1 Index, GMCI 30 Index, Delphi Ventures Portfolio, Galaxy Digital Portfolio, GMCI Index, World Liberty Financial Portfolio, Coinbase 50 Index"
2025-08-04 00:00:00,3497.573127822404,422223994717.4719,18338718249.174084,ethereum,eth,Ethereum,2,120692588.7575344,120692588.7575344,,4946.05,0.432979,-108.629280192704,-5.09845,"Smart Contract Platform, Layer 1 (L1), Ethereum Ecosystem, FTX Holdings, Multicoin Capital Portfolio, Proof of Stake (PoS), Alameda Research Portfolio, Andreessen Horowitz (a16z) Portfolio, GMCI Layer 1 Index, GMCI 30 Index, Delphi Ventures Portfolio, Galaxy Digital Portfolio, GMCI Index, World Liberty Financial Portfolio, Coinbase 50 Index"
2025-08-05 00:00:00,3715.7090148550706,448517239894.4303,28536476594.95387,ethereum,eth,Ethereum,2,120692588.7575344,120692588.7575344,,4946.05,0.432979,-108.629280192704,-5.09845,"Smart Contract Platform, Layer 1 (L1), Ethereum Ecosystem, FTX Holdings, Multicoin Capital Portfolio, Proof of Stake (PoS), Alameda Research Portfolio, Andreessen Horowitz (a16z) Portfolio, GMCI Layer 1 Index, GMCI 30 Index, Delphi Ventures Portfolio, Galaxy Digital Portfolio, GMCI Index, World Liberty Financial Portfolio, Coinbase 50 Index"
2025-08-06 00:00:00,3612.442432236669,436373875222.1905,29411744198.367584,ethereum,eth,Ethereum,2,120692588.7575344,120692588.7575344,,4946.05,0.432979,-108.629280192704,-5.09845,"Smart Contract Platform, Layer 1 (L1), Ethereum Ecosystem, FTX Holdings, Multicoin Capital Portfolio, Proof of Stake (PoS), Alameda Research Portfolio, Andreessen Horowitz (a16z) Portfolio, GMCI Layer 1 Index, GMCI 30 Index, Delphi Ventures Portfolio, Galaxy Digital Portfolio, GMCI Index, World Liberty Financial Portfolio, Coinbase 50 Index"
2025-08-07 00:00:00,3684.0459195726726,444737780081.9074,23256150904.877857,ethereum,eth,Ethereum,2,120692588.7575344,120692588.7575344,,4946.05,0.432979,-108.629280192704,-5.09845,"Smart Contract Platform, Layer 1 (L1), Ethereum Ecosystem, FTX Holdings, Multicoin Capital Portfolio, Proof of Stake (PoS), Alameda Research Portfolio, Andreessen Horowitz (a16z) Portfolio, GMCI Layer 1 Index, GMCI 30 Index, Delphi Ventures Portfolio, Galaxy Digital Portfolio, GMCI Index, World Liberty Financial Portfolio, Coinbase 50 Index"
2025-08-08 00:00:00,3911.2609462690816,471838906504.6792,31981627910.70641,ethereum,eth,Ethereum,2,120692588.7575344,120692588.7575344,,4946.05,0.432979,-108.629280192704,-5.09845,"Smart Contract Platform, Layer 1 (L1), Ethereum Ecosystem, FTX Holdings, Multicoin Capital Portfolio, Proof of Stake (PoS), Alameda Research Portfolio, Andreessen Horowitz (a16z) Portfolio, GMCI Layer 1 Index, GMCI 30 Index, Delphi Ventures Portfolio, Galaxy Digital Portfolio, GMCI Index, World Liberty Financial Portfolio, Coinbase 50 Index"
2025-08-09 00:00:00,4012.97697001236,484483868122.1773,37861934037.3479,ethereum,eth,Ethereum,2,120692588.7575344,120692588.7575344,,4946.05,0.432979,-108.629280192704,-5.09845,"Smart Contract Platform, Layer 1 (L1), Ethereum Ecosystem, FTX Holdings, Multicoin Capital Portfolio, Proof of Stake (PoS), Alameda Research Portfolio, Andreessen Horowitz (a16z) Portfolio, GMCI Layer 1 Index, GMCI 30 Index, Delphi Ventures Portfolio, Galaxy Digital Portfolio, GMCI Index, World Liberty Financial Portfolio, Coinbase 50 Index"
2025-08-10 00:00:00,4265.563258333516,514414914903.2612,37686735734.66866,ethereum,eth,Ethereum,2,120692588.7575344,120692588.7575344,,4946.05,0.432979,-108.629280192704,-5.09845,"Smart Contract Platform, Layer 1 (L1), Ethereum Ecosystem, FTX Holdings, Multicoin Capital Portfolio, Proof of Stake (PoS), Alameda Research Portfolio, Andreessen Horowitz (a16z) Portfolio, GMCI Layer 1 Index, GMCI 30 Index, Delphi Ventures Portfolio, Galaxy Digital Portfolio, GMCI Index, World Liberty Financial Portfolio, Coinbase 50 Index"
2025-08-11 00:00:00,4253.591618951185,513073639261.6181,26481154882.304214,ethereum,eth,Ethereum,2,120692588.7575344,120692588.7575344,,4946.05,0.432979,-108.629280192704,-5.09845,"Smart Contract Platform, Layer 1 (L1), Ethereum Ecosystem, FTX Holdings, Multicoin Capital Portfolio, Proof of Stake (PoS), Alameda Research Portfolio, Andreessen Horowitz (a16z) Portfolio, GMCI Layer 1 Index, GMCI 30 Index, Delphi Ventures Portfolio, Galaxy Digital Portfolio, GMCI Index, World Liberty Financial Portfolio, Coinbase 50 Index"
2025-08-12 00:00:00,4228.824213261163,510225780028.6237,43010572110.88258,ethereum,eth,Ethereum,2,120692588.7575344,120692588.7575344,,4946.05,0.432979,-108.629280192704,-5.09845,"Smart Contract Platform, Layer 1 (L1), Ethereum Ecosystem, FTX Holdings, Multicoin Capital Portfolio, Proof of Stake (PoS), Alameda Research Portfolio, Andreessen Horowitz (a16z) Portfolio, GMCI Layer 1 Index, GMCI 30 Index, Delphi Ventures Portfolio, Galaxy Digital Portfolio, GMCI Index, World Liberty Financial Portfolio, Coinbase 50 Index"
2025-08-13 00:00:00,4606.809427709522,556502855391.5187,52840297700.59488,ethereum,eth,Ethereum,2,120692588.7575344,120692588.7575344,,4946.05,0.432979,-108.629280192704,-5.09845,"Smart Contract Platform, Layer 1 (L1), Ethereum Ecosystem, FTX Holdings, Multicoin Capital Portfolio, Proof of Stake (PoS), Alameda Research Portfolio, Andreessen Horowitz (a16z) Portfolio, GMCI Layer 1 Index, GMCI 30 Index, Delphi Ventures Portfolio, Galaxy Digital Portfolio, GMCI Index, World Liberty Financial Portfolio, Coinbase 50 Index"
2025-08-14 00:00:00,4763.652535322159,575091067506.1215,58870844448.59354,ethereum,eth,Ethereum,2,120692588.7575344,120692588.7575344,,4946.05,0.432979,-108.629280192704,-5.09845,"Smart Contract Platform, Layer 1 (L1), Ethereum Ecosystem, FTX Holdings, Multicoin Capital Portfolio, Proof of Stake (PoS), Alameda Research Portfolio, Andreessen Horowitz (a16z) Portfolio, GMCI Layer 1 Index, GMCI 30 Index, Delphi Ventures Portfolio, Galaxy Digital Portfolio, GMCI Index, World Liberty Financial Portfolio, Coinbase 50 Index"
2025-08-15 00:00:00,4554.291501538621,551514703070.4648,66924319529.18441,ethereum,eth,Ethereum,2,120692588.7575344,120692588.7575344,,4946.05,0.432979,-108.629280192704,-5.09845,"Smart Contract Platform, Layer 1 (L1), Ethereum Ecosystem, FTX Holdings, Multicoin Capital Portfolio, Proof of Stake (PoS), Alameda Research Portfolio, Andreessen Horowitz (a16z) Portfolio, GMCI Layer 1 Index, GMCI 30 Index, Delphi Ventures Portfolio, Galaxy Digital Portfolio, GMCI Index, World Liberty Financial Portfolio, Coinbase 50 Index"
2025-08-16 00:00:00,4430.532465017841,534578587192.13434,50038927770.639565,ethereum,eth,Ethereum,2,120692588.7575344,120692588.7575344,,4946.05,0.432979,-108.629280192704,-5.09845,"Smart Contract Platform, Layer 1 (L1), Ethereum Ecosystem, FTX Holdings, Multicoin Capital Portfolio, Proof of Stake (PoS), Alameda Research Portfolio, Andreessen Horowitz (a16z) Portfolio, GMCI Layer 1 Index, GMCI 30 Index, Delphi Ventures Portfolio, Galaxy Digital Portfolio, GMCI Index, World Liberty Financial Portfolio, Coinbase 50 Index"
2025-08-17 00:00:00,4426.826913311333,534150282399.6513,21104759591.061535,ethereum,eth,Ethereum,2,120692588.7575344,120692588.7575344,,4946.05,0.432979,-108.629280192704,-5.09845,"Smart Contract Platform, Layer 1 (L1), Ethereum Ecosystem, FTX Holdings, Multicoin Capital Portfolio, Proof of Stake (PoS), Alameda Research Portfolio, Andreessen Horowitz (a16z) Portfolio, GMCI Layer 1 Index, GMCI 30 Index, Delphi Ventures Portfolio, Galaxy Digital Portfolio, GMCI Index, World Liberty Financial Portfolio, Coinbase 50 Index"
2025-08-18 00:00:00,4487.118013759226,541923097741.9142,28100356151.382523,ethereum,eth,Ethereum,2,120692588.7575344,120692588.7575344,,4946.05,0.432979,-108.629280192704,-5.09845,"Smart Contract Platform, Layer 1 (L1), Ethereum Ecosystem, FTX Holdings, Multicoin Capital Portfolio, Proof of Stake (PoS), Alameda Research Portfolio, Andreessen Horowitz (a16z) Portfolio, GMCI Layer 1 Index, GMCI 30 Index, Delphi Ventures Portfolio, Galaxy Digital Portfolio, GMCI Index, World Liberty Financial Portfolio, Coinbase 50 Index"
2025-08-19 00:00:00,4317.2757573282315,520793172158.0575,43935703176.22011,ethereum,eth,Ethereum,2,120692588.7575344,120692588.7575344,,4946.05,0.432979,-108.629280192704,-5.09845,"Smart Contract Platform, Layer 1 (L1), Ethereum Ecosystem, FTX Holdings, Multicoin Capital Portfolio, Proof of Stake (PoS), Alameda Research Portfolio, Andreessen Horowitz (a16z) Portfolio, GMCI Layer 1 Index, GMCI 30 Index, Delphi Ventures Portfolio, Galaxy Digital Portfolio, GMCI Index, World Liberty Financial Portfolio, Coinbase 50 Index"
2025-08-20 00:00:00,4074.495786100515,491872355111.46844,41626342123.38552,ethereum,eth,Ethereum,2,120692588.7575344,120692588.7575344,,4946.05,0.432979,-108.629280192704,-5.09845,"Smart Contract Platform, Layer 1 (L1), Ethereum Ecosystem, FTX Holdings, Multicoin Capital Portfolio, Proof of Stake (PoS), Alameda Research Portfolio, Andreessen Horowitz (a16z) Portfolio, GMCI Layer 1 Index, GMCI 30 Index, Delphi Ventures Portfolio, Galaxy Digital Portfolio, GMCI Index, World Liberty Financial Portfolio, Coinbase 50 Index"
2025-08-21 00:00:00,4330.491598768078,523004794309.38104,39857177022.84433,ethereum,eth,Ethereum,2,120692588.7575344,120692588.7575344,,4946.05,0.432979,-108.629280192704,-5.09845,"Smart Contract Platform, Layer 1 (L1), Ethereum Ecosystem, FTX Holdings, Multicoin Capital Portfolio, Proof of Stake (PoS), Alameda Research Portfolio, Andreessen Horowitz (a16z) Portfolio, GMCI Layer 1 Index, GMCI 30 Index, Delphi Ventures Portfolio, Galaxy Digital Portfolio, GMCI Index, World Liberty Financial Portfolio, Coinbase 50 Index"
2025-08-22 00:00:00,4224.438592580698,509951239220.54224,21703206731.83165,ethereum,eth,Ethereum,2,120692588.7575344,120692588.7575344,,4946.05,0.432979,-108.629280192704,-5.09845,"Smart Contract Platform, Layer 1 (L1), Ethereum Ecosystem, FTX Holdings, Multicoin Capital Portfolio, Proof of Stake (PoS), Alameda Research Portfolio, Andreessen Horowitz (a16z) Portfolio, GMCI Layer 1 Index, GMCI 30 Index, Delphi Ventures Portfolio, Galaxy Digital Portfolio, GMCI Index, World Liberty Financial Portfolio, Coinbase 50 Index"
2025-08-23 00:00:00,4829.225541798332,582817007170.4178,61856673933.04883,ethereum,eth,Ethereum,2,120692588.7575344,120692588.7575344,,4946.05,0.432979,-108.629280192704,-5.09845,"Smart Contract Platform, Layer 1 (L1), Ethereum Ecosystem, FTX Holdings, Multicoin Capital Portfolio, Proof of Stake (PoS), Alameda Research Portfolio, Andreessen Horowitz (a16z) Portfolio, GMCI Layer 1 Index, GMCI 30 Index, Delphi Ventures Portfolio, Galaxy Digital Portfolio, GMCI Index, World Liberty Financial Portfolio, Coinbase 50 Index"
2025-08-24 00:00:00,4773.884088598777,576242312916.0488,27814037595.094646,ethereum,eth,Ethereum,2,120692588.7575344,120692588.7575344,,4946.05,0.432979,-108.629280192704,-5.09845,"Smart Contract Platform, Layer 1 (L1), Ethereum Ecosystem, FTX Holdings, Multicoin Capital Portfolio, Proof of Stake (PoS), Alameda Research Portfolio, Andreessen Horowitz (a16z) Portfolio, GMCI Layer 1 Index, GMCI 30 Index, Delphi Ventures Portfolio, Galaxy Digital Portfolio, GMCI Index, World Liberty Financial Portfolio, Coinbase 50 Index"
2025-08-25 00:00:00,4778.10916071381,577227233251.8729,41157770217.98017,ethereum,eth,Ethereum,2,120692588.7575344,120692588.7575344,,4946.05,0.432979,-108.629280192704,-5.09845,"Smart Contract Platform, Layer 1 (L1), Ethereum Ecosystem, FTX Holdings, Multicoin Capital Portfolio, Proof of Stake (PoS), Alameda Research Portfolio, Andreessen Horowitz (a16z) Portfolio, GMCI Layer 1 Index, GMCI 30 Index, Delphi Ventures Portfolio, Galaxy Digital Portfolio, GMCI Index, World Liberty Financial Portfolio, Coinbase 50 Index"
2025-08-26 00:00:00,4381.626176071471,529509245849.7141,48217069690.885376,ethereum,eth,Ethereum,2,120692588.7575344,120692588.7575344,,4946.05,0.432979,-108.629280192704,-5.09845,"Smart Contract Platform, Layer 1 (L1), Ethereum Ecosystem, FTX Holdings, Multicoin Capital Portfolio, Proof of Stake (PoS), Alameda Research Portfolio, Andreessen Horowitz (a16z) Portfolio, GMCI Layer 1 Index, GMCI 30 Index, Delphi Ventures Portfolio, Galaxy Digital Portfolio, GMCI Index, World Liberty Financial Portfolio, Coinbase 50 Index"
2025-08-27 00:00:00,4602.369685333965,555061696726.733,35263906282.176544,ethereum,eth,Ethereum,2,120692588.7575344,120692588.7575344,,4946.05,0.432979,-108.629280192704,-5.09845,"Smart Contract Platform, Layer 1 (L1), Ethereum Ecosystem, FTX Holdings, Multicoin Capital Portfolio, Proof of Stake (PoS), Alameda Research Portfolio, Andreessen Horowitz (a16z) Portfolio, GMCI Layer 1 Index, GMCI 30 Index, Delphi Ventures Portfolio, Galaxy Digital Portfolio, GMCI Index, World Liberty Financial Portfolio, Coinbase 50 Index"
2025-08-28 00:00:00,4500.1451479982325,543608856125.4653,35898825608.295586,ethereum,eth,Ethereum,2,120692588.7575344,120692588.7575344,,4946.05,0.432979,-108.629280192704,-5.09845,"Smart Contract Platform, Layer 1 (L1), Ethereum Ecosystem, FTX Holdings, Multicoin Capital Portfolio, Proof of Stake (PoS), Alameda Research Portfolio, Andreessen Horowitz (a16z) Portfolio, GMCI Layer 1 Index, GMCI 30 Index, Delphi Ventures Portfolio, Galaxy Digital Portfolio, GMCI Index, World Liberty Financial Portfolio, Coinbase 50 Index"
2025-08-29 00:00:00,4507.560431032719,543249516158.12427,29189873860.227936,ethereum,eth,Ethereum,2,120692588.7575344,120692588.7575344,,4946.05,0.432979,-108.629280192704,-5.09845,"Smart Contract Platform, Layer 1 (L1), Ethereum Ecosystem, FTX Holdings, Multicoin Capital Portfolio, Proof of Stake (PoS), Alameda Research Portfolio, Andreessen Horowitz (a16z) Portfolio, GMCI Layer 1 Index, GMCI 30 Index, Delphi Ventures Portfolio, Galaxy Digital Portfolio, GMCI Index, World Liberty Financial Portfolio, Coinbase 50 Index"
2025-08-30 00:00:00,4364.358521430426,526830870964.3115,38006835596.328514,ethereum,eth,Ethereum,2,120692588.7575344,120692588.7575344,,4946.05,0.432979,-108.629280192704,-5.09845,"Smart Contract Platform, Layer 1 (L1), Ethereum Ecosystem, FTX Holdings, Multicoin Capital Portfolio, Proof of Stake (PoS), Alameda Research Portfolio, Andreessen Horowitz (a16z) Portfolio, GMCI Layer 1 Index, GMCI 30 Index, Delphi Ventures Portfolio, Galaxy Digital Portfolio, GMCI Index, World Liberty Financial Portfolio, Coinbase 50 Index"
2025-08-31 00:00:00,4373.360357620914,527539496668.2519,19199178188.100254,ethereum,eth,Ethereum,2,120692588.7575344,120692588.7575344,,4946.05,0.432979,-108.629280192704,-5.09845,"Smart Contract Platform, Layer 1 (L1), Ethereum Ecosystem, FTX Holdings, Multicoin Capital Portfolio, Proof of Stake (PoS), Alameda Research Portfolio, Andreessen Horowitz (a16z) Portfolio, GMCI Layer 1 Index, GMCI 30 Index, Delphi Ventures Portfolio, Galaxy Digital Portfolio, GMCI Index, World Liberty Financial Portfolio, Coinbase 50 Index"
2025-09-01 00:00:00,4388.931464519364,529740073153.04834,22269795530.723904,ethereum,eth,Ethereum,2,120692588.7575344,120692588.7575344,,4946.05,0.432979,-108.629280192704,-5.09845,"Smart Contract Platform, Layer 1 (L1), Ethereum Ecosystem, FTX Holdings, Multicoin Capital Portfolio, Proof of Stake (PoS), Alameda Research Portfolio, Andreessen Horowitz (a16z) Portfolio, GMCI Layer 1 Index, GMCI 30 Index, Delphi Ventures Portfolio, Galaxy Digital Portfolio, GMCI Index, World Liberty Financial Portfolio, Coinbase 50 Index"
2025-09-02 00:00:00,4303.202222745541,519534784996.7176,31725195638.84437,ethereum,eth,Ethereum,2,120692588.7575344,120692588.7575344,,4946.05,0.432979,-108.629280192704,-5.09845,"Smart Contract Platform, Layer 1 (L1), Ethereum Ecosystem, FTX Holdings, Multicoin Capital Portfolio, Proof of Stake (PoS), Alameda Research Portfolio, Andreessen Horowitz (a16z) Portfolio, GMCI Layer 1 Index, GMCI 30 Index, Delphi Ventures Portfolio, Galaxy Digital Portfolio, GMCI Index, World Liberty Financial Portfolio, Coinbase 50 Index"
2025-09-03 00:00:00,4325.856306225941,521450862214.85895,32990260980.341236,ethereum,eth,Ethereum,2,120692588.7575344,120692588.7575344,,4946.05,0.432979,-108.629280192704,-5.09845,"Smart Contract Platform, Layer 1 (L1), Ethereum Ecosystem, FTX Holdings, Multicoin Capital Portfolio, Proof of Stake (PoS), Alameda Research Portfolio, Andreessen Horowitz (a16z) Portfolio, GMCI Layer 1 Index, GMCI 30 Index, Delphi Ventures Portfolio, Galaxy Digital Portfolio, GMCI Index, World Liberty Financial Portfolio, Coinbase 50 Index"
2025-09-04 00:00:00,4449.8670977283255,537549763927.1384,30818352470.84173,ethereum,eth,Ethereum,2,120692588.7575344,120692588.7575344,,4946.05,0.432979,-108.629280192704,-5.09845,"Smart Contract Platform, Layer 1 (L1), Ethereum Ecosystem, FTX Holdings, Multicoin Capital Portfolio, Proof of Stake (PoS), Alameda Research Portfolio, Andreessen Horowitz (a16z) Portfolio, GMCI Layer 1 Index, GMCI 30 Index, Delphi Ventures Portfolio, Galaxy Digital Portfolio, GMCI Index, World Liberty Financial Portfolio, Coinbase 50 Index"
2025-09-05 00:00:00,4298.094660544595,519319443328.1493,29893273380.076374,ethereum,eth,Ethereum,2,120692588.7575344,120692588.7575344,,4946.05,0.432979,-108.629280192704,-5.09845,"Smart Contract Platform, Layer 1 (L1), Ethereum Ecosystem, FTX Holdings, Multicoin Capital Portfolio, Proof of Stake (PoS), Alameda Research Portfolio, Andreessen Horowitz (a16z) Portfolio, GMCI Layer 1 Index, GMCI 30 Index, Delphi Ventures Portfolio, Galaxy Digital Portfolio, GMCI Index, World Liberty Financial Portfolio, Coinbase 50 Index"
2025-09-06 00:00:00,4306.613513100346,519830732357.0378,37950930494.82325,ethereum,eth,Ethereum,2,120692588.7575344,120692588.7575344,,4946.05,0.432979,-108.629280192704,-5.09845,"Smart Contract Platform, Layer 1 (L1), Ethereum Ecosystem, FTX Holdings, Multicoin Capital Portfolio, Proof of Stake (PoS), Alameda Research Portfolio, Andreessen Horowitz (a16z) Portfolio, GMCI Layer 1 Index, GMCI 30 Index, Delphi Ventures Portfolio, Galaxy Digital Portfolio, GMCI Index, World Liberty Financial Portfolio, Coinbase 50 Index"
2025-09-07 00:00:00,4273.110024157841,515852185188.91895,14497961323.191992,ethereum,eth,Ethereum,2,120692588.7575344,120692588.7575344,,4946.05,0.432979,-108.629280192704,-5.09845,"Smart Contract Platform, Layer 1 (L1), Ethereum Ecosystem, FTX Holdings, Multicoin Capital Portfolio, Proof of Stake (PoS), Alameda Research Portfolio, Andreessen Horowitz (a16z) Portfolio, GMCI Layer 1 Index, GMCI 30 Index, Delphi Ventures Portfolio, Galaxy Digital Portfolio, GMCI Index, World Liberty Financial Portfolio, Coinbase 50 Index"
2025-09-08 00:00:00,4304.032421076036,519663340480.02106,14920604279.616674,ethereum,eth,Ethereum,2,120692588.7575344,120692588.7575344,,4946.05,0.432979,-108.629280192704,-5.09845,"Smart Contract Platform, Layer 1 (L1), Ethereum Ecosystem, FTX Holdings, Multicoin Capital Portfolio, Proof of Stake (PoS), Alameda Research Portfolio, Andreessen Horowitz (a16z) Portfolio, GMCI Layer 1 Index, GMCI 30 Index, Delphi Ventures Portfolio, Galaxy Digital Portfolio, GMCI Index, World Liberty Financial Portfolio, Coinbase 50 Index"
2025-09-09 00:00:00,4309.685702772004,519912892077.1541,26393884729.75394,ethereum,eth,Ethereum,2,120692588.7575344,120692588.7575344,,4946.05,0.432979,-108.629280192704,-5.09845,"Smart Contract Platform, Layer 1 (L1), Ethereum Ecosystem, FTX Holdings, Multicoin Capital Portfolio, Proof of Stake (PoS), Alameda Research Portfolio, Andreessen Horowitz (a16z) Portfolio, GMCI Layer 1 Index, GMCI 30 Index, Delphi Ventures Portfolio, Galaxy Digital Portfolio, GMCI Index, World Liberty Financial Portfolio, Coinbase 50 Index"
2025-09-10 00:00:00,4309.342746120013,520461727067.3641,28408982228.170376,ethereum,eth,Ethereum,2,120692588.7575344,120692588.7575344,,4946.05,0.432979,-108.629280192704,-5.09845,"Smart Contract Platform, Layer 1 (L1), Ethereum Ecosystem, FTX Holdings, Multicoin Capital Portfolio, Proof of Stake (PoS), Alameda Research Portfolio, Andreessen Horowitz (a16z) Portfolio, GMCI Layer 1 Index, GMCI 30 Index, Delphi Ventures Portfolio, Galaxy Digital Portfolio, GMCI Index, World Liberty Financial Portfolio, Coinbase 50 Index"
2025-09-11 00:00:00,4347.476803670656,524803924739.0028,34848418445.62599,ethereum,eth,Ethereum,2,120692588.7575344,120692588.7575344,,4946.05,0.432979,-108.629280192704,-5.09845,"Smart Contract Platform, Layer 1 (L1), Ethereum Ecosystem, FTX Holdings, Multicoin Capital Portfolio, Proof of Stake (PoS), Alameda Research Portfolio, Andreessen Horowitz (a16z) Portfolio, GMCI Layer 1 Index, GMCI 30 Index, Delphi Ventures Portfolio, Galaxy Digital Portfolio, GMCI Index, World Liberty Financial Portfolio, Coinbase 50 Index"
2025-09-12 00:00:00,4459.31901599882,538261336997.6129,33593064568.960487,ethereum,eth,Ethereum,2,120692588.7575344,120692588.7575344,,4946.05,0.432979,-108.629280192704,-5.09845,"Smart Contract Platform, Layer 1 (L1), Ethereum Ecosystem, FTX Holdings, Multicoin Capital Portfolio, Proof of Stake (PoS), Alameda Research Portfolio, Andreessen Horowitz (a16z) Portfolio, GMCI Layer 1 Index, GMCI 30 Index, Delphi Ventures Portfolio, Galaxy Digital Portfolio, GMCI Index, World Liberty Financial Portfolio, Coinbase 50 Index"
2025-09-13 00:00:00,4708.841744149995,567724477218.3574,39138140052.58744,ethereum,eth,Ethereum,2,120692588.7575344,120692588.7575344,,4946.05,0.432979,-108.629280192704,-5.09845,"Smart Contract Platform, Layer 1 (L1), Ethereum Ecosystem, FTX Holdings, Multicoin Capital Portfolio, Proof of Stake (PoS), Alameda Research Portfolio, Andreessen Horowitz (a16z) Portfolio, GMCI Layer 1 Index, GMCI 30 Index, Delphi Ventures Portfolio, Galaxy Digital Portfolio, GMCI Index, World Liberty Financial Portfolio, Coinbase 50 Index"
2025-09-14 00:00:00,4667.699652630318,563397805739.7904,30452117451.68358,ethereum,eth,Ethereum,2,120692588.7575344,120692588.7575344,,4946.05,0.432979,-108.629280192704,-5.09845,"Smart Contract Platform, Layer 1 (L1), Ethereum Ecosystem, FTX Holdings, Multicoin Capital Portfolio, Proof of Stake (PoS), Alameda Research Portfolio, Andreessen Horowitz (a16z) Portfolio, GMCI Layer 1 Index, GMCI 30 Index, Delphi Ventures Portfolio, Galaxy Digital Portfolio, GMCI Index, World Liberty Financial Portfolio, Coinbase 50 Index"
2025-09-15 00:00:00,4609.786110950785,556354045428.2224,23827529566.903904,ethereum,eth,Ethereum,2,120692588.7575344,120692588.7575344,,4946.05,0.432979,-108.629280192704,-5.09845,"Smart Contract Platform, Layer 1 (L1), Ethereum Ecosystem, FTX Holdings, Multicoin Capital Portfolio, Proof of Stake (PoS), Alameda Research Portfolio, Andreessen Horowitz (a16z) Portfolio, GMCI Layer 1 Index, GMCI 30 Index, Delphi Ventures Portfolio, Galaxy Digital Portfolio, GMCI Index, World Liberty Financial Portfolio, Coinbase 50 Index"
2025-09-16 00:00:00,4524.244939102515,545926863107.31946,33863743706.690956,ethereum,eth,Ethereum,2,120692588.7575344,120692588.7575344,,4946.05,0.432979,-108.629280192704,-5.09845,"Smart Contract Platform, Layer 1 (L1), Ethereum Ecosystem, FTX Holdings, Multicoin Capital Portfolio, Proof of Stake (PoS), Alameda Research Portfolio, Andreessen Horowitz (a16z) Portfolio, GMCI Layer 1 Index, GMCI 30 Index, Delphi Ventures Portfolio, Galaxy Digital Portfolio, GMCI Index, World Liberty Financial Portfolio, Coinbase 50 Index"
2025-09-17 00:00:00,4504.266635522813,543407922913.00836,28053763147.05997,ethereum,eth,Ethereum,2,120692588.7575344,120692588.7575344,,4946.05,0.432979,-108.629280192704,-5.09845,"Smart Contract Platform, Layer 1 (L1), Ethereum Ecosystem, FTX Holdings, Multicoin Capital Portfolio, Proof of Stake (PoS), Alameda Research Portfolio, Andreessen Horowitz (a16z) Portfolio, GMCI Layer 1 Index, GMCI 30 Index, Delphi Ventures Portfolio, Galaxy Digital Portfolio, GMCI Index, World Liberty Financial Portfolio, Coinbase 50 Index"
2025-09-18 00:00:00,4591.768794331328,554600592896.1794,41727122821.76891,ethereum,eth,Ethereum,2,120692588.7575344,120692588.7575344,,4946.05,0.432979,-108.629280192704,-5.09845,"Smart Contract Platform, Layer 1 (L1), Ethereum Ecosystem, FTX Holdings, Multicoin Capital Portfolio, Proof of Stake (PoS), Alameda Research Portfolio, Andreessen Horowitz (a16z) Portfolio, GMCI Layer 1 Index, GMCI 30 Index, Delphi Ventures Portfolio, Galaxy Digital Portfolio, GMCI Index, World Liberty Financial Portfolio, Coinbase 50 Index"
2025-09-19 00:00:00,4590.6367372135155,554210013387.6136,29381752919.13096,ethereum,eth,Ethereum,2,120692588.7575344,120692588.7575344,,4946.05,0.432979,-108.629280192704,-5.09845,"Smart Contract Platform, Layer 1 (L1), Ethereum Ecosystem, FTX Holdings, Multicoin Capital Portfolio, Proof of Stake (PoS), Alameda Research Portfolio, Andreessen Horowitz (a16z) Portfolio, GMCI Layer 1 Index, GMCI 30 Index, Delphi Ventures Portfolio, Galaxy Digital Portfolio, GMCI Index, World Liberty Financial Portfolio, Coinbase 50 Index"
2025-09-20 00:00:00,4470.479474009387,539242810184.06946,28156319659.26727,ethereum,eth,Ethereum,2,120692588.7575344,120692588.7575344,,4946.05,0.432979,-108.629280192704,-5.09845,"Smart Contract Platform, Layer 1 (L1), Ethereum Ecosystem, FTX Holdings, Multicoin Capital Portfolio, Proof of Stake (PoS), Alameda Research Portfolio, Andreessen Horowitz (a16z) Portfolio, GMCI Layer 1 Index, GMCI 30 Index, Delphi Ventures Portfolio, Galaxy Digital Portfolio, GMCI Index, World Liberty Financial Portfolio, Coinbase 50 Index"
2025-09-21 00:00:00,4481.799472368209,540941822331.27405,14314030981.454111,ethereum,eth,Ethereum,2,120692588.7575344,120692588.7575344,,4946.05,0.432979,-108.629280192704,-5.09845,"Smart Contract Platform, Layer 1 (L1), Ethereum Ecosystem, FTX Holdings, Multicoin Capital Portfolio, Proof of Stake (PoS), Alameda Research Portfolio, Andreessen Horowitz (a16z) Portfolio, GMCI Layer 1 Index, GMCI 30 Index, Delphi Ventures Portfolio, Galaxy Digital Portfolio, GMCI Index, World Liberty Financial Portfolio, Coinbase 50 Index"
2025-09-22 00:00:00,4452.87113037789,537406899904.3973,15910684640.581882,ethereum,eth,Ethereum,2,120692588.7575344,120692588.7575344,,4946.05,0.432979,-108.629280192704,-5.09845,"Smart Contract Platform, Layer 1 (L1), Ethereum Ecosystem, FTX Holdings, Multicoin Capital Portfolio, Proof of Stake (PoS), Alameda Research Portfolio, Andreessen Horowitz (a16z) Portfolio, GMCI Layer 1 Index, GMCI 30 Index, Delphi Ventures Portfolio, Galaxy Digital Portfolio, GMCI Index, World Liberty Financial Portfolio, Coinbase 50 Index"
2025-09-23 00:00:00,4199.951774017639,507148578276.2705,52988093949.58233,ethereum,eth,Ethereum,2,120692588.7575344,120692588.7575344,,4946.05,0.432979,-108.629280192704,-5.09845,"Smart Contract Platform, Layer 1 (L1), Ethereum Ecosystem, FTX Holdings, Multicoin Capital Portfolio, Proof of Stake (PoS), Alameda Research Portfolio, Andreessen Horowitz (a16z) Portfolio, GMCI Layer 1 Index, GMCI 30 Index, Delphi Ventures Portfolio, Galaxy Digital Portfolio, GMCI Index, World Liberty Financial Portfolio, Coinbase 50 Index"
2025-09-24 00:00:00,4166.1905498775295,503209949445.43353,29902684711.810097,ethereum,eth,Ethereum,2,120692588.7575344,120692588.7575344,,4946.05,0.432979,-108.629280192704,-5.09845,"Smart Contract Platform, Layer 1 (L1), Ethereum Ecosystem, FTX Holdings, Multicoin Capital Portfolio, Proof of Stake (PoS), Alameda Research Portfolio, Andreessen Horowitz (a16z) Portfolio, GMCI Layer 1 Index, GMCI 30 Index, Delphi Ventures Portfolio, Galaxy Digital Portfolio, GMCI Index, World Liberty Financial Portfolio, Coinbase 50 Index"
2025-09-25 00:00:00,4148.65682762035,500734284408.361,29988924904.58222,ethereum,eth,Ethereum,2,120692588.7575344,120692588.7575344,,4946.05,0.432979,-108.629280192704,-5.09845,"Smart Contract Platform, Layer 1 (L1), Ethereum Ecosystem, FTX Holdings, Multicoin Capital Portfolio, Proof of Stake (PoS), Alameda Research Portfolio, Andreessen Horowitz (a16z) Portfolio, GMCI Layer 1 Index, GMCI 30 Index, Delphi Ventures Portfolio, Galaxy Digital Portfolio, GMCI Index, World Liberty Financial Portfolio, Coinbase 50 Index"
2025-09-26 00:00:00,3863.0632875907245,466825639887.3833,63461265827.195854,ethereum,eth,Ethereum,2,120692588.7575344,120692588.7575344,,4946.05,0.432979,-108.629280192704,-5.09845,"Smart Contract Platform, Layer 1 (L1), Ethereum Ecosystem, FTX Holdings, Multicoin Capital Portfolio, Proof of Stake (PoS), Alameda Research Portfolio, Andreessen Horowitz (a16z) Portfolio, GMCI Layer 1 Index, GMCI 30 Index, Delphi Ventures Portfolio, Galaxy Digital Portfolio, GMCI Index, World Liberty Financial Portfolio, Coinbase 50 Index"
2025-09-27 00:00:00,4037.0979210260916,486889364203.26996,43443403793.85234,ethereum,eth,Ethereum,2,120692588.7575344,120692588.7575344,,4946.05,0.432979,-108.629280192704,-5.09845,"Smart Contract Platform, Layer 1 (L1), Ethereum Ecosystem, FTX Holdings, Multicoin Capital Portfolio, Proof of Stake (PoS), Alameda Research Portfolio, Andreessen Horowitz (a16z) Portfolio, GMCI Layer 1 Index, GMCI 30 Index, Delphi Ventures Portfolio, Galaxy Digital Portfolio, GMCI Index, World Liberty Financial Portfolio, Coinbase 50 Index"
2025-09-28 00:00:00,4018.167453105732,485207355886.1105,17011629273.367075,ethereum,eth,Ethereum,2,120692588.7575344,120692588.7575344,,4946.05,0.432979,-108.629280192704,-5.09845,"Smart Contract Platform, Layer 1 (L1), Ethereum Ecosystem, FTX Holdings, Multicoin Capital Portfolio, Proof of Stake (PoS), Alameda Research Portfolio, Andreessen Horowitz (a16z) Portfolio, GMCI Layer 1 Index, GMCI 30 Index, Delphi Ventures Portfolio, Galaxy Digital Portfolio, GMCI Index, World Liberty Financial Portfolio, Coinbase 50 Index"
2025-09-29 00:00:00,4141.839664086501,499628731251.1227,21656522951.624653,ethereum,eth,Ethereum,2,120692588.7575344,120692588.7575344,,4946.05,0.432979,-108.629280192704,-5.09845,"Smart Contract Platform, Layer 1 (L1), Ethereum Ecosystem, FTX Holdings, Multicoin Capital Portfolio, Proof of Stake (PoS), Alameda Research Portfolio, Andreessen Horowitz (a16z) Portfolio, GMCI Layer 1 Index, GMCI 30 Index, Delphi Ventures Portfolio, Galaxy Digital Portfolio, GMCI Index, World Liberty Financial Portfolio, Coinbase 50 Index"
2025-09-30 00:00:00,4215.61278947927,508909498092.11896,34604598514.675,ethereum,eth,Ethereum,2,120692588.7575344,120692588.7575344,,4946.05,0.432979,-108.629280192704,-5.09845,"Smart Contract Platform, Layer 1 (L1), Ethereum Ecosystem, FTX Holdings, Multicoin Capital Portfolio, Proof of Stake (PoS), Alameda Research Portfolio, Andreessen Horowitz (a16z) Portfolio, GMCI Layer 1 Index, GMCI 30 Index, Delphi Ventures Portfolio, Galaxy Digital Portfolio, GMCI Index, World Liberty Financial Portfolio, Coinbase 50 Index"
2025-10-01 00:00:00,4144.230463371581,500218841768.296,34013325290.49775,ethereum,eth,Ethereum,2,120692588.7575344,120692588.7575344,,4946.05,0.432979,-108.629280192704,-5.09845,"Smart Contract Platform, Layer 1 (L1), Ethereum Ecosystem, FTX Holdings, Multicoin Capital Portfolio, Proof of Stake (PoS), Alameda Research Portfolio, Andreessen Horowitz (a16z) Portfolio, GMCI Layer 1 Index, GMCI 30 Index, Delphi Ventures Portfolio, Galaxy Digital Portfolio, GMCI Index, World Liberty Financial Portfolio, Coinbase 50 Index"
2025-10-02 00:00:00,4343.951983440489,524308225825.147,42741046618.56157,ethereum,eth,Ethereum,2,120692588.7575344,120692588.7575344,,4946.05,0.432979,-108.629280192704,-5.09845,"Smart Contract Platform, Layer 1 (L1), Ethereum Ecosystem, FTX Holdings, Multicoin Capital Portfolio, Proof of Stake (PoS), Alameda Research Portfolio, Andreessen Horowitz (a16z) Portfolio, GMCI Layer 1 Index, GMCI 30 Index, Delphi Ventures Portfolio, Galaxy Digital Portfolio, GMCI Index, World Liberty Financial Portfolio, Coinbase 50 Index"
2025-10-03 00:00:00,4484.006245909478,540553843152.3364,41104321433.11955,ethereum,eth,Ethereum,2,120692588.7575344,120692588.7575344,,4946.05,0.432979,-108.629280192704,-5.09845,"Smart Contract Platform, Layer 1 (L1), Ethereum Ecosystem, FTX Holdings, Multicoin Capital Portfolio, Proof of Stake (PoS), Alameda Research Portfolio, Andreessen Horowitz (a16z) Portfolio, GMCI Layer 1 Index, GMCI 30 Index, Delphi Ventures Portfolio, Galaxy Digital Portfolio, GMCI Index, World Liberty Financial Portfolio, Coinbase 50 Index"
2025-10-04 00:00:00,4515.759068159723,545075315730.44794,45970576945.09693,ethereum,eth,Ethereum,2,120692588.7575344,120692588.7575344,,4946.05,0.432979,-108.629280192704,-5.09845,"Smart Contract Platform, Layer 1 (L1), Ethereum Ecosystem, FTX Holdings, Multicoin Capital Portfolio, Proof of Stake (PoS), Alameda Research Portfolio, Andreessen Horowitz (a16z) Portfolio, GMCI Layer 1 Index, GMCI 30 Index, Delphi Ventures Portfolio, Galaxy Digital Portfolio, GMCI Index, World Liberty Financial Portfolio, Coinbase 50 Index"
2025-10-05 00:00:00,4487.706651673285,541611848322.7991,20597928707.86516,ethereum,eth,Ethereum,2,120692588.7575344,120692588.7575344,,4946.05,0.432979,-108.629280192704,-5.09845,"Smart Contract Platform, Layer 1 (L1), Ethereum Ecosystem, FTX Holdings, Multicoin Capital Portfolio, Proof of Stake (PoS), Alameda Research Portfolio, Andreessen Horowitz (a16z) Portfolio, GMCI Layer 1 Index, GMCI 30 Index, Delphi Ventures Portfolio, Galaxy Digital Portfolio, GMCI Index, World Liberty Financial Portfolio, Coinbase 50 Index"
2025-10-06 00:00:00,4515.321391965295,545075062109.96124,40355486904.311195,ethereum,eth,Ethereum,2,120692588.7575344,120692588.7575344,,4946.05,0.432979,-108.629280192704,-5.09845,"Smart Contract Platform, Layer 1 (L1), Ethereum Ecosystem, FTX Holdings, Multicoin Capital Portfolio, Proof of Stake (PoS), Alameda Research Portfolio, Andreessen Horowitz (a16z) Portfolio, GMCI Layer 1 Index, GMCI 30 Index, Delphi Ventures Portfolio, Galaxy Digital Portfolio, GMCI Index, World Liberty Financial Portfolio, Coinbase 50 Index"
2025-10-07 00:00:00,4689.131734746596,566339901682.9528,41164885082.65789,ethereum,eth,Ethereum,2,120692588.7575344,120692588.7575344,,4946.05,0.432979,-108.629280192704,-5.09845,"Smart Contract Platform, Layer 1 (L1), Ethereum Ecosystem, FTX Holdings, Multicoin Capital Portfolio, Proof of Stake (PoS), Alameda Research Portfolio, Andreessen Horowitz (a16z) Portfolio, GMCI Layer 1 Index, GMCI 30 Index, Delphi Ventures Portfolio, Galaxy Digital Portfolio, GMCI Index, World Liberty Financial Portfolio, Coinbase 50 Index"
2025-10-08 00:00:00,4454.32846286666,537522914209.85065,49804861778.9329,ethereum,eth,Ethereum,2,120692588.7575344,120692588.7575344,,4946.05,0.432979,-108.629280192704,-5.09845,"Smart Contract Platform, Layer 1 (L1), Ethereum Ecosystem, FTX Holdings, Multicoin Capital Portfolio, Proof of Stake (PoS), Alameda Research Portfolio, Andreessen Horowitz (a16z) Portfolio, GMCI Layer 1 Index, GMCI 30 Index, Delphi Ventures Portfolio, Galaxy Digital Portfolio, GMCI Index, World Liberty Financial Portfolio, Coinbase 50 Index"
2025-10-09 00:00:00,4527.578004547945,546454608029.64813,36623453162.8216,ethereum,eth,Ethereum,2,120692588.7575344,120692588.7575344,,4946.05,0.432979,-108.629280192704,-5.09845,"Smart Contract Platform, Layer 1 (L1), Ethereum Ecosystem, FTX Holdings, Multicoin Capital Portfolio, Proof of Stake (PoS), Alameda Research Portfolio, Andreessen Horowitz (a16z) Portfolio, GMCI Layer 1 Index, GMCI 30 Index, Delphi Ventures Portfolio, Galaxy Digital Portfolio, GMCI Index, World Liberty Financial Portfolio, Coinbase 50 Index"
2025-10-10 00:00:00,4368.649439385323,527213250874.5829,42731695438.879875,ethereum,eth,Ethereum,2,120692588.7575344,120692588.7575344,,4946.05,0.432979,-108.629280192704,-5.09845,"Smart Contract Platform, Layer 1 (L1), Ethereum Ecosystem, FTX Holdings, Multicoin Capital Portfolio, Proof of Stake (PoS), Alameda Research Portfolio, Andreessen Horowitz (a16z) Portfolio, GMCI Layer 1 Index, GMCI 30 Index, Delphi Ventures Portfolio, Galaxy Digital Portfolio, GMCI Index, World Liberty Financial Portfolio, Coinbase 50 Index"
2025-10-11 00:00:00,3835.632842050135,463578765352.86365,90784076986.425,ethereum,eth,Ethereum,2,120692588.7575344,120692588.7575344,,4946.05,0.432979,-108.629280192704,-5.09845,"Smart Contract Platform, Layer 1 (L1), Ethereum Ecosystem, FTX Holdings, Multicoin Capital Portfolio, Proof of Stake (PoS), Alameda Research Portfolio, Andreessen Horowitz (a16z) Portfolio, GMCI Layer 1 Index, GMCI 30 Index, Delphi Ventures Portfolio, Galaxy Digital Portfolio, GMCI Index, World Liberty Financial Portfolio, Coinbase 50 Index"
2025-10-12 00:00:00,3749.218185954949,453043143808.8669,54140013164.198265,ethereum,eth,Ethereum,2,120692588.7575344,120692588.7575344,,4946.05,0.432979,-108.629280192704,-5.09845,"Smart Contract Platform, Layer 1 (L1), Ethereum Ecosystem, FTX Holdings, Multicoin Capital Portfolio, Proof of Stake (PoS), Alameda Research Portfolio, Andreessen Horowitz (a16z) Portfolio, GMCI Layer 1 Index, GMCI 30 Index, Delphi Ventures Portfolio, Galaxy Digital Portfolio, GMCI Index, World Liberty Financial Portfolio, Coinbase 50 Index"
2025-10-13 00:00:00,4159.729307791921,501175375996.802,57642806541.61372,ethereum,eth,Ethereum,2,120692588.7575344,120692588.7575344,,4946.05,0.432979,-108.629280192704,-5.09845,"Smart Contract Platform, Layer 1 (L1), Ethereum Ecosystem, FTX Holdings, Multicoin Capital Portfolio, Proof of Stake (PoS), Alameda Research Portfolio, Andreessen Horowitz (a16z) Portfolio, GMCI Layer 1 Index, GMCI 30 Index, Delphi Ventures Portfolio, Galaxy Digital Portfolio, GMCI Index, World Liberty Financial Portfolio, Coinbase 50 Index"
2025-10-14 00:00:00,4246.217461554773,512317800004.74445,46426992105.166855,ethereum,eth,Ethereum,2,120692588.7575344,120692588.7575344,,4946.05,0.432979,-108.629280192704,-5.09845,"Smart Contract Platform, Layer 1 (L1), Ethereum Ecosystem, FTX Holdings, Multicoin Capital Portfolio, Proof of Stake (PoS), Alameda Research Portfolio, Andreessen Horowitz (a16z) Portfolio, GMCI Layer 1 Index, GMCI 30 Index, Delphi Ventures Portfolio, Galaxy Digital Portfolio, GMCI Index, World Liberty Financial Portfolio, Coinbase 50 Index"
2025-10-15 00:00:00,4128.888447033946,498801738230.5064,62876294833.97642,ethereum,eth,Ethereum,2,120692588.7575344,120692588.7575344,,4946.05,0.432979,-108.629280192704,-5.09845,"Smart Contract Platform, Layer 1 (L1), Ethereum Ecosystem, FTX Holdings, Multicoin Capital Portfolio, Proof of Stake (PoS), Alameda Research Portfolio, Andreessen Horowitz (a16z) Portfolio, GMCI Layer 1 Index, GMCI 30 Index, Delphi Ventures Portfolio, Galaxy Digital Portfolio, GMCI Index, World Liberty Financial Portfolio, Coinbase 50 Index"
2025-10-16 00:00:00,3983.1544356894233,480502921991.1765,44806571765.16941,ethereum,eth,Ethereum,2,120692588.7575344,120692588.7575344,,4946.05,0.432979,-108.629280192704,-5.09845,"Smart Contract Platform, Layer 1 (L1), Ethereum Ecosystem, FTX Holdings, Multicoin Capital Portfolio, Proof of Stake (PoS), Alameda Research Portfolio, Andreessen Horowitz (a16z) Portfolio, GMCI Layer 1 Index, GMCI 30 Index, Delphi Ventures Portfolio, Galaxy Digital Portfolio, GMCI Index, World Liberty Financial Portfolio, Coinbase 50 Index"
2025-10-17 00:00:00,3890.1993012479857,469582926617.41595,44673230678.7307,ethereum,eth,Ethereum,2,120692588.7575344,120692588.7575344,,4946.05,0.432979,-108.629280192704,-5.09845,"Smart Contract Platform, Layer 1 (L1), Ethereum Ecosystem, FTX Holdings, Multicoin Capital Portfolio, Proof of Stake (PoS), Alameda Research Portfolio, Andreessen Horowitz (a16z) Portfolio, GMCI Layer 1 Index, GMCI 30 Index, Delphi Ventures Portfolio, Galaxy Digital Portfolio, GMCI Index, World Liberty Financial Portfolio, Coinbase 50 Index"
2025-10-18 00:00:00,3831.244175835675,462727285553.6246,52519500424.67195,ethereum,eth,Ethereum,2,120692588.7575344,120692588.7575344,,4946.05,0.432979,-108.629280192704,-5.09845,"Smart Contract Platform, Layer 1 (L1), Ethereum Ecosystem, FTX Holdings, Multicoin Capital Portfolio, Proof of Stake (PoS), Alameda Research Portfolio, Andreessen Horowitz (a16z) Portfolio, GMCI Layer 1 Index, GMCI 30 Index, Delphi Ventures Portfolio, Galaxy Digital Portfolio, GMCI Index, World Liberty Financial Portfolio, Coinbase 50 Index"
2025-10-19 00:00:00,3889.4990302043157,469204461222.8663,19845543405.385517,ethereum,eth,Ethereum,2,120692588.7575344,120692588.7575344,,4946.05,0.432979,-108.629280192704,-5.09845,"Smart Contract Platform, Layer 1 (L1), Ethereum Ecosystem, FTX Holdings, Multicoin Capital Portfolio, Proof of Stake (PoS), Alameda Research Portfolio, Andreessen Horowitz (a16z) Portfolio, GMCI Layer 1 Index, GMCI 30 Index, Delphi Ventures Portfolio, Galaxy Digital Portfolio, GMCI Index, World Liberty Financial Portfolio, Coinbase 50 Index"
2025-10-20 00:00:00,3985.0765644046796,480734836101.83966,29233928200.2202,ethereum,eth,Ethereum,2,120692588.7575344,120692588.7575344,,4946.05,0.432979,-108.629280192704,-5.09845,"Smart Contract Platform, Layer 1 (L1), Ethereum Ecosystem, FTX Holdings, Multicoin Capital Portfolio, Proof of Stake (PoS), Alameda Research Portfolio, Andreessen Horowitz (a16z) Portfolio, GMCI Layer 1 Index, GMCI 30 Index, Delphi Ventures Portfolio, Galaxy Digital Portfolio, GMCI Index, World Liberty Financial Portfolio, Coinbase 50 Index"
2025-10-21 00:00:00,3978.7901551344357,480395580826.9953,35767064768.00727,ethereum,eth,Ethereum,2,120692588.7575344,120692588.7575344,,4946.05,0.432979,-108.629280192704,-5.09845,"Smart Contract Platform, Layer 1 (L1), Ethereum Ecosystem, FTX Holdings, Multicoin Capital Portfolio, Proof of Stake (PoS), Alameda Research Portfolio, Andreessen Horowitz (a16z) Portfolio, GMCI Layer 1 Index, GMCI 30 Index, Delphi Ventures Portfolio, Galaxy Digital Portfolio, GMCI Index, World Liberty Financial Portfolio, Coinbase 50 Index"
2025-10-22 00:00:00,3877.4871979550117,467810730089.432,46069514674.15889,ethereum,eth,Ethereum,2,120692588.7575344,120692588.7575344,,4946.05,0.432979,-108.629280192704,-5.09845,"Smart Contract Platform, Layer 1 (L1), Ethereum Ecosystem, FTX Holdings, Multicoin Capital Portfolio, Proof of Stake (PoS), Alameda Research Portfolio, Andreessen Horowitz (a16z) Portfolio, GMCI Layer 1 Index, GMCI 30 Index, Delphi Ventures Portfolio, Galaxy Digital Portfolio, GMCI Index, World Liberty Financial Portfolio, Coinbase 50 Index"
2025-10-23 00:00:00,3801.7907952382916,458856134706.02246,41712359613.706055,ethereum,eth,Ethereum,2,120692588.7575344,120692588.7575344,,4946.05,0.432979,-108.629280192704,-5.09845,"Smart Contract Platform, Layer 1 (L1), Ethereum Ecosystem, FTX Holdings, Multicoin Capital Portfolio, Proof of Stake (PoS), Alameda Research Portfolio, Andreessen Horowitz (a16z) Portfolio, GMCI Layer 1 Index, GMCI 30 Index, Delphi Ventures Portfolio, Galaxy Digital Portfolio, GMCI Index, World Liberty Financial Portfolio, Coinbase 50 Index"
2025-10-24 00:00:00,3855.8421162401205,465361564940.0126,32116755772.61905,ethereum,eth,Ethereum,2,120692588.7575344,120692588.7575344,,4946.05,0.432979,-108.629280192704,-5.09845,"Smart Contract Platform, Layer 1 (L1), Ethereum Ecosystem, FTX Holdings, Multicoin Capital Portfolio, Proof of Stake (PoS), Alameda Research Portfolio, Andreessen Horowitz (a16z) Portfolio, GMCI Layer 1 Index, GMCI 30 Index, Delphi Ventures Portfolio, Galaxy Digital Portfolio, GMCI Index, World Liberty Financial Portfolio, Coinbase 50 Index"
2025-10-25 00:00:00,3933.232269901015,474759372126.45776,30026152396.570248,ethereum,eth,Ethereum,2,120692588.7575344,120692588.7575344,,4946.05,0.432979,-108.629280192704,-5.09845,"Smart Contract Platform, Layer 1 (L1), Ethereum Ecosystem, FTX Holdings, Multicoin Capital Portfolio, Proof of Stake (PoS), Alameda Research Portfolio, Andreessen Horowitz (a16z) Portfolio, GMCI Layer 1 Index, GMCI 30 Index, Delphi Ventures Portfolio, Galaxy Digital Portfolio, GMCI Index, World Liberty Financial Portfolio, Coinbase 50 Index"
2025-10-26 00:00:00,3952.213557935584,477319399731.4925,12389144280.82482,ethereum,eth,Ethereum,2,120692588.7575344,120692588.7575344,,4946.05,0.432979,-108.629280192704,-5.09845,"Smart Contract Platform, Layer 1 (L1), Ethereum Ecosystem, FTX Holdings, Multicoin Capital Portfolio, Proof of Stake (PoS), Alameda Research Portfolio, Andreessen Horowitz (a16z) Portfolio, GMCI Layer 1 Index, GMCI 30 Index, Delphi Ventures Portfolio, Galaxy Digital Portfolio, GMCI Index, World Liberty Financial Portfolio, Coinbase 50 Index"
2025-10-27 00:00:00,4161.590896249249,502918445052.51886,25813518444.008472,ethereum,eth,Ethereum,2,120692588.7575344,120692588.7575344,,4946.05,0.432979,-108.629280192704,-5.09845,"Smart Contract Platform, Layer 1 (L1), Ethereum Ecosystem, FTX Holdings, Multicoin Capital Portfolio, Proof of Stake (PoS), Alameda Research Portfolio, Andreessen Horowitz (a16z) Portfolio, GMCI Layer 1 Index, GMCI 30 Index, Delphi Ventures Portfolio, Galaxy Digital Portfolio, GMCI Index, World Liberty Financial Portfolio, Coinbase 50 Index"
2025-10-28 00:00:00,4123.206220671679,497221249584.5864,36948961061.03095,ethereum,eth,Ethereum,2,120692588.7575344,120692588.7575344,,4946.05,0.432979,-108.629280192704,-5.09845,"Smart Contract Platform, Layer 1 (L1), Ethereum Ecosystem, FTX Holdings, Multicoin Capital Portfolio, Proof of Stake (PoS), Alameda Research Portfolio, Andreessen Horowitz (a16z) Portfolio, GMCI Layer 1 Index, GMCI 30 Index, Delphi Ventures Portfolio, Galaxy Digital Portfolio, GMCI Index, World Liberty Financial Portfolio, Coinbase 50 Index"
2025-10-29 00:00:00,3982.3127893175442,481161348044.65594,35659878225.70066,ethereum,eth,Ethereum,2,120692588.7575344,120692588.7575344,,4946.05,0.432979,-108.629280192704,-5.09845,"Smart Contract Platform, Layer 1 (L1), Ethereum Ecosystem, FTX Holdings, Multicoin Capital Portfolio, Proof of Stake (PoS), Alameda Research Portfolio, Andreessen Horowitz (a16z) Portfolio, GMCI Layer 1 Index, GMCI 30 Index, Delphi Ventures Portfolio, Galaxy Digital Portfolio, GMCI Index, World Liberty Financial Portfolio, Coinbase 50 Index"
2025-10-30 00:00:00,3897.359267616961,470349941761.83514,33522381291.769722,ethereum,eth,Ethereum,2,120692588.7575344,120692588.7575344,,4946.05,0.432979,-108.629280192704,-5.09845,"Smart Contract Platform, Layer 1 (L1), Ethereum Ecosystem, FTX Holdings, Multicoin Capital Portfolio, Proof of Stake (PoS), Alameda Research Portfolio, Andreessen Horowitz (a16z) Portfolio, GMCI Layer 1 Index, GMCI 30 Index, Delphi Ventures Portfolio, Galaxy Digital Portfolio, GMCI Index, World Liberty Financial Portfolio, Coinbase 50 Index"
2025-10-31 00:00:00,3802.2953645331804,458793317252.3975,36685058456.47925,ethereum,eth,Ethereum,2,120692588.7575344,120692588.7575344,,4946.05,0.432979,-108.629280192704,-5.09845,"Smart Contract Platform, Layer 1 (L1), Ethereum Ecosystem, FTX Holdings, Multicoin Capital Portfolio, Proof of Stake (PoS), Alameda Research Portfolio, Andreessen Horowitz (a16z) Portfolio, GMCI Layer 1 Index, GMCI 30 Index, Delphi Ventures Portfolio, Galaxy Digital Portfolio, GMCI Index, World Liberty Financial Portfolio, Coinbase 50 Index"
2025-11-01 00:00:00,3847.298177365196,464417354244.41925,32814597904.07948,ethereum,eth,Ethereum,2,120692588.7575344,120692588.7575344,,4946.05,0.432979,-108.629280192704,-5.09845,"Smart Contract Platform, Layer 1 (L1), Ethereum Ecosystem, FTX Holdings, Multicoin Capital Portfolio, Proof of Stake (PoS), Alameda Research Portfolio, Andreessen Horowitz (a16z) Portfolio, GMCI Layer 1 Index, GMCI 30 Index, Delphi Ventures Portfolio, Galaxy Digital Portfolio, GMCI Index, World Liberty Financial Portfolio, Coinbase 50 Index"
2025-11-02 00:00:00,3872.2118961957594,467387016348.6048,12518543682.642963,ethereum,eth,Ethereum,2,120692588.7575344,120692588.7575344,,4946.05,0.432979,-108.629280192704,-5.09845,"Smart Contract Platform, Layer 1 (L1), Ethereum Ecosystem, FTX Holdings, Multicoin Capital Portfolio, Proof of Stake (PoS), Alameda Research Portfolio, Andreessen Horowitz (a16z) Portfolio, GMCI Layer 1 Index, GMCI 30 Index, Delphi Ventures Portfolio, Galaxy Digital Portfolio, GMCI Index, World Liberty Financial Portfolio, Coinbase 50 Index"
2025-11-03 00:00:00,3910.0947691627284,471549372393.21094,15511617607.50217,ethereum,eth,Ethereum,2,120692588.7575344,120692588.7575344,,4946.05,0.432979,-108.629280192704,-5.09845,"Smart Contract Platform, Layer 1 (L1), Ethereum Ecosystem, FTX Holdings, Multicoin Capital Portfolio, Proof of Stake (PoS), Alameda Research Portfolio, Andreessen Horowitz (a16z) Portfolio, GMCI Layer 1 Index, GMCI 30 Index, Delphi Ventures Portfolio, Galaxy Digital Portfolio, GMCI Index, World Liberty Financial Portfolio, Coinbase 50 Index"
2025-11-04 00:00:00,3600.71550248779,434149656995.1001,47914058739.68866,ethereum,eth,Ethereum,2,120692588.7575344,120692588.7575344,,4946.05,0.432979,-108.629280192704,-5.09845,"Smart Contract Platform, Layer 1 (L1), Ethereum Ecosystem, FTX Holdings, Multicoin Capital Portfolio, Proof of Stake (PoS), Alameda Research Portfolio, Andreessen Horowitz (a16z) Portfolio, GMCI Layer 1 Index, GMCI 30 Index, Delphi Ventures Portfolio, Galaxy Digital Portfolio, GMCI Index, World Liberty Financial Portfolio, Coinbase 50 Index"
2025-11-05 00:00:00,3296.7437604313104,397489340792.3503,68784285690.87129,ethereum,eth,Ethereum,2,120692588.7575344,120692588.7575344,,4946.05,0.432979,-108.629280192704,-5.09845,"Smart Contract Platform, Layer 1 (L1), Ethereum Ecosystem, FTX Holdings, Multicoin Capital Portfolio, Proof of Stake (PoS), Alameda Research Portfolio, Andreessen Horowitz (a16z) Portfolio, GMCI Layer 1 Index, GMCI 30 Index, Delphi Ventures Portfolio, Galaxy Digital Portfolio, GMCI Index, World Liberty Financial Portfolio, Coinbase 50 Index"
2025-11-06 00:00:00,3427.6905913706814,413918683595.6081,44374527842.85683,ethereum,eth,Ethereum,2,120692588.7575344,120692588.7575344,,4946.05,0.432979,-108.629280192704,-5.09845,"Smart Contract Platform, Layer 1 (L1), Ethereum Ecosystem, FTX Holdings, Multicoin Capital Portfolio, Proof of Stake (PoS), Alameda Research Portfolio, Andreessen Horowitz (a16z) Portfolio, GMCI Layer 1 Index, GMCI 30 Index, Delphi Ventures Portfolio, Galaxy Digital Portfolio, GMCI Index, World Liberty Financial Portfolio, Coinbase 50 Index"
2025-11-07 00:00:00,3308.918164921951,399007356776.52936,33880974985.82207,ethereum,eth,Ethereum,2,120692588.7575344,120692588.7575344,,4946.05,0.432979,-108.629280192704,-5.09845,"Smart Contract Platform, Layer 1 (L1), Ethereum Ecosystem, FTX Holdings, Multicoin Capital Portfolio, Proof of Stake (PoS), Alameda Research Portfolio, Andreessen Horowitz (a16z) Portfolio, GMCI Layer 1 Index, GMCI 30 Index, Delphi Ventures Portfolio, Galaxy Digital Portfolio, GMCI Index, World Liberty Financial Portfolio, Coinbase 50 Index"
2025-11-08 00:00:00,3434.3512285299594,414691375367.5941,38972602140.84989,ethereum,eth,Ethereum,2,120692588.7575344,120692588.7575344,,4946.05,0.432979,-108.629280192704,-5.09845,"Smart Contract Platform, Layer 1 (L1), Ethereum Ecosystem, FTX Holdings, Multicoin Capital Portfolio, Proof of Stake (PoS), Alameda Research Portfolio, Andreessen Horowitz (a16z) Portfolio, GMCI Layer 1 Index, GMCI 30 Index, Delphi Ventures Portfolio, Galaxy Digital Portfolio, GMCI Index, World Liberty Financial Portfolio, Coinbase 50 Index"
2025-11-09 00:00:00,3401.4594003397083,410599145957.86835,20876971421.901554,ethereum,eth,Ethereum,2,120692588.7575344,120692588.7575344,,4946.05,0.432979,-108.629280192704,-5.09845,"Smart Contract Platform, Layer 1 (L1), Ethereum Ecosystem, FTX Holdings, Multicoin Capital Portfolio, Proof of Stake (PoS), Alameda Research Portfolio, Andreessen Horowitz (a16z) Portfolio, GMCI Layer 1 Index, GMCI 30 Index, Delphi Ventures Portfolio, Galaxy Digital Portfolio, GMCI Index, World Liberty Financial Portfolio, Coinbase 50 Index"
2025-11-10 00:00:00,3576.2547046627064,431294295578.2351,25994213654.36895,ethereum,eth,Ethereum,2,120692588.7575344,120692588.7575344,,4946.05,0.432979,-108.629280192704,-5.09845,"Smart Contract Platform, Layer 1 (L1), Ethereum Ecosystem, FTX Holdings, Multicoin Capital Portfolio, Proof of Stake (PoS), Alameda Research Portfolio, Andreessen Horowitz (a16z) Portfolio, GMCI Layer 1 Index, GMCI 30 Index, Delphi Ventures Portfolio, Galaxy Digital Portfolio, GMCI Index, World Liberty Financial Portfolio, Coinbase 50 Index"
2025-11-11 00:00:00,3564.6105957999334,430271977432.51276,31866555691.672695,ethereum,eth,Ethereum,2,120692588.7575344,120692588.7575344,,4946.05,0.432979,-108.629280192704,-5.09845,"Smart Contract Platform, Layer 1 (L1), Ethereum Ecosystem, FTX Holdings, Multicoin Capital Portfolio, Proof of Stake (PoS), Alameda Research Portfolio, Andreessen Horowitz (a16z) Portfolio, GMCI Layer 1 Index, GMCI 30 Index, Delphi Ventures Portfolio, Galaxy Digital Portfolio, GMCI Index, World Liberty Financial Portfolio, Coinbase 50 Index"
2025-11-12 00:00:00,3416.781328259322,411969837331.5966,36501187500.23736,ethereum,eth,Ethereum,2,120692588.7575344,120692588.7575344,,4946.05,0.432979,-108.629280192704,-5.09845,"Smart Contract Platform, Layer 1 (L1), Ethereum Ecosystem, FTX Holdings, Multicoin Capital Portfolio, Proof of Stake (PoS), Alameda Research Portfolio, Andreessen Horowitz (a16z) Portfolio, GMCI Layer 1 Index, GMCI 30 Index, Delphi Ventures Portfolio, Galaxy Digital Portfolio, GMCI Index, World Liberty Financial Portfolio, Coinbase 50 Index"
2025-11-13 00:00:00,3409.6144555411624,411695018306.39923,31722707429.919136,ethereum,eth,Ethereum,2,120692588.7575344,120692588.7575344,,4946.05,0.432979,-108.629280192704,-5.09845,"Smart Contract Platform, Layer 1 (L1), Ethereum Ecosystem, FTX Holdings, Multicoin Capital Portfolio, Proof of Stake (PoS), Alameda Research Portfolio, Andreessen Horowitz (a16z) Portfolio, GMCI Layer 1 Index, GMCI 30 Index, Delphi Ventures Portfolio, Galaxy Digital Portfolio, GMCI Index, World Liberty Financial Portfolio, Coinbase 50 Index"
2025-11-14 00:00:00,3235.7276362968546,392354946592.3496,47957135381.43061,ethereum,eth,Ethereum,2,120692588.7575344,120692588.7575344,,4946.05,0.432979,-108.629280192704,-5.09845,"Smart Contract Platform, Layer 1 (L1), Ethereum Ecosystem, FTX Holdings, Multicoin Capital Portfolio, Proof of Stake (PoS), Alameda Research Portfolio, Andreessen Horowitz (a16z) Portfolio, GMCI Layer 1 Index, GMCI 30 Index, Delphi Ventures Portfolio, Galaxy Digital Portfolio, GMCI Index, World Liberty Financial Portfolio, Coinbase 50 Index"
2025-11-15 00:00:00,3106.601287865052,376914348602.9677,45035057857.22528,ethereum,eth,Ethereum,2,120692588.7575344,120692588.7575344,,4946.05,0.432979,-108.629280192704,-5.09845,"Smart Contract Platform, Layer 1 (L1), Ethereum Ecosystem, FTX Holdings, Multicoin Capital Portfolio, Proof of Stake (PoS), Alameda Research Portfolio, Andreessen Horowitz (a16z) Portfolio, GMCI Layer 1 Index, GMCI 30 Index, Delphi Ventures Portfolio, Galaxy Digital Portfolio, GMCI Index, World Liberty Financial Portfolio, Coinbase 50 Index"
2025-11-16 00:00:00,3170.1129807404664,382460593691.1359,19159039393.797318,ethereum,eth,Ethereum,2,120692588.7575344,120692588.7575344,,4946.05,0.432979,-108.629280192704,-5.09845,"Smart Contract Platform, Layer 1 (L1), Ethereum Ecosystem, FTX Holdings, Multicoin Capital Portfolio, Proof of Stake (PoS), Alameda Research Portfolio, Andreessen Horowitz (a16z) Portfolio, GMCI Layer 1 Index, GMCI 30 Index, Delphi Ventures Portfolio, Galaxy Digital Portfolio, GMCI Index, World Liberty Financial Portfolio, Coinbase 50 Index"
2025-11-17 00:00:00,3101.686799467,374435480317.1664,30332766567.569996,ethereum,eth,Ethereum,2,120692588.7575344,120692588.7575344,,4946.05,0.432979,-108.629280192704,-5.09845,"Smart Contract Platform, Layer 1 (L1), Ethereum Ecosystem, FTX Holdings, Multicoin Capital Portfolio, Proof of Stake (PoS), Alameda Research Portfolio, Andreessen Horowitz (a16z) Portfolio, GMCI Layer 1 Index, GMCI 30 Index, Delphi Ventures Portfolio, Galaxy Digital Portfolio, GMCI Index, World Liberty Financial Portfolio, Coinbase 50 Index"
2025-11-18 00:00:00,3021.3021576301335,364584346775.1596,39723178401.3899,ethereum,eth,Ethereum,2,120692588.7575344,120692588.7575344,,4946.05,0.432979,-108.629280192704,-5.09845,"Smart Contract Platform, Layer 1 (L1), Ethereum Ecosystem, FTX Holdings, Multicoin Capital Portfolio, Proof of Stake (PoS), Alameda Research Portfolio, Andreessen Horowitz (a16z) Portfolio, GMCI Layer 1 Index, GMCI 30 Index, Delphi Ventures Portfolio, Galaxy Digital Portfolio, GMCI Index, World Liberty Financial Portfolio, Coinbase 50 Index"
2025-11-19 00:00:00,3117.2225871583155,375944681644.45795,40531057646.65946,ethereum,eth,Ethereum,2,120692588.7575344,120692588.7575344,,4946.05,0.432979,-108.629280192704,-5.09845,"Smart Contract Platform, Layer 1 (L1), Ethereum Ecosystem, FTX Holdings, Multicoin Capital Portfolio, Proof of Stake (PoS), Alameda Research Portfolio, Andreessen Horowitz (a16z) Portfolio, GMCI Layer 1 Index, GMCI 30 Index, Delphi Ventures Portfolio, Galaxy Digital Portfolio, GMCI Index, World Liberty Financial Portfolio, Coinbase 50 Index"
2025-11-20 00:00:00,3017.7483614097955,363582387251.9456,39173261740.03148,ethereum,eth,Ethereum,2,120692588.7575344,120692588.7575344,,4946.05,0.432979,-108.629280192704,-5.09845,"Smart Contract Platform, Layer 1 (L1), Ethereum Ecosystem, FTX Holdings, Multicoin Capital Portfolio, Proof of Stake (PoS), Alameda Research Portfolio, Andreessen Horowitz (a16z) Portfolio, GMCI Layer 1 Index, GMCI 30 Index, Delphi Ventures Portfolio, Galaxy Digital Portfolio, GMCI Index, World Liberty Financial Portfolio, Coinbase 50 Index"
2025-11-21 00:00:00,2832.068358334293,342850824587.94714,41625324784.96392,ethereum,eth,Ethereum,2,120692588.7575344,120692588.7575344,,4946.05,0.432979,-108.629280192704,-5.09845,"Smart Contract Platform, Layer 1 (L1), Ethereum Ecosystem, FTX Holdings, Multicoin Capital Portfolio, Proof of Stake (PoS), Alameda Research Portfolio, Andreessen Horowitz (a16z) Portfolio, GMCI Layer 1 Index, GMCI 30 Index, Delphi Ventures Portfolio, Galaxy Digital Portfolio, GMCI Index, World Liberty Financial Portfolio, Coinbase 50 Index"
2025-11-22 00:00:00,2764.735218675169,333838550169.9107,49920072209.17851,ethereum,eth,Ethereum,2,120692588.7575344,120692588.7575344,,4946.05,0.432979,-108.629280192704,-5.09845,"Smart Contract Platform, Layer 1 (L1), Ethereum Ecosystem, FTX Holdings, Multicoin Capital Portfolio, Proof of Stake (PoS), Alameda Research Portfolio, Andreessen Horowitz (a16z) Portfolio, GMCI Layer 1 Index, GMCI 30 Index, Delphi Ventures Portfolio, Galaxy Digital Portfolio, GMCI Index, World Liberty Financial Portfolio, Coinbase 50 Index"
2025-11-23 00:00:00,2768.6178294996353,334406681065.5302,15277324087.122278,ethereum,eth,Ethereum,2,120692588.7575344,120692588.7575344,,4946.05,0.432979,-108.629280192704,-5.09845,"Smart Contract Platform, Layer 1 (L1), Ethereum Ecosystem, FTX Holdings, Multicoin Capital Portfolio, Proof of Stake (PoS), Alameda Research Portfolio, Andreessen Horowitz (a16z) Portfolio, GMCI Layer 1 Index, GMCI 30 Index, Delphi Ventures Portfolio, Galaxy Digital Portfolio, GMCI Index, World Liberty Financial Portfolio, Coinbase 50 Index"
2025-11-24 00:00:00,2799.8149340924633,338053142179.2997,20170660685.078762,ethereum,eth,Ethereum,2,120692588.7575344,120692588.7575344,,4946.05,0.432979,-108.629280192704,-5.09845,"Smart Contract Platform, Layer 1 (L1), Ethereum Ecosystem, FTX Holdings, Multicoin Capital Portfolio, Proof of Stake (PoS), Alameda Research Portfolio, Andreessen Horowitz (a16z) Portfolio, GMCI Layer 1 Index, GMCI 30 Index, Delphi Ventures Portfolio, Galaxy Digital Portfolio, GMCI Index, World Liberty Financial Portfolio, Coinbase 50 Index"
2025-11-25 00:00:00,2953.327645752226,357075035362.9083,32699089921.17828,ethereum,eth,Ethereum,2,120692588.7575344,120692588.7575344,,4946.05,0.432979,-108.629280192704,-5.09845,"Smart Contract Platform, Layer 1 (L1), Ethereum Ecosystem, FTX Holdings, Multicoin Capital Portfolio, Proof of Stake (PoS), Alameda Research Portfolio, Andreessen Horowitz (a16z) Portfolio, GMCI Layer 1 Index, GMCI 30 Index, Delphi Ventures Portfolio, Galaxy Digital Portfolio, GMCI Index, World Liberty Financial Portfolio, Coinbase 50 Index"
2025-11-26 00:00:00,2955.046469321271,356667974212.06213,23359001752.780495,ethereum,eth,Ethereum,2,120692588.7575344,120692588.7575344,,4946.05,0.432979,-108.629280192704,-5.09845,"Smart Contract Platform, Layer 1 (L1), Ethereum Ecosystem, FTX Holdings, Multicoin Capital Portfolio, Proof of Stake (PoS), Alameda Research Portfolio, Andreessen Horowitz (a16z) Portfolio, GMCI Layer 1 Index, GMCI 30 Index, Delphi Ventures Portfolio, Galaxy Digital Portfolio, GMCI Index, World Liberty Financial Portfolio, Coinbase 50 Index"
2025-11-27 00:00:00,3027.477249132549,365169111971.85614,21096541004.26908,ethereum,eth,Ethereum,2,120692588.7575344,120692588.7575344,,4946.05,0.432979,-108.629280192704,-5.09845,"Smart Contract Platform, Layer 1 (L1), Ethereum Ecosystem, FTX Holdings, Multicoin Capital Portfolio, Proof of Stake (PoS), Alameda Research Portfolio, Andreessen Horowitz (a16z) Portfolio, GMCI Layer 1 Index, GMCI 30 Index, Delphi Ventures Portfolio, Galaxy Digital Portfolio, GMCI Index, World Liberty Financial Portfolio, Coinbase 50 Index"
2025-11-28 00:00:00,3015.6118196920934,364039549664.8285,16563145331.437607,ethereum,eth,Ethereum,2,120692588.7575344,120692588.7575344,,4946.05,0.432979,-108.629280192704,-5.09845,"Smart Contract Platform, Layer 1 (L1), Ethereum Ecosystem, FTX Holdings, Multicoin Capital Portfolio, Proof of Stake (PoS), Alameda Research Portfolio, Andreessen Horowitz (a16z) Portfolio, GMCI Layer 1 Index, GMCI 30 Index, Delphi Ventures Portfolio, Galaxy Digital Portfolio, GMCI Index, World Liberty Financial Portfolio, Coinbase 50 Index"
2025-11-29 00:00:00,3033.135645414151,366085841851.63794,20184482703.163284,ethereum,eth,Ethereum,2,120692588.7575344,120692588.7575344,,4946.05,0.432979,-108.629280192704,-5.09845,"Smart Contract Platform, Layer 1 (L1), Ethereum Ecosystem, FTX Holdings, Multicoin Capital Portfolio, Proof of Stake (PoS), Alameda Research Portfolio, Andreessen Horowitz (a16z) Portfolio, GMCI Layer 1 Index, GMCI 30 Index, Delphi Ventures Portfolio, Galaxy Digital Portfolio, GMCI Index, World Liberty Financial Portfolio, Coinbase 50 Index"
2025-11-30 00:00:00,2991.2330117032593,361028197396.32526,12634811464.603792,ethereum,eth,Ethereum,2,120692588.7575344,120692588.7575344,,4946.05,0.432979,-108.629280192704,-5.09845,"Smart Contract Platform, Layer 1 (L1), Ethereum Ecosystem, FTX Holdings, Multicoin Capital Portfolio, Proof of Stake (PoS), Alameda Research Portfolio, Andreessen Horowitz (a16z) Portfolio, GMCI Layer 1 Index, GMCI 30 Index, Delphi Ventures Portfolio, Galaxy Digital Portfolio, GMCI Index, World Liberty Financial Portfolio, Coinbase 50 Index"
2025-12-01 00:00:00,2992.8341859495977,361717332403.24976,11969903297.072994,ethereum,eth,Ethereum,2,120692588.7575344,120692588.7575344,,4946.05,0.432979,-108.629280192704,-5.09845,"Smart Contract Platform, Layer 1 (L1), Ethereum Ecosystem, FTX Holdings, Multicoin Capital Portfolio, Proof of Stake (PoS), Alameda Research Portfolio, Andreessen Horowitz (a16z) Portfolio, GMCI Layer 1 Index, GMCI 30 Index, Delphi Ventures Portfolio, Galaxy Digital Portfolio, GMCI Index, World Liberty Financial Portfolio, Coinbase 50 Index"
2025-12-02 00:00:00,2799.0367919901605,338070271128.47876,37491168510.09445,ethereum,eth,Ethereum,2,120692588.7575344,120692588.7575344,,4946.05,0.432979,-108.629280192704,-5.09845,"Smart Contract Platform, Layer 1 (L1), Ethereum Ecosystem, FTX Holdings, Multicoin Capital Portfolio, Proof of Stake (PoS), Alameda Research Portfolio, Andreessen Horowitz (a16z) Portfolio, GMCI Layer 1 Index, GMCI 30 Index, Delphi Ventures Portfolio, Galaxy Digital Portfolio, GMCI Index, World Liberty Financial Portfolio, Coinbase 50 Index"
2025-12-03 00:00:00,2995.751149322771,362328288750.46765,27518473791.0893,ethereum,eth,Ethereum,2,120692588.7575344,120692588.7575344,,4946.05,0.432979,-108.629280192704,-5.09845,"Smart Contract Platform, Layer 1 (L1), Ethereum Ecosystem, FTX Holdings, Multicoin Capital Portfolio, Proof of Stake (PoS), Alameda Research Portfolio, Andreessen Horowitz (a16z) Portfolio, GMCI Layer 1 Index, GMCI 30 Index, Delphi Ventures Portfolio, Galaxy Digital Portfolio, GMCI Index, World Liberty Financial Portfolio, Coinbase 50 Index"
2025-12-04 00:00:00,3195.4089919085554,385765592436.29456,30631265956.32816,ethereum,eth,Ethereum,2,120692588.7575344,120692588.7575344,,4946.05,0.432979,-108.629280192704,-5.09845,"Smart Contract Platform, Layer 1 (L1), Ethereum Ecosystem, FTX Holdings, Multicoin Capital Portfolio, Proof of Stake (PoS), Alameda Research Portfolio, Andreessen Horowitz (a16z) Portfolio, GMCI Layer 1 Index, GMCI 30 Index, Delphi Ventures Portfolio, Galaxy Digital Portfolio, GMCI Index, World Liberty Financial Portfolio, Coinbase 50 Index"
2025-12-05 00:00:00,3133.698235618616,378383036980.8902,27914236368.18745,ethereum,eth,Ethereum,2,120692588.7575344,120692588.7575344,,4946.05,0.432979,-108.629280192704,-5.09845,"Smart Contract Platform, Layer 1 (L1), Ethereum Ecosystem, FTX Holdings, Multicoin Capital Portfolio, Proof of Stake (PoS), Alameda Research Portfolio, Andreessen Horowitz (a16z) Portfolio, GMCI Layer 1 Index, GMCI 30 Index, Delphi Ventures Portfolio, Galaxy Digital Portfolio, GMCI Index, World Liberty Financial Portfolio, Coinbase 50 Index"
2025-12-06 00:00:00,3022.6564205232035,365052689720.72375,27606937714.571938,ethereum,eth,Ethereum,2,120692588.7575344,120692588.7575344,,4946.05,0.432979,-108.629280192704,-5.09845,"Smart Contract Platform, Layer 1 (L1), Ethereum Ecosystem, FTX Holdings, Multicoin Capital Portfolio, Proof of Stake (PoS), Alameda Research Portfolio, Andreessen Horowitz (a16z) Portfolio, GMCI Layer 1 Index, GMCI 30 Index, Delphi Ventures Portfolio, Galaxy Digital Portfolio, GMCI Index, World Liberty Financial Portfolio, Coinbase 50 Index"
2025-12-07 00:00:00,3039.358573133242,366786121380.61804,11344831475.877346,ethereum,eth,Ethereum,2,120692588.7575344,120692588.7575344,,4946.05,0.432979,-108.629280192704,-5.09845,"Smart Contract Platform, Layer 1 (L1), Ethereum Ecosystem, FTX Holdings, Multicoin Capital Portfolio, Proof of Stake (PoS), Alameda Research Portfolio, Andreessen Horowitz (a16z) Portfolio, GMCI Layer 1 Index, GMCI 30 Index, Delphi Ventures Portfolio, Galaxy Digital Portfolio, GMCI Index, World Liberty Financial Portfolio, Coinbase 50 Index"
2025-12-08 00:00:00,3052.976330436545,368370755428.0437,19363787894.936527,ethereum,eth,Ethereum,2,120692588.7575344,120692588.7575344,,4946.05,0.432979,-108.629280192704,-5.09845,"Smart Contract Platform, Layer 1 (L1), Ethereum Ecosystem, FTX Holdings, Multicoin Capital Portfolio, Proof of Stake (PoS), Alameda Research Portfolio, Andreessen Horowitz (a16z) Portfolio, GMCI Layer 1 Index, GMCI 30 Index, Delphi Ventures Portfolio, Galaxy Digital Portfolio, GMCI Index, World Liberty Financial Portfolio, Coinbase 50 Index"
2025-12-09 00:00:00,3125.321462183988,377375140776.36505,25795397174.943024,ethereum,eth,Ethereum,2,120692588.7575344,120692588.7575344,,4946.05,0.432979,-108.629280192704,-5.09845,"Smart Contract Platform, Layer 1 (L1), Ethereum Ecosystem, FTX Holdings, Multicoin Capital Portfolio, Proof of Stake (PoS), Alameda Research Portfolio, Andreessen Horowitz (a16z) Portfolio, GMCI Layer 1 Index, GMCI 30 Index, Delphi Ventures Portfolio, Galaxy Digital Portfolio, GMCI Index, World Liberty Financial Portfolio, Coinbase 50 Index"
2025-12-10 00:00:00,3322.469217836626,401258190140.9822,34333058805.569298,ethereum,eth,Ethereum,2,120692588.7575344,120692588.7575344,,4946.05,0.432979,-108.629280192704,-5.09845,"Smart Contract Platform, Layer 1 (L1), Ethereum Ecosystem, FTX Holdings, Multicoin Capital Portfolio, Proof of Stake (PoS), Alameda Research Portfolio, Andreessen Horowitz (a16z) Portfolio, GMCI Layer 1 Index, GMCI 30 Index, Delphi Ventures Portfolio, Galaxy Digital Portfolio, GMCI Index, World Liberty Financial Portfolio, Coinbase 50 Index"
2025-12-11 00:00:00,3326.260211637518,401626272710.5994,31463676851.579826,ethereum,eth,Ethereum,2,120692588.7575344,120692588.7575344,,4946.05,0.432979,-108.629280192704,-5.09845,"Smart Contract Platform, Layer 1 (L1), Ethereum Ecosystem, FTX Holdings, Multicoin Capital Portfolio, Proof of Stake (PoS), Alameda Research Portfolio, Andreessen Horowitz (a16z) Portfolio, GMCI Layer 1 Index, GMCI 30 Index, Delphi Ventures Portfolio, Galaxy Digital Portfolio, GMCI Index, World Liberty Financial Portfolio, Coinbase 50 Index"
2025-12-12 00:00:00,3236.0986208578574,390987823733.6906,29805046870.5563,ethereum,eth,Ethereum,2,120692588.7575344,120692588.7575344,,4946.05,0.432979,-108.629280192704,-5.09845,"Smart Contract Platform, Layer 1 (L1), Ethereum Ecosystem, FTX Holdings, Multicoin Capital Portfolio, Proof of Stake (PoS), Alameda Research Portfolio, Andreessen Horowitz (a16z) Portfolio, GMCI Layer 1 Index, GMCI 30 Index, Delphi Ventures Portfolio, Galaxy Digital Portfolio, GMCI Index, World Liberty Financial Portfolio, Coinbase 50 Index"
2025-12-13 00:00:00,3085.316694358101,372579486045.7623,25083388430.41613,ethereum,eth,Ethereum,2,120692588.7575344,120692588.7575344,,4946.05,0.432979,-108.629280192704,-5.09845,"Smart Contract Platform, Layer 1 (L1), Ethereum Ecosystem, FTX Holdings, Multicoin Capital Portfolio, Proof of Stake (PoS), Alameda Research Portfolio, Andreessen Horowitz (a16z) Portfolio, GMCI Layer 1 Index, GMCI 30 Index, Delphi Ventures Portfolio, Galaxy Digital Portfolio, GMCI Index, World Liberty Financial Portfolio, Coinbase 50 Index"
2025-12-14 00:00:00,3115.225428835284,375945831930.448,10086309656.917572,ethereum,eth,Ethereum,2,120692588.7575344,120692588.7575344,,4946.05,0.432979,-108.629280192704,-5.09845,"Smart Contract Platform, Layer 1 (L1), Ethereum Ecosystem, FTX Holdings, Multicoin Capital Portfolio, Proof of Stake (PoS), Alameda Research Portfolio, Andreessen Horowitz (a16z) Portfolio, GMCI Layer 1 Index, GMCI 30 Index, Delphi Ventures Portfolio, Galaxy Digital Portfolio, GMCI Index, World Liberty Financial Portfolio, Coinbase 50 Index"
2025-12-15 00:00:00,3065.4912355563642,369527922358.0662,17335964454.11176,ethereum,eth,Ethereum,2,120692588.7575344,120692588.7575344,,4946.05,0.432979,-108.629280192704,-5.09845,"Smart Contract Platform, Layer 1 (L1), Ethereum Ecosystem, FTX Holdings, Multicoin Capital Portfolio, Proof of Stake (PoS), Alameda Research Portfolio, Andreessen Horowitz (a16z) Portfolio, GMCI Layer 1 Index, GMCI 30 Index, Delphi Ventures Portfolio, Galaxy Digital Portfolio, GMCI Index, World Liberty Financial Portfolio, Coinbase 50 Index"
2025-12-16 00:00:00,2964.488557692104,357786162656.10895,30596317990.005627,ethereum,eth,Ethereum,2,120692588.7575344,120692588.7575344,,4946.05,0.432979,-108.629280192704,-5.09845,"Smart Contract Platform, Layer 1 (L1), Ethereum Ecosystem, FTX Holdings, Multicoin Capital Portfolio, Proof of Stake (PoS), Alameda Research Portfolio, Andreessen Horowitz (a16z) Portfolio, GMCI Layer 1 Index, GMCI 30 Index, Delphi Ventures Portfolio, Galaxy Digital Portfolio, GMCI Index, World Liberty Financial Portfolio, Coinbase 50 Index"
2025-12-17 00:00:00,2964.2627915054686,357203725063.4325,25164041190.99286,ethereum,eth,Ethereum,2,120692588.7575344,120692588.7575344,,4946.05,0.432979,-108.629280192704,-5.09845,"Smart Contract Platform, Layer 1 (L1), Ethereum Ecosystem, FTX Holdings, Multicoin Capital Portfolio, Proof of Stake (PoS), Alameda Research Portfolio, Andreessen Horowitz (a16z) Portfolio, GMCI Layer 1 Index, GMCI 30 Index, Delphi Ventures Portfolio, Galaxy Digital Portfolio, GMCI Index, World Liberty Financial Portfolio, Coinbase 50 Index"
2025-12-18 00:00:00,2827.8041755024283,341276921875.79224,26836168118.615532,ethereum,eth,Ethereum,2,120692588.7575344,120692588.7575344,,4946.05,0.432979,-108.629280192704,-5.09845,"Smart Contract Platform, Layer 1 (L1), Ethereum Ecosystem, FTX Holdings, Multicoin Capital Portfolio, Proof of Stake (PoS), Alameda Research Portfolio, Andreessen Horowitz (a16z) Portfolio, GMCI Layer 1 Index, GMCI 30 Index, Delphi Ventures Portfolio, Galaxy Digital Portfolio, GMCI Index, World Liberty Financial Portfolio, Coinbase 50 Index"
2025-12-19 00:00:00,2826.5948465107654,340860880536.8325,30216518962.55933,ethereum,eth,Ethereum,2,120692588.7575344,120692588.7575344,,4946.05,0.432979,-108.629280192704,-5.09845,"Smart Contract Platform, Layer 1 (L1), Ethereum Ecosystem, FTX Holdings, Multicoin Capital Portfolio, Proof of Stake (PoS), Alameda Research Portfolio, Andreessen Horowitz (a16z) Portfolio, GMCI Layer 1 Index, GMCI 30 Index, Delphi Ventures Portfolio, Galaxy Digital Portfolio, GMCI Index, World Liberty Financial Portfolio, Coinbase 50 Index"
2025-12-20 00:00:00,2976.796869557769,359446094628.4511,28622463845.69733,ethereum,eth,Ethereum,2,120692588.7575344,120692588.7575344,,4946.05,0.432979,-108.629280192704,-5.09845,"Smart Contract Platform, Layer 1 (L1), Ethereum Ecosystem, FTX Holdings, Multicoin Capital Portfolio, Proof of Stake (PoS), Alameda Research Portfolio, Andreessen Horowitz (a16z) Portfolio, GMCI Layer 1 Index, GMCI 30 Index, Delphi Ventures Portfolio, Galaxy Digital Portfolio, GMCI Index, World Liberty Financial Portfolio, Coinbase 50 Index"
2025-12-21 00:00:00,2977.162263207443,359186900440.0731,9046978663.974163,ethereum,eth,Ethereum,2,120692588.7575344,120692588.7575344,,4946.05,0.432979,-108.629280192704,-5.09845,"Smart Contract Platform, Layer 1 (L1), Ethereum Ecosystem, FTX Holdings, Multicoin Capital Portfolio, Proof of Stake (PoS), Alameda Research Portfolio, Andreessen Horowitz (a16z) Portfolio, GMCI Layer 1 Index, GMCI 30 Index, Delphi Ventures Portfolio, Galaxy Digital Portfolio, GMCI Index, World Liberty Financial Portfolio, Coinbase 50 Index"
2025-12-22 00:00:00,3001.6008377810244,362519624877.1173,11543764853.447407,ethereum,eth,Ethereum,2,120692588.7575344,120692588.7575344,,4946.05,0.432979,-108.629280192704,-5.09845,"Smart Contract Platform, Layer 1 (L1), Ethereum Ecosystem, FTX Holdings, Multicoin Capital Portfolio, Proof of Stake (PoS), Alameda Research Portfolio, Andreessen Horowitz (a16z) Portfolio, GMCI Layer 1 Index, GMCI 30 Index, Delphi Ventures Portfolio, Galaxy Digital Portfolio, GMCI Index, World Liberty Financial Portfolio, Coinbase 50 Index"
2025-12-23 00:00:00,3005.786780691547,362935746891.54517,21151887764.71905,ethereum,eth,Ethereum,2,120692588.7575344,120692588.7575344,,4946.05,0.432979,-108.629280192704,-5.09845,"Smart Contract Platform, Layer 1 (L1), Ethereum Ecosystem, FTX Holdings, Multicoin Capital Portfolio, Proof of Stake (PoS), Alameda Research Portfolio, Andreessen Horowitz (a16z) Portfolio, GMCI Layer 1 Index, GMCI 30 Index, Delphi Ventures Portfolio, Galaxy Digital Portfolio, GMCI Index, World Liberty Financial Portfolio, Coinbase 50 Index"
2025-12-24 00:00:00,2965.193660040505,357776430595.61365,23108092257.350555,ethereum,eth,Ethereum,2,120692588.7575344,120692588.7575344,,4946.05,0.432979,-108.629280192704,-5.09845,"Smart Contract Platform, Layer 1 (L1), Ethereum Ecosystem, FTX Holdings, Multicoin Capital Portfolio, Proof of Stake (PoS), Alameda Research Portfolio, Andreessen Horowitz (a16z) Portfolio, GMCI Layer 1 Index, GMCI 30 Index, Delphi Ventures Portfolio, Galaxy Digital Portfolio, GMCI Index, World Liberty Financial Portfolio, Coinbase 50 Index"
2025-12-25 00:00:00,2945.9878145019857,355561429533.282,14559942619.27862,ethereum,eth,Ethereum,2,120692588.7575344,120692588.7575344,,4946.05,0.432979,-108.629280192704,-5.09845,"Smart Contract Platform, Layer 1 (L1), Ethereum Ecosystem, FTX Holdings, Multicoin Capital Portfolio, Proof of Stake (PoS), Alameda Research Portfolio, Andreessen Horowitz (a16z) Portfolio, GMCI Layer 1 Index, GMCI 30 Index, Delphi Ventures Portfolio, Galaxy Digital Portfolio, GMCI Index, World Liberty Financial Portfolio, Coinbase 50 Index"
2025-12-26 00:00:00,2904.252344599994,350482502400.1858,11886240841.229004,ethereum,eth,Ethereum,2,120692588.7575344,120692588.7575344,,4946.05,0.432979,-108.629280192704,-5.09845,"Smart Contract Platform, Layer 1 (L1), Ethereum Ecosystem, FTX Holdings, Multicoin Capital Portfolio, Proof of Stake (PoS), Alameda Research Portfolio, Andreessen Horowitz (a16z) Portfolio, GMCI Layer 1 Index, GMCI 30 Index, Delphi Ventures Portfolio, Galaxy Digital Portfolio, GMCI Index, World Liberty Financial Portfolio, Coinbase 50 Index"
2025-12-27 00:00:00,2926.695639112761,353065144652.60986,19054108852.23608,ethereum,eth,Ethereum,2,120692588.7575344,120692588.7575344,,4946.05,0.432979,-108.629280192704,-5.09845,"Smart Contract Platform, Layer 1 (L1), Ethereum Ecosystem, FTX Holdings, Multicoin Capital Portfolio, Proof of Stake (PoS), Alameda Research Portfolio, Andreessen Horowitz (a16z) Portfolio, GMCI Layer 1 Index, GMCI 30 Index, Delphi Ventures Portfolio, Galaxy Digital Portfolio, GMCI Index, World Liberty Financial Portfolio, Coinbase 50 Index"
2025-12-28 00:00:00,2948.8621262576116,355905880030.65027,7543851649.166359,ethereum,eth,Ethereum,2,120692588.7575344,120692588.7575344,,4946.05,0.432979,-108.629280192704,-5.09845,"Smart Contract Platform, Layer 1 (L1), Ethereum Ecosystem, FTX Holdings, Multicoin Capital Portfolio, Proof of Stake (PoS), Alameda Research Portfolio, Andreessen Horowitz (a16z) Portfolio, GMCI Layer 1 Index, GMCI 30 Index, Delphi Ventures Portfolio, Galaxy Digital Portfolio, GMCI Index, World Liberty Financial Portfolio, Coinbase 50 Index"
2025-12-29 00:00:00,2947.8597605720547,355840750170.65576,9618433974.572294,ethereum,eth,Ethereum,2,120692588.7575344,120692588.7575344,,4946.05,0.432979,-108.629280192704,-5.09845,"Smart Contract Platform, Layer 1 (L1), Ethereum Ecosystem, FTX Holdings, Multicoin Capital Portfolio, Proof of Stake (PoS), Alameda Research Portfolio, Andreessen Horowitz (a16z) Portfolio, GMCI Layer 1 Index, GMCI 30 Index, Delphi Ventures Portfolio, Galaxy Digital Portfolio, GMCI Index, World Liberty Financial Portfolio, Coinbase 50 Index"
2025-12-30 00:00:00,2934.215601758931,354107974761.1568,28073445244.481457,ethereum,eth,Ethereum,2,120692588.7575344,120692588.7575344,,4946.05,0.432979,-108.629280192704,-5.09845,"Smart Contract Platform, Layer 1 (L1), Ethereum Ecosystem, FTX Holdings, Multicoin Capital Portfolio, Proof of Stake (PoS), Alameda Research Portfolio, Andreessen Horowitz (a16z) Portfolio, GMCI Layer 1 Index, GMCI 30 Index, Delphi Ventures Portfolio, Galaxy Digital Portfolio, GMCI Index, World Liberty Financial Portfolio, Coinbase 50 Index"
2025-12-31 00:00:00,2970.055474481003,358439004174.8074,18029693561.070618,ethereum,eth,Ethereum,2,120692588.7575344,120692588.7575344,,4946.05,0.432979,-108.629280192704,-5.09845,"Smart Contract Platform, Layer 1 (L1), Ethereum Ecosystem, FTX Holdings, Multicoin Capital Portfolio, Proof of Stake (PoS), Alameda Research Portfolio, Andreessen Horowitz (a16z) Portfolio, GMCI Layer 1 Index, GMCI 30 Index, Delphi Ventures Portfolio, Galaxy Digital Portfolio, GMCI Index, World Liberty Financial Portfolio, Coinbase 50 Index"
2026-01-01 00:00:00,2966.7741798134107,358047402285.7328,16641494487.095573,ethereum,eth,Ethereum,2,120692588.7575344,120692588.7575344,,4946.05,0.432979,-108.629280192704,-5.09845,"Smart Contract Platform, Layer 1 (L1), Ethereum Ecosystem, FTX Holdings, Multicoin Capital Portfolio, Proof of Stake (PoS), Alameda Research Portfolio, Andreessen Horowitz (a16z) Portfolio, GMCI Layer 1 Index, GMCI 30 Index, Delphi Ventures Portfolio, Galaxy Digital Portfolio, GMCI Index, World Liberty Financial Portfolio, Coinbase 50 Index"
2026-01-02 00:00:00,3000.4191168879165,362099985541.6034,10247591868.396807,ethereum,eth,Ethereum,2,120692588.7575344,120692588.7575344,,4946.05,0.432979,-108.629280192704,-5.09845,"Smart Contract Platform, Layer 1 (L1), Ethereum Ecosystem, FTX Holdings, Multicoin Capital Portfolio, Proof of Stake (PoS), Alameda Research Portfolio, Andreessen Horowitz (a16z) Portfolio, GMCI Layer 1 Index, GMCI 30 Index, Delphi Ventures Portfolio, Galaxy Digital Portfolio, GMCI Index, World Liberty Financial Portfolio, Coinbase 50 Index"
2026-01-03 00:00:00,3121.9006724537576,376770956000.15674,25946903012.673847,ethereum,eth,Ethereum,2,120692588.7575344,120692588.7575344,,4946.05,0.432979,-108.629280192704,-5.09845,"Smart Contract Platform, Layer 1 (L1), Ethereum Ecosystem, FTX Holdings, Multicoin Capital Portfolio, Proof of Stake (PoS), Alameda Research Portfolio, Andreessen Horowitz (a16z) Portfolio, GMCI Layer 1 Index, GMCI 30 Index, Delphi Ventures Portfolio, Galaxy Digital Portfolio, GMCI Index, World Liberty Financial Portfolio, Coinbase 50 Index"
2026-01-04 00:00:00,3126.041091396286,377099111945.0166,12643882377.41065,ethereum,eth,Ethereum,2,120692588.7575344,120692588.7575344,,4946.05,0.432979,-108.629280192704,-5.09845,"Smart Contract Platform, Layer 1 (L1), Ethereum Ecosystem, FTX Holdings, Multicoin Capital Portfolio, Proof of Stake (PoS), Alameda Research Portfolio, Andreessen Horowitz (a16z) Portfolio, GMCI Layer 1 Index, GMCI 30 Index, Delphi Ventures Portfolio, Galaxy Digital Portfolio, GMCI Index, World Liberty Financial Portfolio, Coinbase 50 Index"
2026-01-05 00:00:00,3139.057041912684,378922486584.18475,14200482273.251047,ethereum,eth,Ethereum,2,120692588.7575344,120692588.7575344,,4946.05,0.432979,-108.629280192704,-5.09845,"Smart Contract Platform, Layer 1 (L1), Ethereum Ecosystem, FTX Holdings, Multicoin Capital Portfolio, Proof of Stake (PoS), Alameda Research Portfolio, Andreessen Horowitz (a16z) Portfolio, GMCI Layer 1 Index, GMCI 30 Index, Delphi Ventures Portfolio, Galaxy Digital Portfolio, GMCI Index, World Liberty Financial Portfolio, Coinbase 50 Index"
2026-01-06 00:00:00,3228.2962247842056,389933475562.2665,29465114559.519062,ethereum,eth,Ethereum,2,120692588.7575344,120692588.7575344,,4946.05,0.432979,-108.629280192704,-5.09845,"Smart Contract Platform, Layer 1 (L1), Ethereum Ecosystem, FTX Holdings, Multicoin Capital Portfolio, Proof of Stake (PoS), Alameda Research Portfolio, Andreessen Horowitz (a16z) Portfolio, GMCI Layer 1 Index, GMCI 30 Index, Delphi Ventures Portfolio, Galaxy Digital Portfolio, GMCI Index, World Liberty Financial Portfolio, Coinbase 50 Index"
2026-01-07 00:00:00,3295.101927879638,397608381234.7261,28511408890.511658,ethereum,eth,Ethereum,2,120692588.7575344,120692588.7575344,,4946.05,0.432979,-108.629280192704,-5.09845,"Smart Contract Platform, Layer 1 (L1), Ethereum Ecosystem, FTX Holdings, Multicoin Capital Portfolio, Proof of Stake (PoS), Alameda Research Portfolio, Andreessen Horowitz (a16z) Portfolio, GMCI Layer 1 Index, GMCI 30 Index, Delphi Ventures Portfolio, Galaxy Digital Portfolio, GMCI Index, World Liberty Financial Portfolio, Coinbase 50 Index"
2026-01-08 00:00:00,3164.794750249208,381974224305.5651,22954348981.589577,ethereum,eth,Ethereum,2,120692588.7575344,120692588.7575344,,4946.05,0.432979,-108.629280192704,-5.09845,"Smart Contract Platform, Layer 1 (L1), Ethereum Ecosystem, FTX Holdings, Multicoin Capital Portfolio, Proof of Stake (PoS), Alameda Research Portfolio, Andreessen Horowitz (a16z) Portfolio, GMCI Layer 1 Index, GMCI 30 Index, Delphi Ventures Portfolio, Galaxy Digital Portfolio, GMCI Index, World Liberty Financial Portfolio, Coinbase 50 Index"
2026-01-09 00:00:00,3104.220322474917,374637574706.1186,21609631690.502533,ethereum,eth,Ethereum,2,120692588.7575344,120692588.7575344,,4946.05,0.432979,-108.629280192704,-5.09845,"Smart Contract Platform, Layer 1 (L1), Ethereum Ecosystem, FTX Holdings, Multicoin Capital Portfolio, Proof of Stake (PoS), Alameda Research Portfolio, Andreessen Horowitz (a16z) Portfolio, GMCI Layer 1 Index, GMCI 30 Index, Delphi Ventures Portfolio, Galaxy Digital Portfolio, GMCI Index, World Liberty Financial Portfolio, Coinbase 50 Index"
2026-01-10 00:00:00,3083.1361173724354,372149000810.8756,19574607996.93425,ethereum,eth,Ethereum,2,120692588.7575344,120692588.7575344,,4946.05,0.432979,-108.629280192704,-5.09845,"Smart Contract Platform, Layer 1 (L1), Ethereum Ecosystem, FTX Holdings, Multicoin Capital Portfolio, Proof of Stake (PoS), Alameda Research Portfolio, Andreessen Horowitz (a16z) Portfolio, GMCI Layer 1 Index, GMCI 30 Index, Delphi Ventures Portfolio, Galaxy Digital Portfolio, GMCI Index, World Liberty Financial Portfolio, Coinbase 50 Index"
2026-01-11 00:00:00,3082.9653288303607,372186920089.48895,5878919562.197727,ethereum,eth,Ethereum,2,120692588.7575344,120692588.7575344,,4946.05,0.432979,-108.629280192704,-5.09845,"Smart Contract Platform, Layer 1 (L1), Ethereum Ecosystem, FTX Holdings, Multicoin Capital Portfolio, Proof of Stake (PoS), Alameda Research Portfolio, Andreessen Horowitz (a16z) Portfolio, GMCI Layer 1 Index, GMCI 30 Index, Delphi Ventures Portfolio, Galaxy Digital Portfolio, GMCI Index, World Liberty Financial Portfolio, Coinbase 50 Index"
2026-01-12 00:00:00,3119.3619360372772,376488796661.5709,10976584243.860346,ethereum,eth,Ethereum,2,120692588.7575344,120692588.7575344,,4946.05,0.432979,-108.629280192704,-5.09845,"Smart Contract Platform, Layer 1 (L1), Ethereum Ecosystem, FTX Holdings, Multicoin Capital Portfolio, Proof of Stake (PoS), Alameda Research Portfolio, Andreessen Horowitz (a16z) Portfolio, GMCI Layer 1 Index, GMCI 30 Index, Delphi Ventures Portfolio, Galaxy Digital Portfolio, GMCI Index, World Liberty Financial Portfolio, Coinbase 50 Index"
2026-01-13 00:00:00,3090.2827206647894,373050228025.3664,21435545247.17046,ethereum,eth,Ethereum,2,120692588.7575344,120692588.7575344,,4946.05,0.432979,-108.629280192704,-5.09845,"Smart Contract Platform, Layer 1 (L1), Ethereum Ecosystem, FTX Holdings, Multicoin Capital Portfolio, Proof of Stake (PoS), Alameda Research Portfolio, Andreessen Horowitz (a16z) Portfolio, GMCI Layer 1 Index, GMCI 30 Index, Delphi Ventures Portfolio, Galaxy Digital Portfolio, GMCI Index, World Liberty Financial Portfolio, Coinbase 50 Index"
2026-01-14 00:00:00,3319.9354070565078,400762250132.68756,35290013880.99956,ethereum,eth,Ethereum,2,120692588.7575344,120692588.7575344,,4946.05,0.432979,-108.629280192704,-5.09845,"Smart Contract Platform, Layer 1 (L1), Ethereum Ecosystem, FTX Holdings, Multicoin Capital Portfolio, Proof of Stake (PoS), Alameda Research Portfolio, Andreessen Horowitz (a16z) Portfolio, GMCI Layer 1 Index, GMCI 30 Index, Delphi Ventures Portfolio, Galaxy Digital Portfolio, GMCI Index, World Liberty Financial Portfolio, Coinbase 50 Index"
2026-01-15 00:00:00,3356.4964063628336,405103415124.21326,34009585603.430943,ethereum,eth,Ethereum,2,120692588.7575344,120692588.7575344,,4946.05,0.432979,-108.629280192704,-5.09845,"Smart Contract Platform, Layer 1 (L1), Ethereum Ecosystem, FTX Holdings, Multicoin Capital Portfolio, Proof of Stake (PoS), Alameda Research Portfolio, Andreessen Horowitz (a16z) Portfolio, GMCI Layer 1 Index, GMCI 30 Index, Delphi Ventures Portfolio, Galaxy Digital Portfolio, GMCI Index, World Liberty Financial Portfolio, Coinbase 50 Index"
2026-01-16 00:00:00,3318.2037023491666,400452010716.34735,29777568895.58042,ethereum,eth,Ethereum,2,120692588.7575344,120692588.7575344,,4946.05,0.432979,-108.629280192704,-5.09845,"Smart Contract Platform, Layer 1 (L1), Ethereum Ecosystem, FTX Holdings, Multicoin Capital Portfolio, Proof of Stake (PoS), Alameda Research Portfolio, Andreessen Horowitz (a16z) Portfolio, GMCI Layer 1 Index, GMCI 30 Index, Delphi Ventures Portfolio, Galaxy Digital Portfolio, GMCI Index, World Liberty Financial Portfolio, Coinbase 50 Index"
2026-01-17 00:00:00,3296.062650076136,397812097503.19434,24378384071.00059,ethereum,eth,Ethereum,2,120692588.7575344,120692588.7575344,,4946.05,0.432979,-108.629280192704,-5.09845,"Smart Contract Platform, Layer 1 (L1), Ethereum Ecosystem, FTX Holdings, Multicoin Capital Portfolio, Proof of Stake (PoS), Alameda Research Portfolio, Andreessen Horowitz (a16z) Portfolio, GMCI Layer 1 Index, GMCI 30 Index, Delphi Ventures Portfolio, Galaxy Digital Portfolio, GMCI Index, World Liberty Financial Portfolio, Coinbase 50 Index"
2026-01-18 00:00:00,3306.8712226908783,399282930965.6771,11391111157.284075,ethereum,eth,Ethereum,2,120692588.7575344,120692588.7575344,,4946.05,0.432979,-108.629280192704,-5.09845,"Smart Contract Platform, Layer 1 (L1), Ethereum Ecosystem, FTX Holdings, Multicoin Capital Portfolio, Proof of Stake (PoS), Alameda Research Portfolio, Andreessen Horowitz (a16z) Portfolio, GMCI Layer 1 Index, GMCI 30 Index, Delphi Ventures Portfolio, Galaxy Digital Portfolio, GMCI Index, World Liberty Financial Portfolio, Coinbase 50 Index"
2026-01-19 00:00:00,3284.3194316465483,396399594662.77765,14974443677.834782,ethereum,eth,Ethereum,2,120692588.7575344,120692588.7575344,,4946.05,0.432979,-108.629280192704,-5.09845,"Smart Contract Platform, Layer 1 (L1), Ethereum Ecosystem, FTX Holdings, Multicoin Capital Portfolio, Proof of Stake (PoS), Alameda Research Portfolio, Andreessen Horowitz (a16z) Portfolio, GMCI Layer 1 Index, GMCI 30 Index, Delphi Ventures Portfolio, Galaxy Digital Portfolio, GMCI Index, World Liberty Financial Portfolio, Coinbase 50 Index"
2026-01-20 00:00:00,3185.6644636922747,384410444146.86456,29820379988.891647,ethereum,eth,Ethereum,2,120692588.7575344,120692588.7575344,,4946.05,0.432979,-108.629280192704,-5.09845,"Smart Contract Platform, Layer 1 (L1), Ethereum Ecosystem, FTX Holdings, Multicoin Capital Portfolio, Proof of Stake (PoS), Alameda Research Portfolio, Andreessen Horowitz (a16z) Portfolio, GMCI Layer 1 Index, GMCI 30 Index, Delphi Ventures Portfolio, Galaxy Digital Portfolio, GMCI Index, World Liberty Financial Portfolio, Coinbase 50 Index"
2026-01-21 00:00:00,2935.6234193160412,354099948267.15643,34750583222.71903,ethereum,eth,Ethereum,2,120692588.7575344,120692588.7575344,,4946.05,0.432979,-108.629280192704,-5.09845,"Smart Contract Platform, Layer 1 (L1), Ethereum Ecosystem, FTX Holdings, Multicoin Capital Portfolio, Proof of Stake (PoS), Alameda Research Portfolio, Andreessen Horowitz (a16z) Portfolio, GMCI Layer 1 Index, GMCI 30 Index, Delphi Ventures Portfolio, Galaxy Digital Portfolio, GMCI Index, World Liberty Financial Portfolio, Coinbase 50 Index"
2026-01-22 00:00:00,2976.0491465641335,359040539115.96747,37121407320.265114,ethereum,eth,Ethereum,2,120692588.7575344,120692588.7575344,,4946.05,0.432979,-108.629280192704,-5.09845,"Smart Contract Platform, Layer 1 (L1), Ethereum Ecosystem, FTX Holdings, Multicoin Capital Portfolio, Proof of Stake (PoS), Alameda Research Portfolio, Andreessen Horowitz (a16z) Portfolio, GMCI Layer 1 Index, GMCI 30 Index, Delphi Ventures Portfolio, Galaxy Digital Portfolio, GMCI Index, World Liberty Financial Portfolio, Coinbase 50 Index"
2026-01-23 00:00:00,2948.277889615024,355853612997.0337,22312421297.363728,ethereum,eth,Ethereum,2,120692588.7575344,120692588.7575344,,4946.05,0.432979,-108.629280192704,-5.09845,"Smart Contract Platform, Layer 1 (L1), Ethereum Ecosystem, FTX Holdings, Multicoin Capital Portfolio, Proof of Stake (PoS), Alameda Research Portfolio, Andreessen Horowitz (a16z) Portfolio, GMCI Layer 1 Index, GMCI 30 Index, Delphi Ventures Portfolio, Galaxy Digital Portfolio, GMCI Index, World Liberty Financial Portfolio, Coinbase 50 Index"
2026-01-24 00:00:00,2950.9128485703054,356101993294.33496,22825744038.274715,ethereum,eth,Ethereum,2,120692588.7575344,120692588.7575344,,4946.05,0.432979,-108.629280192704,-5.09845,"Smart Contract Platform, Layer 1 (L1), Ethereum Ecosystem, FTX Holdings, Multicoin Capital Portfolio, Proof of Stake (PoS), Alameda Research Portfolio, Andreessen Horowitz (a16z) Portfolio, GMCI Layer 1 Index, GMCI 30 Index, Delphi Ventures Portfolio, Galaxy Digital Portfolio, GMCI Index, World Liberty Financial Portfolio, Coinbase 50 Index"
2026-01-25 00:00:00,2949.197384616335,356007725632.75543,9410994743.450907,ethereum,eth,Ethereum,2,120692588.7575344,120692588.7575344,,4946.05,0.432979,-108.629280192704,-5.09845,"Smart Contract Platform, Layer 1 (L1), Ethereum Ecosystem, FTX Holdings, Multicoin Capital Portfolio, Proof of Stake (PoS), Alameda Research Portfolio, Andreessen Horowitz (a16z) Portfolio, GMCI Layer 1 Index, GMCI 30 Index, Delphi Ventures Portfolio, Galaxy Digital Portfolio, GMCI Index, World Liberty Financial Portfolio, Coinbase 50 Index"
2026-01-26 00:00:00,2814.1853835458546,339890716407.5777,23388699485.203304,ethereum,eth,Ethereum,2,120692588.7575344,120692588.7575344,,4946.05,0.432979,-108.629280192704,-5.09845,"Smart Contract Platform, Layer 1 (L1), Ethereum Ecosystem, FTX Holdings, Multicoin Capital Portfolio, Proof of Stake (PoS), Alameda Research Portfolio, Andreessen Horowitz (a16z) Portfolio, GMCI Layer 1 Index, GMCI 30 Index, Delphi Ventures Portfolio, Galaxy Digital Portfolio, GMCI Index, World Liberty Financial Portfolio, Coinbase 50 Index"
2026-01-27 00:00:00,2927.836546921288,353726198245.0733,31319240379.377583,ethereum,eth,Ethereum,2,120692588.7575344,120692588.7575344,,4946.05,0.432979,-108.629280192704,-5.09845,"Smart Contract Platform, Layer 1 (L1), Ethereum Ecosystem, FTX Holdings, Multicoin Capital Portfolio, Proof of Stake (PoS), Alameda Research Portfolio, Andreessen Horowitz (a16z) Portfolio, GMCI Layer 1 Index, GMCI 30 Index, Delphi Ventures Portfolio, Galaxy Digital Portfolio, GMCI Index, World Liberty Financial Portfolio, Coinbase 50 Index"
2026-01-28 00:00:00,3021.091516998928,364796970141.98334,28728856609.94036,ethereum,eth,Ethereum,2,120692588.7575344,120692588.7575344,,4946.05,0.432979,-108.629280192704,-5.09845,"Smart Contract Platform, Layer 1 (L1), Ethereum Ecosystem, FTX Holdings, Multicoin Capital Portfolio, Proof of Stake (PoS), Alameda Research Portfolio, Andreessen Horowitz (a16z) Portfolio, GMCI Layer 1 Index, GMCI 30 Index, Delphi Ventures Portfolio, Galaxy Digital Portfolio, GMCI Index, World Liberty Financial Portfolio, Coinbase 50 Index"
2026-01-29 00:00:00,3006.8071129555346,362995505292.5032,23451982502.82752,ethereum,eth,Ethereum,2,120692588.7575344,120692588.7575344,,4946.05,0.432979,-108.629280192704,-5.09845,"Smart Contract Platform, Layer 1 (L1), Ethereum Ecosystem, FTX Holdings, Multicoin Capital Portfolio, Proof of Stake (PoS), Alameda Research Portfolio, Andreessen Horowitz (a16z) Portfolio, GMCI Layer 1 Index, GMCI 30 Index, Delphi Ventures Portfolio, Galaxy Digital Portfolio, GMCI Index, World Liberty Financial Portfolio, Coinbase 50 Index"
2026-01-30 00:00:00,2818.817890220326,340223818598.2187,37820864892.228645,ethereum,eth,Ethereum,2,120692588.7575344,120692588.7575344,,4946.05,0.432979,-108.629280192704,-5.09845,"Smart Contract Platform, Layer 1 (L1), Ethereum Ecosystem, FTX Holdings, Multicoin Capital Portfolio, Proof of Stake (PoS), Alameda Research Portfolio, Andreessen Horowitz (a16z) Portfolio, GMCI Layer 1 Index, GMCI 30 Index, Delphi Ventures Portfolio, Galaxy Digital Portfolio, GMCI Index, World Liberty Financial Portfolio, Coinbase 50 Index"
2026-01-31 00:00:00,2702.40799526457,326260413678.2401,41803190280.20533,ethereum,eth,Ethereum,2,120692588.7575344,120692588.7575344,,4946.05,0.432979,-108.629280192704,-5.09845,"Smart Contract Platform, Layer 1 (L1), Ethereum Ecosystem, FTX Holdings, Multicoin Capital Portfolio, Proof of Stake (PoS), Alameda Research Portfolio, Andreessen Horowitz (a16z) Portfolio, GMCI Layer 1 Index, GMCI 30 Index, Delphi Ventures Portfolio, Galaxy Digital Portfolio, GMCI Index, World Liberty Financial Portfolio, Coinbase 50 Index"
2026-02-01 00:00:00,2443.9290245632774,294721167713.188,48591221287.94092,ethereum,eth,Ethereum,2,120692588.7575344,120692588.7575344,,4946.05,0.432979,-108.629280192704,-5.09845,"Smart Contract Platform, Layer 1 (L1), Ethereum Ecosystem, FTX Holdings, Multicoin Capital Portfolio, Proof of Stake (PoS), Alameda Research Portfolio, Andreessen Horowitz (a16z) Portfolio, GMCI Layer 1 Index, GMCI 30 Index, Delphi Ventures Portfolio, Galaxy Digital Portfolio, GMCI Index, World Liberty Financial Portfolio, Coinbase 50 Index"
2026-02-02 00:00:00,2269.3288518651166,273917533154.59314,41592993667.771126,ethereum,eth,Ethereum,2,120692588.7575344,120692588.7575344,,4946.05,0.432979,-108.629280192704,-5.09845,"Smart Contract Platform, Layer 1 (L1), Ethereum Ecosystem, FTX Holdings, Multicoin Capital Portfolio, Proof of Stake (PoS), Alameda Research Portfolio, Andreessen Horowitz (a16z) Portfolio, GMCI Layer 1 Index, GMCI 30 Index, Delphi Ventures Portfolio, Galaxy Digital Portfolio, GMCI Index, World Liberty Financial Portfolio, Coinbase 50 Index"
2026-02-03 00:00:00,2344.512261445349,282937489226.0722,51461557534.321014,ethereum,eth,Ethereum,2,120692588.7575344,120692588.7575344,,4946.05,0.432979,-108.629280192704,-5.09845,"Smart Contract Platform, Layer 1 (L1), Ethereum Ecosystem, FTX Holdings, Multicoin Capital Portfolio, Proof of Stake (PoS), Alameda Research Portfolio, Andreessen Horowitz (a16z) Portfolio, GMCI Layer 1 Index, GMCI 30 Index, Delphi Ventures Portfolio, Galaxy Digital Portfolio, GMCI Index, World Liberty Financial Portfolio, Coinbase 50 Index"
2026-02-04 00:00:00,2226.985635575225,268883359333.4935,47572474187.92975,ethereum,eth,Ethereum,2,120692588.7575344,120692588.7575344,,4946.05,0.432979,-108.629280192704,-5.09845,"Smart Contract Platform, Layer 1 (L1), Ethereum Ecosystem, FTX Holdings, Multicoin Capital Portfolio, Proof of Stake (PoS), Alameda Research Portfolio, Andreessen Horowitz (a16z) Portfolio, GMCI Layer 1 Index, GMCI 30 Index, Delphi Ventures Portfolio, Galaxy Digital Portfolio, GMCI Index, World Liberty Financial Portfolio, Coinbase 50 Index"
2026-02-05 00:00:00,2152.0870116729375,259876828100.02466,45329629877.16246,ethereum,eth,Ethereum,2,120692588.7575344,120692588.7575344,,4946.05,0.432979,-108.629280192704,-5.09845,"Smart Contract Platform, Layer 1 (L1), Ethereum Ecosystem, FTX Holdings, Multicoin Capital Portfolio, Proof of Stake (PoS), Alameda Research Portfolio, Andreessen Horowitz (a16z) Portfolio, GMCI Layer 1 Index, GMCI 30 Index, Delphi Ventures Portfolio, Galaxy Digital Portfolio, GMCI Index, World Liberty Financial Portfolio, Coinbase 50 Index"
2026-02-06 00:00:00,1820.5693215574129,222173472032.49194,56436780638.71162,ethereum,eth,Ethereum,2,120692588.7575344,120692588.7575344,,4946.05,0.432979,-108.629280192704,-5.09845,"Smart Contract Platform, Layer 1 (L1), Ethereum Ecosystem, FTX Holdings, Multicoin Capital Portfolio, Proof of Stake (PoS), Alameda Research Portfolio, Andreessen Horowitz (a16z) Portfolio, GMCI Layer 1 Index, GMCI 30 Index, Delphi Ventures Portfolio, Galaxy Digital Portfolio, GMCI Index, World Liberty Financial Portfolio, Coinbase 50 Index"
2026-02-07 00:00:00,2060.7349645674162,248748810142.69376,65078857952.97811,ethereum,eth,Ethereum,2,120692588.7575344,120692588.7575344,,4946.05,0.432979,-108.629280192704,-5.09845,"Smart Contract Platform, Layer 1 (L1), Ethereum Ecosystem, FTX Holdings, Multicoin Capital Portfolio, Proof of Stake (PoS), Alameda Research Portfolio, Andreessen Horowitz (a16z) Portfolio, GMCI Layer 1 Index, GMCI 30 Index, Delphi Ventures Portfolio, Galaxy Digital Portfolio, GMCI Index, World Liberty Financial Portfolio, Coinbase 50 Index"
2026-02-08 00:00:00,2091.040353689534,252512585445.0919,40809475718.479546,ethereum,eth,Ethereum,2,120692588.7575344,120692588.7575344,,4946.05,0.432979,-108.629280192704,-5.09845,"Smart Contract Platform, Layer 1 (L1), Ethereum Ecosystem, FTX Holdings, Multicoin Capital Portfolio, Proof of Stake (PoS), Alameda Research Portfolio, Andreessen Horowitz (a16z) Portfolio, GMCI Layer 1 Index, GMCI 30 Index, Delphi Ventures Portfolio, Galaxy Digital Portfolio, GMCI Index, World Liberty Financial Portfolio, Coinbase 50 Index"
2026-02-09 00:00:00,2095.1305644770564,253245483591.40662,19286038988.323254,ethereum,eth,Ethereum,2,120692588.7575344,120692588.7575344,,4946.05,0.432979,-108.629280192704,-5.09845,"Smart Contract Platform, Layer 1 (L1), Ethereum Ecosystem, FTX Holdings, Multicoin Capital Portfolio, Proof of Stake (PoS), Alameda Research Portfolio, Andreessen Horowitz (a16z) Portfolio, GMCI Layer 1 Index, GMCI 30 Index, Delphi Ventures Portfolio, Galaxy Digital Portfolio, GMCI Index, World Liberty Financial Portfolio, Coinbase 50 Index"
2026-02-10 00:00:00,2104.4577921908335,253911548161.0788,25731465365.115547,ethereum,eth,Ethereum,2,120692588.7575344,120692588.7575344,,4946.05,0.432979,-108.629280192704,-5.09845,"Smart Contract Platform, Layer 1 (L1), Ethereum Ecosystem, FTX Holdings, Multicoin Capital Portfolio, Proof of Stake (PoS), Alameda Research Portfolio, Andreessen Horowitz (a16z) Portfolio, GMCI Layer 1 Index, GMCI 30 Index, Delphi Ventures Portfolio, Galaxy Digital Portfolio, GMCI Index, World Liberty Financial Portfolio, Coinbase 50 Index"
2026-02-10 19:39:13,2021.866694169795,243899019418.99063,24345084164.86316,ethereum,eth,Ethereum,2,120692588.7575344,120692588.7575344,,4946.05,0.432979,-108.629280192704,-5.09845,"Smart Contract Platform, Layer 1 (L1), Ethereum Ecosystem, FTX Holdings, Multicoin Capital Portfolio, Proof of Stake (PoS), Alameda Research Portfolio, Andreessen Horowitz (a16z) Portfolio, GMCI Layer 1 Index, GMCI 30 Index, Delphi Ventures Portfolio, Galaxy Digital Portfolio, GMCI Index, World Liberty Financial Portfolio, Coinbase 50 Index"
